[
    {
        "ID":"S1063",
        "Name":"Brute Ratel C4",
        "Description":"Brute Ratel C4can decode Kerberos 5 tickets and convert it to hashcat format for subsequent cracking.[8]"
    },
    {
        "ID":"S0363",
        "Name":"Empire",
        "Description":"EmpireusesPowerSploit'sInvoke-Kerberoastto request service tickets and return crackable ticket hashes.[9]"
    },
    {
        "ID":"G0046",
        "Name":"FIN7",
        "Description":"FIN7has used Kerberoasting PowerShell commands such as,Invoke-Kerberoastfor credential access and to enable lateral movement.[10][11]"
    },
    {
        "ID":"S0357",
        "Name":"Impacket",
        "Description":"Impacketmodules like GetUserSPNs can be used to get Service Principal Names (SPNs) for user accounts. The output is formatted to be compatible with cracking tools like John the Ripper and Hashcat.[12]"
    },
    {
        "ID":"C0014",
        "Name":"Operation Wocao",
        "Description":"DuringOperation Wocao, threat actors usedPowerSploit'sInvoke-Kerberoastmodule to request encrypted service tickets and bruteforce the passwords of Windows service accounts offline.[13]"
    },
    {
        "ID":"S0194",
        "Name":"PowerSploit",
        "Description":"PowerSploit'sInvoke-Kerberoastmodule can request service tickets and return crackable ticket hashes.[14][7]"
    },
    {
        "ID":"S1071",
        "Name":"Rubeus",
        "Description":"Rubeuscan use theKerberosRequestorSecurityToken.GetRequestmethod to request kerberoastable service tickets.[15]"
    },
    {
        "ID":"S0692",
        "Name":"SILENTTRINITY",
        "Description":"SILENTTRINITYcontains a module to conduct Kerberoasting.[16]"
    },
    {
        "ID":"C0024",
        "Name":"SolarWinds Compromise",
        "Description":"During theSolarWinds Compromise,APT29obtained Ticket Granting Service (TGS) tickets for Active Directory Service Principle Names to crack offline.[17]"
    },
    {
        "ID":"G0102",
        "Name":"Wizard Spider",
        "Description":"Wizard Spiderhas used Rubeus, MimiKatz Kerberos module, and the Invoke-Kerberoast cmdlet to steal AES hashes.[18][19][20][21][22]"
    }
]