[
    {
        "ID":"S0504",
        "Name":"Anchor",
        "Description":"Anchorcan terminate itself if specific execution flags are not present.[3]"
    },
    {
        "ID":"S0570",
        "Name":"BitPaymer",
        "Description":"BitPaymercompares file names and paths to a list of excluded names and directory names during encryption.[4]"
    },
    {
        "ID":"S0635",
        "Name":"BoomBox",
        "Description":"BoomBoxcan check its current working directory and for the presence of a specific file and terminate if specific values are not found.[5]"
    },
    {
        "ID":"S1111",
        "Name":"DarkGate",
        "Description":"DarkGateuses per-victim links for hosting malicious archives, such as ZIP files, in services such as SharePoint to prevent other entities from retrieving them.[6]"
    },
    {
        "ID":"S1052",
        "Name":"DEADEYE",
        "Description":"DEADEYEcan ensure it executes only on intended systems by identifying the victim's volume serial number, hostname, and\/or DNS domain.[7]"
    },
    {
        "ID":"S0634",
        "Name":"EnvyScout",
        "Description":"EnvyScoutcan callwindow.location.pathnameto ensure that embedded files are being executed from the C: drive, and will terminate if they are not.[5]"
    },
    {
        "ID":"S0637",
        "Name":"NativeZone",
        "Description":"NativeZonecan check for the presence of KM.EkeyAlmaz1C.dll and will halt execution unless it is in the same directory as the rest of the malware's components.[5][8]"
    },
    {
        "ID":"S1035",
        "Name":"Small Sieve",
        "Description":"Small Sievecan only execute correctly if the wordPlatypusis passed to it on the command line.[9]"
    },
    {
        "ID":"S0603",
        "Name":"Stuxnet",
        "Description":"Stuxnetchecks for specific operating systems on 32-bit machines, Registry keys, and dates for vulnerabilities, and will exit execution if the values are not met.[10]"
    },
    {
        "ID":"S0562",
        "Name":"SUNSPOT",
        "Description":"SUNSPOTonly replaces SolarWinds Orion source code if the MD5 checksums of both the original source code file and backdoored replacement source code match hardcoded values.[11]"
    },
    {
        "ID":"S0678",
        "Name":"Torisma",
        "Description":"Torismais only delivered to a compromised host if the victim's IP address is on an allow-list.[12]"
    },
    {
        "ID":"S0636",
        "Name":"VaporRage",
        "Description":"VaporRagehas the ability to check for the presence of a specific DLL and terminate if it is not found.[5]"
    }
]