[
    {
        "ID":"DS0017",
        "Data Source":"Command",
        "Data Component":"Command Execution",
        "Detects":"Monitor executed commands and arguments for actions that could be taken to gather local email files. Remote access tools with built-in features may interact directly with the Windows API to gather information. Information may also be acquired through Windows system management tools such as Windows Management Instrumentation and PowerShell."
    },
    {
        "ID":"DS0022",
        "Data Source":"File",
        "Data Component":"File Access",
        "Detects":"Monitor for unusual processes accessing local email files that may target user email on local systems to collect sensitive information."
    }
]