[
    {
        "ID":"S0202",
        "Name":"adbupd",
        "Description":"adbupdcan use a WMI script to achieve persistence.[6]"
    },
    {
        "ID":"G0016",
        "Name":"APT29",
        "Description":"APT29has used WMI event subscriptions for persistence.[7]"
    },
    {
        "ID":"G0064",
        "Name":"APT33",
        "Description":"APT33has attempted to use WMI event subscriptions to establish persistence on compromised hosts.[8]"
    },
    {
        "ID":"S1081",
        "Name":"BADHATCH",
        "Description":"BADHATCHcan use WMI event subscriptions for persistence.[9]"
    },
    {
        "ID":"G0108",
        "Name":"Blue Mockingbird",
        "Description":"Blue Mockingbirdhas used mofcomp.exe to establish WMI Event Subscription persistence mechanisms configured from a *.mof file.[10]"
    },
    {
        "ID":"G0061",
        "Name":"FIN8",
        "Description":"FIN8has used WMI event subscriptions for persistence.[11]"
    },
    {
        "ID":"G1001",
        "Name":"HEXANE",
        "Description":"HEXANEhas used WMI event subscriptions for persistence.[12]"
    },
    {
        "ID":"S0376",
        "Name":"HOPLIGHT",
        "Description":"HOPLIGHTcan use WMI event subscriptions to create persistence.[13]"
    },
    {
        "ID":"S1020",
        "Name":"Kevin",
        "Description":"Kevincan compile randomly-generated MOF files into the WMI repository to persistently run malware.[12]"
    },
    {
        "ID":"G0065",
        "Name":"Leviathan",
        "Description":"Leviathanhas used WMI for persistence.[14]"
    },
    {
        "ID":"G1013",
        "Name":"Metador",
        "Description":"Metadorhas established persistence through the use of a WMI event subscription combined with unusual living-off-the-land binaries such ascdb.exe.[15]"
    },
    {
        "ID":"S1059",
        "Name":"metaMain",
        "Description":"metaMainregistered a WMI event subscription consumer called \"hard_disk_stat\" to establish persistence.[15]"
    },
    {
        "ID":"G0129",
        "Name":"Mustang Panda",
        "Description":"Mustang Panda's custom ORat tool uses a WMI event consumer to maintain persistence.[16]"
    },
    {
        "ID":"C0023",
        "Name":"Operation Ghost",
        "Description":"DuringOperation Ghost,APT29used WMI event subscriptions to establish persistence for malware.[17]"
    },
    {
        "ID":"S0378",
        "Name":"PoshC2",
        "Description":"PoshC2has the ability to persist on a system using WMI events.[18]"
    },
    {
        "ID":"S0150",
        "Name":"POSHSPY",
        "Description":"POSHSPYuses a WMI event subscription to establish persistence.[19]"
    },
    {
        "ID":"S0371",
        "Name":"POWERTON",
        "Description":"POWERTONcan use WMI for persistence.[20]"
    },
    {
        "ID":"G0075",
        "Name":"Rancor",
        "Description":"Rancorhas complied VBScript-generated MOF files into WMI event subscriptions for persistence.[21]"
    },
    {
        "ID":"S0511",
        "Name":"RegDuke",
        "Description":"RegDukecan persist using a WMI consumer that is launched every time a process named WINWORD.EXE is started.[17]"
    },
    {
        "ID":"S1085",
        "Name":"Sardonic",
        "Description":"Sardoniccan use a WMI event filter to invoke a command-line event consumer to gain persistence.[22]"
    },
    {
        "ID":"S0053",
        "Name":"SeaDuke",
        "Description":"SeaDukeuses an event filter in WMI code to execute a previously dropped executable shortly after system startup.[3]"
    },
    {
        "ID":"S0692",
        "Name":"SILENTTRINITY",
        "Description":"SILENTTRINITYcan create a WMI Event to execute a payload for persistence.[23]"
    },
    {
        "ID":"C0024",
        "Name":"SolarWinds Compromise",
        "Description":"During theSolarWinds Compromise,APT29used a WMI event filter to invoke a command-line event consumer at system boot time to launch a backdoor withrundll32.exe.[24][25]"
    },
    {
        "ID":"S0682",
        "Name":"TrailBlazer",
        "Description":"TrailBlazerhas the ability to use WMI for persistence.[26]"
    },
    {
        "ID":"G0010",
        "Name":"Turla",
        "Description":"Turlahas used WMI event filters and consumers to establish persistence.[27]"
    }
]