[
    {
        "ID":"M1038",
        "Mitigation":"Execution Prevention",
        "Description":"Adversaries can replace accessibility features binaries with alternate binaries to execute this technique. Identify and block potentially malicious software executed through accessibility features functionality by using application control[13]tools, like Windows Defender Application Control[14], AppLocker,[15][16]or Software Restriction Policies[17]where appropriate.[18]"
    },
    {
        "ID":"M1035",
        "Mitigation":"Limit Access to Resource Over Network",
        "Description":"If possible, use a Remote Desktop Gateway to manage connections and security configuration of RDP within a network.[19]"
    },
    {
        "ID":"M1028",
        "Mitigation":"Operating System Configuration",
        "Description":"To use this technique remotely, an adversary must use it in conjunction with RDP. Ensure that Network Level Authentication is enabled to force the remote desktop session to authenticate before the session is created and the login screen displayed. It is enabled by default on Windows Vista and later.[20]"
    }
]