[
    {
        "ID":"DS0029",
        "Data Source":"Network Traffic",
        "Data Component":"Network Traffic Content",
        "Detects":"Monitor and analyze network traffic for exfiltration attempts using text storage sites, i.e. POST requests to text storage sites."
    },
    {
        "ID":"",
        "Data Source":"",
        "Data Component":"Network Traffic Flow",
        "Detects":"Monitor network data for uncommon data flows, specifically to text storage sites such asPastebin[.]com,Paste[.]ee, andPastebin[.]pl."
    }
]