[
    {
        "ID":"G0138",
        "Name":"Andariel",
        "Description":"Andarielhas inserted a malicious script within compromised websites to collect potential victim information such as browser type, system language, Flash Player version, and other data.[2]"
    },
    {
        "ID":"G0059",
        "Name":"Magic Hound",
        "Description":"Magic Houndhas captured the user-agent strings from visitors to their phishing sites.[3]"
    },
    {
        "ID":"G0034",
        "Name":"Sandworm Team",
        "Description":"Sandworm Teamhas researched software code to enable supply-chain operations, most notably for the 2017NotPetyaattack.Sandworm Teamalso collected a list of computers using specific software as part of its targeting efforts.[4]"
    }
]