[
    {
        "ID":"S1111",
        "Name":"DarkGate",
        "Description":"DarkGatewill retrieved encrypted commands from its command and control server for follow-on actions such as cryptocurrency mining.[2]"
    },
    {
        "ID":"S0381",
        "Name":"FlawedAmmyy",
        "Description":"FlawedAmmyymay obfuscate portions of the initial C2 handshake.[3]"
    },
    {
        "ID":"S1120",
        "Name":"FRAMESTING",
        "Description":"FRAMESTINGcan send and receive zlib compressed data withinPOSTrequests.[4]"
    },
    {
        "ID":"S1044",
        "Name":"FunnyDream",
        "Description":"FunnyDreamcan send compressed and obfuscated packets to C2.[1]"
    },
    {
        "ID":"S1100",
        "Name":"Ninja",
        "Description":"Ninjahas the ability to modify headers and URL paths to hide malicious traffic in HTTP requests.[5]"
    },
    {
        "ID":"C0014",
        "Name":"Operation Wocao",
        "Description":"DuringOperation Wocao, threat actors encrypted IP addresses used for \"Agent\" proxy hops with RC4.[6]"
    },
    {
        "ID":"S0495",
        "Name":"RDAT",
        "Description":"RDAThas used encoded data within subdomains as AES ciphertext to communicate from the host to the C2.[7]"
    },
    {
        "ID":"S0610",
        "Name":"SideTwist",
        "Description":"SideTwistcan embed C2 responses in the source code of a fake Flickr webpage.[8]"
    },
    {
        "ID":"S0533",
        "Name":"SLOTHFULMEDIA",
        "Description":"SLOTHFULMEDIAhas hashed a string containing system information prior to exfiltration via POST requests.[9]"
    },
    {
        "ID":"S0682",
        "Name":"TrailBlazer",
        "Description":"TrailBlazercan masquerade its C2 traffic as legitimate Google Notifications HTTP requests.[10]"
    }
]