[
    {
        "ID":"DS0010",
        "Data Source":"Cloud Storage",
        "Data Component":"Cloud Storage Deletion",
        "Detects":"Monitor for unexpected deletion of a cloud storage infrastructure, such as theDeleteDBClusterandDeleteGlobalClusterevents in AWS, or a high quantity of data deletion events, such asDeleteBucket. Many of these events within a short period of time may indicate malicious activity."
    },
    {
        "ID":"DS0017",
        "Data Source":"Command",
        "Data Component":"Command Execution",
        "Detects":"Monitor executed commands and arguments for binaries that could be involved in data destruction activity, such as SDelete."
    },
    {
        "ID":"DS0022",
        "Data Source":"File",
        "Data Component":"File Deletion",
        "Detects":"Monitor for unexpected deletion to a file (ex: Sysmon EID 23)"
    },
    {
        "ID":"",
        "Data Source":"",
        "Data Component":"File Modification",
        "Detects":"Monitor for changes made to a large quantity of files for unexpected modifications in user directories and under C:\\Windows\\System32."
    },
    {
        "ID":"DS0007",
        "Data Source":"Image",
        "Data Component":"Image Deletion",
        "Detects":"Monitor for unexpected deletion of a virtual machine image (ex: Azure Compute Service Images DELETE)"
    },
    {
        "ID":"DS0030",
        "Data Source":"Instance",
        "Data Component":"Instance Deletion",
        "Detects":"Monitor for unexpected deletion of an instance (ex: instance.delete within GCP Audit Logs)"
    },
    {
        "ID":"DS0009",
        "Data Source":"Process",
        "Data Component":"Process Creation",
        "Detects":"Monitor for newly executed processes of binaries that could be involved in data destruction activity, such as SDelete."
    },
    {
        "ID":"DS0020",
        "Data Source":"Snapshot",
        "Data Component":"Snapshot Deletion",
        "Detects":"Monitor for unexpected deletion of a snapshot (ex: AWS delete-snapshot)"
    },
    {
        "ID":"DS0034",
        "Data Source":"Volume",
        "Data Component":"Volume Deletion",
        "Detects":"Monitor for unexpected deletion of a cloud volume (ex: AWS delete-volume)"
    }
]