[
    {
        "ID":"DS0017",
        "Data Source":"Command",
        "Data Component":"Command Execution",
        "Detects":"Monitor executed commands and arguments for actions that could be taken to collect files from a system's connected removable media. For example, data may be acquired through Windows system management tools such as Windows Management Instrumentation and PowerShell."
    },
    {
        "ID":"DS0022",
        "Data Source":"File",
        "Data Component":"File Access",
        "Detects":"Monitor for unexpected\/abnormal file accesses to removable media (optical disk drive, USB memory, etc.) connected to the compromised system."
    }
]