[
    {
        "ID":"DS0017",
        "Data Source":"Command",
        "Data Component":"Command Execution",
        "Detects":"Monitor executed commands and arguments that may gather information about the victim's business relationships that can be used during targeting. Detecting the use of guardrails may be difficult depending on the implementation."
    },
    {
        "ID":"DS0009",
        "Data Source":"Process",
        "Data Component":"Process Creation",
        "Detects":"Monitoring for suspicious processes being spawned that gather a variety of system information or perform other forms ofDiscovery, especially in a short period of time, may aid in detection. Detecting the use of guardrails may be difficult depending on the implementation."
    }
]