[
    {
        "ID":"DS0017",
        "Data Source":"Command",
        "Data Component":"Command Execution",
        "Detects":"Monitor for suspicious uses of the docker or podman command, such as attempts to mount the root filesystem of the host."
    },
    {
        "ID":"DS0032",
        "Data Source":"Container",
        "Data Component":"Container Creation",
        "Detects":"Monitor for newly constructed containers that repeatedly execute malicious payloads as part of persistence or privilege escalation."
    }
]