[
    {
        "ID":"DS0017",
        "Data Source":"Command",
        "Data Component":"Command Execution",
        "Detects":"Monitor executed commands and arguments that may invoke a WinRM script to correlate it with other related events.[14]"
    },
    {
        "ID":"DS0028",
        "Data Source":"Logon Session",
        "Data Component":"Logon Session Creation",
        "Detects":"Monitor for user accounts logging into the system viaValid Accountsto interact with remote systems using Windows Remote Management (WinRM). The adversary may then perform actions as the logged-on user."
    },
    {
        "ID":"DS0029",
        "Data Source":"Network Traffic",
        "Data Component":"Network Connection Creation",
        "Detects":"Monitor for newly constructed network connections using Windows Remote Management (WinRM), such as remote WMI connection attempts (typically over port 5985 when using HTTP and 5986 for HTTPS)."
    },
    {
        "ID":"",
        "Data Source":"",
        "Data Component":"Network Traffic Flow",
        "Detects":"Monitor network data for uncommon data flows. Processes utilizing the network that do not normally have network communication or have never been seen before are suspicious. Network Analysis frameworks such as Zeek can be used to capture, decode, and alert on RPC network flows.When a Windows Remote Management connection is opened, the client sends HTTP requests to port 5985 for HTTP or 5986 for HTTPS on the target host. Each HTTP(S) request to the URI \"\/wsman\" is called, and other information is set in the headers. Depending on the operation, the HTTP method may vary (i.e., GET, POST, etc.). This analytic would detect Remote PowerShell, as well as other communications that rely on WinRM. Additionally, it outputs the executable on the client host, the connection information, and the hostname of the target host. Look for network connections to port 5985 and 5986. To really decipher what is going on, these outputs should be fed into something that can do packet analysis.Note: Traffic to the RPC Endpoint Mapper will always have the destination port of 135. Assuming success, RPC traffic will continue to the endpoint. The endpoint and the client both bind to dynamically assigned ports (on Windows, this is typically greater than 49152). The traffic between the client and endpoint can be detected by looking at traffic to 135 followed by traffic where the source and destination ports are at least 49152."
    },
    {
        "ID":"DS0009",
        "Data Source":"Process",
        "Data Component":"Process Creation",
        "Detects":"Monitor for newly executed processes that may useValid Accountsto interact with remote systems using Windows Remote Management (WinRM), as well as service processes such aswmiprvse.exeon destination hosts."
    },
    {
        "ID":"DS0019",
        "Data Source":"Service",
        "Data Component":"Service Metadata",
        "Detects":"Monitor use of WinRM within an environment by tracking service execution. If it is not normally used or is disabled, then this may be an indicator of suspicious behavior."
    }
]