[
    {
        "ID":"M1047",
        "Mitigation":"Audit",
        "Description":"Use auditing tools capable of detecting folder permissions abuse opportunities on systems, especially reviewing changes made to folders by third-party software."
    },
    {
        "ID":"M1018",
        "Mitigation":"User Account Management",
        "Description":"Limit privileges of user accounts and remediate Privilege Escalation vectors so only authorized administrators can create new Launch Daemons."
    }
]