[
    {
        "ID":"DS0027",
        "Data Source":"Driver",
        "Data Component":"Driver Load",
        "Detects":"Detecting software exploitation may be difficult depending on the tools available. Software exploits may not always succeed or may cause the exploited process to become unstable or crash. Also look for behavior on the endpoint system that might indicate successful compromise, such as abnormal behavior of the processes. This could include suspicious files written to disk, evidence ofProcess Injectionfor attempts to hide execution or evidence of Discovery. Consider monitoring for the presence or loading (ex: Sysmon Event ID 6) of known vulnerable drivers that adversaries may drop and exploit to execute code in kernel mode.[44]Higher privileges are often necessary to perform additional actions such as some methods ofOS Credential Dumping. Look for additional activity that may indicate an adversary has gained higher privileges."
    },
    {
        "ID":"DS0009",
        "Data Source":"Process",
        "Data Component":"Process Creation",
        "Detects":"Monitor for newly executed processes that may exploit software vulnerabilities in an attempt to elevate privileges. After gaining initial access to a system, threat actors attempt to escalate privileges as they may be operating within a lower privileged process which does not allow them to access protected information or carry out tasks which require higher permissions. A common way of escalating privileges in a system is by externally invoking and exploiting spoolsv or connhost executables, both of which are legitimate Windows applications. This query searches for an invocation of either of these executables by a user, thus alerting us of any potentially malicious activity.Note: Event IDs are for Sysmon (Event ID 1 - process create) and Windows Security Log (Event ID 4688 - a new process has been created). The Analytic is oriented around looking for an invocation of either spoolsv.exe or conhost.exe by a user, thus alerting us of any potentially malicious activity. A common way of escalating privileges in a system is by externally invoking and exploiting these executables, both of which are legitimate Windows applications.Analytic 1 - Unusual Child Process for spoolsv.exe or connhost.exe(source=\"WinEventLog:Microsoft-Windows-Sysmon\/Operational\" EventCode=\"1\") OR (source=\"WinEventLog:Security\" EventCode=\"4688\") (Image=\"C:\\Windows\\System32\\spoolsv.exe\" OR Image=\"C:\\Windows\\System32\\conhost.exe\") AND ParentImage= \"C:\\Windows\\System32\\cmd.exe\")"
    }
]