[
    {
        "ID":"M1027",
        "Mitigation":"Password Policies",
        "Description":"Refer to NIST guidelines when creating password policies for master passwords.[11]"
    },
    {
        "ID":"M1054",
        "Mitigation":"Software Configuration",
        "Description":"Consider re-locking password managers after a short timeout to limit the time plaintext credentials live in memory from decrypted databases."
    },
    {
        "ID":"M1051",
        "Mitigation":"Update Software",
        "Description":"Update password managers regularly by employing patch management for internal enterprise endpoints and servers."
    }
]