[
    {
        "ID":"DS0029",
        "Data Source":"Network Traffic",
        "Data Component":"Network Connection Creation",
        "Detects":"Monitor for newly constructed network connections that are sent or received by untrusted hosts or uncommon data flows. Consider analyzing packet contents to detect application layer protocols, leveraging SSL\/TLS inspection for encrypted traffic, that do not follow the expected protocol standards and traffic flows(e.g. snmp traffic originating from unauthorized or untrusted hosts, signature detection for strings mapped to device configuration(s), and anomolies in snmp request(s))"
    },
    {
        "ID":"",
        "Data Source":"",
        "Data Component":"Network Traffic Content",
        "Detects":"Monitor and analyze traffic patterns and packet inspection associated to protocol(s) that do not follow the expected protocol standards and traffic flow (e.g. snmp traffic originating from unauthorized or untrusted hosts, signature detection for strings mapped to device configuration(s), and anomolies in snmp request(s))"
    }
]