[
    {
        "ID":"C0034",
        "Name":"2022 Ukraine Electric Power Attack",
        "Description":"During the2022 Ukraine Electric Power Attack,Sandworm TeamdeployedCaddyWiperon the victim’s IT environment systems to wipe files related to the OT capabilities, along with mapped drives, and physical drive partitions.[9]"
    },
    {
        "ID":"S1125",
        "Name":"AcidRain",
        "Description":"AcidRainperforms an in-depth wipe of the target filesystem and various attached storage devices through either a data overwrite or calling various IOCTLS to erase it.[10]"
    },
    {
        "ID":"G0082",
        "Name":"APT38",
        "Description":"APT38has used a custom secure delete function to make deleted files unrecoverable.[11]"
    },
    {
        "ID":"S0089",
        "Name":"BlackEnergy",
        "Description":"BlackEnergy2 contains a \"Destroy\" plug-in that destroys data stored on victim hard drives by overwriting file contents.[12][13]"
    },
    {
        "ID":"S0693",
        "Name":"CaddyWiper",
        "Description":"CaddyWipercan work alphabetically through drives on a compromised system to take ownership of and overwrite all files.[14][15]"
    },
    {
        "ID":"S0659",
        "Name":"Diavol",
        "Description":"Diavolcan delete specified files from a targeted system.[16]"
    },
    {
        "ID":"G0047",
        "Name":"Gamaredon Group",
        "Description":"Gamaredon Grouphas used tools to delete files and folders from victims' desktops and profiles.[17]"
    },
    {
        "ID":"S0697",
        "Name":"HermeticWiper",
        "Description":"HermeticWipercan recursively wipe folders and files inWindows,Program Files,Program Files(x86),PerfLogs,Boot, System,Volume Information, andAppDatafolders usingFSCTL_MOVE_FILE.HermeticWipercan also overwrite symbolic links and big files inMy Documentsand on the Desktop with random bytes.[18]"
    },
    {
        "ID":"S0604",
        "Name":"Industroyer",
        "Description":"Industroyer’s data wiper module clears registry keys and overwrites both ICS configuration and Windows files.[19]"
    },
    {
        "ID":"S0265",
        "Name":"Kazuar",
        "Description":"Kazuarcan overwrite files with random data before deleting them.[20]"
    },
    {
        "ID":"S0607",
        "Name":"KillDisk",
        "Description":"KillDiskdeletes system files to make the OS unbootable.KillDiskalso targets and deletes files with 35 different file extensions.[21]"
    },
    {
        "ID":"G1004",
        "Name":"LAPSUS$",
        "Description":"LAPSUS$has deleted the target's systems and resources both on-premises and in the cloud.[22][23]"
    },
    {
        "ID":"G0032",
        "Name":"Lazarus Group",
        "Description":"Lazarus Grouphas used a custom secure delete function to overwrite file contents with data from heap memory.[24]"
    },
    {
        "ID":"S0688",
        "Name":"Meteor",
        "Description":"Meteorcan fill a victim's files and directories with zero-bytes in replacement of real content before deleting them.[25]"
    },
    {
        "ID":"S0365",
        "Name":"Olympic Destroyer",
        "Description":"Olympic Destroyeroverwrites files locally and on remote shares.[6][26]"
    },
    {
        "ID":"S0139",
        "Name":"PowerDuke",
        "Description":"PowerDukehas a command to write random data across a file and delete it.[27]"
    },
    {
        "ID":"S0238",
        "Name":"Proxysvc",
        "Description":"Proxysvccan overwrite files indicated by the attacker before deleting them.[28]"
    },
    {
        "ID":"S0364",
        "Name":"RawDisk",
        "Description":"RawDiskwas used inShamoonto write to protected system locations such as the MBR and disk partitions in an effort to destroy data.[3][5]"
    },
    {
        "ID":"S0496",
        "Name":"REvil",
        "Description":"REvilhas the capability to destroy files and folders.[29][30][31][31][32][33][34]"
    },
    {
        "ID":"G0034",
        "Name":"Sandworm Team",
        "Description":"Sandworm Teamhas used theBlackEnergyKillDisk component to overwrite files on Windows-based Human-Machine Interfaces.[35][36]"
    },
    {
        "ID":"S0195",
        "Name":"SDelete",
        "Description":"SDeletedeletes data in a way that makes it unrecoverable.[37]"
    },
    {
        "ID":"S0140",
        "Name":"Shamoon",
        "Description":"Shamoonattempts to overwrite operating system files and disk structures with image files.[1][2][3]In a later variant, randomly generated data was used for data overwrites.[5][38]"
    },
    {
        "ID":"S0380",
        "Name":"StoneDrill",
        "Description":"StoneDrillhas a disk wiper module that targets files other than those in the Windows directory.[4]"
    },
    {
        "ID":"S0689",
        "Name":"WhisperGate",
        "Description":"WhisperGatecan corrupt files by overwriting the first 1 MB with0xccand appending random extensions.[39][40][41][42][43][44]"
    },
    {
        "ID":"S0341",
        "Name":"Xbash",
        "Description":"Xbashhas destroyed Linux-based databases as part of its ransomware capabilities.[45]"
    }
]