[
    {
        "ID":"G0007",
        "Name":"APT28",
        "Description":"APT28has collected files from various information repositories.[1]"
    },
    {
        "ID":"G0037",
        "Name":"FIN6",
        "Description":"FIN6has collected schemas and user accounts from systems running SQL Server.[2]"
    },
    {
        "ID":"G0117",
        "Name":"Fox Kitten",
        "Description":"Fox Kittenhas accessed victim security and IT environments and Microsoft Teams to mine valuable information.[3]"
    },
    {
        "ID":"G1004",
        "Name":"LAPSUS$",
        "Description":"LAPSUS$has searched a victim's network for organization collaboration channels like MS Teams or Slack to discover further high-privilege account credentials.[4]"
    },
    {
        "ID":"S0598",
        "Name":"P.A.S. Webshell",
        "Description":"P.A.S. Webshellhas the ability to list and extract data from SQL databases.[5]"
    },
    {
        "ID":"G0034",
        "Name":"Sandworm Team",
        "Description":"Sandworm Teamexfiltrates data of interest from enterprise databases using Adminer.[6]"
    },
    {
        "ID":"C0024",
        "Name":"SolarWinds Compromise",
        "Description":"During theSolarWinds Compromise,APT29accessed victims' internal knowledge repositories (wikis) to view sensitive corporate information on products, services, and internal business operations.[7]"
    },
    {
        "ID":"G0010",
        "Name":"Turla",
        "Description":"Turlahas used a custom .NET tool to collect documents from an organization's internal central database.[8]"
    }
]