[
    {
        "ID":"M1047",
        "Mitigation":"Audit",
        "Description":"Enterprise email solutions have monitoring mechanisms that may include the ability to audit auto-forwarding rules on a regular basis.In an Exchange environment, Administrators can useGet-InboxRule\/Remove-InboxRuleandGet-TransportRule\/Remove-TransportRuleto discover and remove potentially malicious auto-fowarding and transport rules.[3][9][10]In addition to this, a MAPI Editor can be utilized to examine the underlying database structure and discover any modifications\/tampering of the properties of auto-forwarding rules.[2]"
    },
    {
        "ID":"M1042",
        "Mitigation":"Disable or Remove Feature or Program",
        "Description":"Consider disabling external email forwarding.[11]"
    },
    {
        "ID":"M1041",
        "Mitigation":"Encrypt Sensitive Information",
        "Description":"Use of encryption provides an added layer of security to sensitive information sent over email. Encryption using public key cryptography requires the adversary to obtain the private certificate along with an encryption key to decrypt messages."
    }
]