[
    {
        "ID":"DS0017",
        "Data Source":"Command",
        "Data Component":"Command Execution",
        "Detects":"Suspicious systemd services can also be identified by comparing results against a trusted system baseline. Malicious systemd services may be detected by using the systemctl utility to examine system wide services:systemctl list-units -–type=service –all. Auditing the execution and command-line arguments of the 'systemctl' utility, as well related utilities such as\/usr\/sbin\/servicemay reveal malicious systemd service execution."
    },
    {
        "ID":"DS0022",
        "Data Source":"File",
        "Data Component":"File Creation",
        "Detects":"Systemd service unit files may be detected by auditing file creation and modification events within the\/etc\/systemd\/system,\/usr\/lib\/systemd\/system\/, and\/home\/\/.config\/systemd\/user\/directories, as well as associated symbolic links"
    },
    {
        "ID":"",
        "Data Source":"",
        "Data Component":"File Modification",
        "Detects":"Systemd service unit files may be detected by auditing file creation and modification events within the\/etc\/systemd\/system,\/usr\/lib\/systemd\/system\/, and\/home\/\/.config\/systemd\/user\/directories, as well as associated symbolic links"
    },
    {
        "ID":"DS0009",
        "Data Source":"Process",
        "Data Component":"Process Creation",
        "Detects":"Suspicious processes or scripts spawned in this manner will have a parent process of ‘systemd’, a parent process ID of 1, and will usually execute as the ‘root’ user."
    },
    {
        "ID":"DS0019",
        "Data Source":"Service",
        "Data Component":"Service Creation",
        "Detects":"Monitor for new constructed systemd services to repeatedly execute malicious payloads as part of persistence."
    },
    {
        "ID":"",
        "Data Source":"",
        "Data Component":"Service Modification",
        "Detects":"Analyze the contents of.servicefiles present on the file system and ensure that they refer to legitimate, expected executables."
    }
]