[
    {
        "ID":"M1047",
        "Mitigation":"Audit",
        "Description":"Use auditing tools capable of detecting privilege and service abuse opportunities on systems within an enterprise and correct them."
    },
    {
        "ID":"M1040",
        "Mitigation":"Behavior Prevention on Endpoint",
        "Description":"On Windows 10, enable Attack Surface Reduction (ASR) rules to prevent an application from writing a signed vulnerable driver to the system.[6]On Windows 10 and 11, enable Microsoft Vulnerable Driver Blocklist to assist in hardening against third party-developed drivers.[7]"
    },
    {
        "ID":"M1045",
        "Mitigation":"Code Signing",
        "Description":"Enforce registration and execution of only legitimately signed service drivers where possible."
    },
    {
        "ID":"M1033",
        "Mitigation":"Limit Software Installation",
        "Description":"Restrict software installation to trusted repositories only and be cautious of orphaned software packages."
    },
    {
        "ID":"M1028",
        "Mitigation":"Operating System Configuration",
        "Description":"Ensure that Driver Signature Enforcement is enabled to restrict unsigned drivers from being installed."
    },
    {
        "ID":"M1026",
        "Mitigation":"Privileged Account Management",
        "Description":"Manage the creation, modification, use, and permissions associated to privileged accounts, including SYSTEM and root."
    },
    {
        "ID":"M1022",
        "Mitigation":"Restrict File and Directory Permissions",
        "Description":"Restrict read\/write access to system-level process files to only select privileged users who have a legitimate need to manage system services."
    },
    {
        "ID":"M1054",
        "Mitigation":"Software Configuration",
        "Description":"Where possible, consider enforcing the use of container services in rootless mode to limit the possibility of privilege escalation or malicious effects on the host running the container."
    },
    {
        "ID":"M1018",
        "Mitigation":"User Account Management",
        "Description":"Limit privileges of user accounts and groups so that only authorized administrators can interact with system-level process changes and service configurations."
    }
]