[
    {
        "ID":"T1588.001",
        "Name":"Malware"
    },
    {
        "ID":"T1588.002",
        "Name":"Tool"
    },
    {
        "ID":"T1588.003",
        "Name":"Code Signing Certificates"
    },
    {
        "ID":"T1588.004",
        "Name":"Digital Certificates"
    },
    {
        "ID":"T1588.005",
        "Name":"Exploits"
    },
    {
        "ID":"T1588.006",
        "Name":"Vulnerabilities"
    },
    {
        "ID":"T1588.007",
        "Name":"Artificial Intelligence"
    }
]