[
    {
        "ID":"G0016",
        "Name":"APT29",
        "Description":"APT29has used Dynamic DNS providers for their malware C2 infrastructure.[4]"
    },
    {
        "ID":"S1087",
        "Name":"AsyncRAT",
        "Description":"AsyncRATcan be configured to use dynamic DNS.[5]"
    },
    {
        "ID":"S0268",
        "Name":"Bisonal",
        "Description":"Bisonalhas used a dynamic DNS service for C2.[6]"
    },
    {
        "ID":"G1002",
        "Name":"BITTER",
        "Description":"BITTERhas used DDNS for C2 communications.[7]"
    },
    {
        "ID":"C0026",
        "Name":"C0026",
        "Description":"DuringC0026, the threat actors re-registered a ClouDNS dynamic DNS subdomain which was previously used byANDROMEDA.[8]"
    },
    {
        "ID":"G0047",
        "Name":"Gamaredon Group",
        "Description":"Gamaredon Grouphas incorporated dynamic DNS domains in its infrastructure.[9]"
    },
    {
        "ID":"S0666",
        "Name":"Gelsemium",
        "Description":"Gelsemiumcan use dynamic DNS domain names in C2.[10]"
    },
    {
        "ID":"S0449",
        "Name":"Maze",
        "Description":"Mazehas forged POST strings with a random choice from a list of possibilities including \"forum\", \"php\", \"view\", etc. while making connection with the C2, hindering detection efforts.[11]"
    },
    {
        "ID":"S0034",
        "Name":"NETEAGLE",
        "Description":"NETEAGLEcan use HTTP to download resources that contain an IP address and port number pair to connect to for C2.[12]"
    },
    {
        "ID":"C0002",
        "Name":"Night Dragon",
        "Description":"DuringNight Dragon, threat actors used dynamic DNS services for C2.[13]"
    },
    {
        "ID":"C0016",
        "Name":"Operation Dust Storm",
        "Description":"ForOperation Dust Storm, the threat actors used dynamic DNS domains from a variety of free providers, including No-IP, Oray, and 3322.[14]"
    },
    {
        "ID":"C0005",
        "Name":"Operation Spalax",
        "Description":"ForOperation Spalax, the threat actors used dynamic DNS services, including Duck DNS and DNS Exit, as part of their C2 infrastructure.[15]"
    },
    {
        "ID":"S0148",
        "Name":"RTM",
        "Description":"RTMhas resolvedPonyC2 server IP addresses by either converting Bitcoin blockchain transaction data to specific octets, or accessing IP addresses directly within the Namecoin blockchain.[16][17]"
    },
    {
        "ID":"C0024",
        "Name":"SolarWinds Compromise",
        "Description":"During theSolarWinds Compromise,APT29used dynamic DNS resolution to construct and resolve to randomly-generated subdomains for C2.[18]"
    },
    {
        "ID":"S0559",
        "Name":"SUNBURST",
        "Description":"SUNBURSTdynamically resolved C2 infrastructure for randomly-generated subdomains within a parent domain.[19]"
    },
    {
        "ID":"G1018",
        "Name":"TA2541",
        "Description":"TA2541has used dynamic DNS services for C2 infrastructure.[20]"
    },
    {
        "ID":"S0671",
        "Name":"Tomiris",
        "Description":"Tomirishas connected to a signalization server that provides a URL and port, and thenTomirissends a GET request to that URL to establish C2.[21]"
    },
    {
        "ID":"G0134",
        "Name":"Transparent Tribe",
        "Description":"Transparent Tribehas used dynamic DNS services to set up C2.[22]"
    }
]