[
    {
        "ID":"DS0028",
        "Data Source":"Logon Session",
        "Data Component":"Logon Session Creation",
        "Detects":"Monitor for user accounts logged into systems that may useValid Accountsto remotely control machines using Virtual Network Computing (VNC). For example, on macOS systemslog show --predicate 'process = \"screensharingd\" and eventMessage contains \"Authentication:\"'can be used to review incoming VNC connection attempts for suspicious activity.[23]"
    },
    {
        "ID":"DS0029",
        "Data Source":"Network Traffic",
        "Data Component":"Network Connection Creation",
        "Detects":"Monitor for newly constructed network connections that may useValid Accountsto remotely control machines using Virtual Network Computing (VNC). Use of VNC may be legitimate depending on the environment and how it’s used. Other factors, such as access patterns and activity that occurs after a remote login, may indicate suspicious or malicious behavior using VNC."
    },
    {
        "ID":"DS0009",
        "Data Source":"Process",
        "Data Component":"Process Creation",
        "Detects":"Monitor for newly executed processes that may useValid Accountsto remotely control machines using Virtual Network Computing (VNC). For example, on macOS systems thescreensharingdprocess may be related to VNC connection activity.[23]"
    }
]