[
    {
        "ID":"G0007",
        "Name":"APT28",
        "Description":"APT28has harvested user's login credentials.[10]"
    },
    {
        "ID":"G0096",
        "Name":"APT41",
        "Description":"To support initial access,APT41gained access to databases with information about existing accounts as well as plaintext and hashed passwords.[11]"
    },
    {
        "ID":"C0027",
        "Name":"C0027",
        "Description":"DuringC0027,Scattered Spidersent phishing messages via SMS to steal credentials.[12]"
    },
    {
        "ID":"G0114",
        "Name":"Chimera",
        "Description":"Chimerahas collected credentials for the target organization from previous breaches for use in brute force attacks.[13]"
    },
    {
        "ID":"G1004",
        "Name":"LAPSUS$",
        "Description":"LAPSUS$has gathered user identities and credentials to gain initial access to a victim's organization; the group has also called an organization's help desk to reset a target's credentials.[14][15]"
    },
    {
        "ID":"G0065",
        "Name":"Leviathan",
        "Description":"Leviathanhas collected compromised credentials to use for targeting efforts.[16]"
    },
    {
        "ID":"G0059",
        "Name":"Magic Hound",
        "Description":"Magic Houndgathered credentials from two victims that they then attempted to validate across 75 different websites.Magic Houndhas also collected credentials from over 900 Fortinet VPN servers in the US, Europe, and Israel.[17][18]"
    },
    {
        "ID":"C0024",
        "Name":"SolarWinds Compromise",
        "Description":"For theSolarWinds Compromise,APT29conducted credential theft operations to obtain credentials to be used for access to victim environments.[19]"
    }
]