[
    {
        "ID":"M1027",
        "Mitigation":"Password Policies",
        "Description":"The password for the user's login keychain can be changed from the user's login password. This increases the complexity for an adversary because they need to know an additional password.Organizations may consider weighing the risk of storing credentials in password stores and web browsers. If system, software, or web browser credential disclosure is a significant concern, technical controls, policy, and user training may be used to prevent storage of credentials in improper locations."
    },
    {
        "ID":"M1026",
        "Mitigation":"Privileged Account Management",
        "Description":"Limit the number of accounts and services with permission to query information from password stores to only those required. Ensure that accounts and services with permissions to query password stores only have access to the secrets they require."
    },
    {
        "ID":"M1051",
        "Mitigation":"Update Software",
        "Description":"Perform regular software updates to mitigate exploitation risk."
    }
]