[
    {
        "ID":"G0007",
        "Name":"APT28",
        "Description":"APT28has used several malicious applications that abused OAuth access tokens to gain access to target email accounts, including Gmail and Yahoo Mail.[9]"
    },
    {
        "ID":"S1023",
        "Name":"CreepyDrive",
        "Description":"CreepyDrivecan use legitimate OAuth refresh tokens to authenticate with OneDrive.[10]"
    },
    {
        "ID":"S0683",
        "Name":"Peirates",
        "Description":"Peiratescan use stolen service account tokens to perform its operations. It also enables adversaries to switch between valid service accounts.[11]"
    },
    {
        "ID":"C0024",
        "Name":"SolarWinds Compromise",
        "Description":"During theSolarWinds Compromise,APT29used compromised service principals to make changes to the Office 365 environment.[12]"
    }
]