[
    {
        "ID":"DS0026",
        "Data Source":"Active Directory",
        "Data Component":"Active Directory Credential Request",
        "Detects":"Monitor requests of new ticket granting ticket or service tickets to a Domain Controller. Event ID 4769 is generated on the Domain Controller when using a golden ticket after the KRBTGT password has been reset twice, as mentioned in the mitigation section. The status code 0x1F indicates the action has failed due to \"Integrity check on decrypted field failed\" and indicates misuse by a previously invalidated golden ticket.[16]"
    },
    {
        "ID":"DS0028",
        "Data Source":"Logon Session",
        "Data Component":"Logon Session Creation",
        "Detects":"Monitor for newly constructed logon behavior that may \"pass the ticket\" using stolen Kerberos tickets to move laterally within an environment, bypassing normal system access controls."
    },
    {
        "ID":"DS0002",
        "Data Source":"User Account",
        "Data Component":"User Account Authentication",
        "Detects":"Audit all Kerberos authentication and credential use events and review for discrepancies. Unusual remote authentication events that correlate with other suspicious activity (such as writing and executing binaries) may indicate malicious activity."
    }
]