[
    {
        "ID":"M1057",
        "Mitigation":"Data Loss Prevention",
        "Description":"Data loss prevention can detect and block sensitive data being copied to USB devices."
    },
    {
        "ID":"M1042",
        "Mitigation":"Disable or Remove Feature or Program",
        "Description":"Disable Autorun if it is unnecessary.[9]Disallow or restrict removable media at an organizational policy level if they are not required for business operations.[10]"
    },
    {
        "ID":"M1034",
        "Mitigation":"Limit Hardware Installation",
        "Description":"Limit the use of USB devices and removable media within a network."
    }
]