[
    {
        "ID":"DS0015",
        "Data Source":"Application Log",
        "Data Component":"Application Log Content",
        "Detects":"Detecting software exploitation may be difficult depending on the tools available. Software exploits may not always succeed or may cause the exploited process to become unstable or crash. Web Application Firewalls may detect improper inputs attempting exploitation."
    },
    {
        "ID":"DS0029",
        "Data Source":"Network Traffic",
        "Data Component":"Network Traffic Content",
        "Detects":"Use deep packet inspection to look for artifacts of common exploit traffic, such as SQL injection strings or known payloads. For example, monitor for successively chained functions that adversaries commonly abuse (i.e. gadget chaining) through unsafe deserialization to exploit publicly facing applications for initial access.[83]"
    }
]