[
    {
        "ID":"M1041",
        "Mitigation":"Encrypt Sensitive Information",
        "Description":"Use of encryption provides an added layer of security to sensitive information sent over email. Encryption using public key cryptography requires the adversary to obtain the private certificate along with an encryption key to decrypt messages."
    },
    {
        "ID":"M1032",
        "Mitigation":"Multi-factor Authentication",
        "Description":"Use of multi-factor authentication for public-facing webmail servers is a recommended best practice to minimize the usefulness of usernames and passwords to adversaries."
    }
]