[
    {
        "ID":"S0045",
        "Name":"ADVSTORESHELL",
        "Description":"Some variants ofADVSTORESHELLachieve persistence by registering the payload as a Shell Icon Overlay handler COM object.[3]"
    },
    {
        "ID":"G0007",
        "Name":"APT28",
        "Description":"APT28has used COM hijacking for persistence by replacing the legitimateMMDeviceEnumeratorobject with a payload.[4][5]"
    },
    {
        "ID":"S0127",
        "Name":"BBSRAT",
        "Description":"BBSRAThas been seen persisting via COM hijacking through replacement of the COM object for MruPidlList{42aedc87-2188-41fd-b9a3-0c966feabec1}or Microsoft WBEM New Event Subsystem{F3130CDB-AA52-4C3A-AB32-85FFC23AF9C1}depending on the system's CPU architecture.[6]"
    },
    {
        "ID":"S0126",
        "Name":"ComRAT",
        "Description":"ComRATsamples have been seen which hijack COM objects for persistence by replacing the path to shell32.dll in registry locationHKCU\\Software\\Classes\\CLSID{42aedc87-2188-41fd-b9a3-0c966feabec1}\\InprocServer32.[7]"
    },
    {
        "ID":"S0679",
        "Name":"Ferocious",
        "Description":"Ferociouscan use COM hijacking to establish persistence.[8]"
    },
    {
        "ID":"S0044",
        "Name":"JHUHUGIT",
        "Description":"JHUHUGIThas used COM hijacking to establish persistence by hijacking a class named MMDeviceEnumerator and also by registering the payload as a Shell Icon Overlay handler COM object ({3543619C-D563-43f7-95EA-4DA7E1CC396A}).[4][9]"
    },
    {
        "ID":"S0356",
        "Name":"KONNI",
        "Description":"KONNIhas modified ComSysApp service to load the malicious DLL payload.[10]"
    },
    {
        "ID":"S0256",
        "Name":"Mosquito",
        "Description":"Mosquitouses COM hijacking as a method of persistence.[11]"
    },
    {
        "ID":"S1050",
        "Name":"PcShare",
        "Description":"PcSharehas created theHKCU\\\\Software\\\\Classes\\\\CLSID\\\\{42aedc87-2188-41fd-b9a3-0c966feabec1}\\\\InprocServer32Registry key for persistence.[12]"
    },
    {
        "ID":"S0692",
        "Name":"SILENTTRINITY",
        "Description":"SILENTTRINITYcan add a CLSID key for payload execution throughRegistry.CurrentUser.CreateSubKey(\"Software\\\\Classes\\\\CLSID\\\\{\" + clsid + \"}\\\\InProcServer32\").[13]"
    },
    {
        "ID":"S1064",
        "Name":"SVCReady",
        "Description":"SVCReadyhas created theHKEY_CURRENT_USER\\Software\\Classes\\CLSID\\{E6D34FFC-AD32-4d6a-934C-D387FA873A19}Registry key for persistence.[14]"
    },
    {
        "ID":"S0670",
        "Name":"WarzoneRAT",
        "Description":"WarzoneRATcan perform COM hijacking by setting the path to itself to theHKCU\\Software\\Classes\\Folder\\shell\\open\\commandkey with aDelegateExecuteparameter.[15]"
    }
]