[
    {
        "ID":"DS0026",
        "Data Source":"Active Directory",
        "Data Component":"Active Directory Object Creation",
        "Detects":"Monitor for newly constructed active directory objects, such as Windows EID 5137."
    },
    {
        "ID":"",
        "Data Source":"",
        "Data Component":"Active Directory Object Deletion",
        "Detects":"Monitor for unexpected deletion of an active directory object, such as Windows EID 5141."
    },
    {
        "ID":"",
        "Data Source":"",
        "Data Component":"Active Directory Object Modification",
        "Detects":"Monitor for changes made to AD settings for unexpected modifications to user accounts, such as deletions or potentially malicious changes to user attributes (credentials, status, etc.)."
    },
    {
        "ID":"DS0015",
        "Data Source":"Application Log",
        "Data Component":"Application Log Content",
        "Detects":"Monitor changes to cloud-based directory services and identity tenants, especially regarding the addition of new federated identity providers. In Okta environments, the eventsystem.idp.lifecycle.createwill trigger on the creation of an identity provider, while sign-ins from a third-party identity provider will create the eventuser.authentication.auth_via_IDP.[9]"
    },
    {
        "ID":"DS0017",
        "Data Source":"Command",
        "Data Component":"Command Execution",
        "Detects":"Monitor executed commands and arguments for modifications to domain trust settings, such as when a user or application modifies the federation settings on the domain or updates domain authentication from Managed to Federated via ActionTypesSet federation settings on domainandSet domain authentication.[10][11]"
    }
]