[
    {
        "ID":"DS0015",
        "Data Source":"Application Log",
        "Data Component":"Application Log Content",
        "Detects":"Monitor for third-party application logging, messaging, and\/or other artifacts that may leverage code repositories to collect valuable information. Monitor access to code repositories, especially performed by privileged users such as Active Directory Domain or Enterprise Administrators as these types of accounts should generally not be used to access code repositories. In environments with high-maturity, it may be possible to leverage User-Behavioral Analytics (UBA) platforms to detect and alert on user-based anomalies."
    },
    {
        "ID":"DS0028",
        "Data Source":"Logon Session",
        "Data Component":"Logon Session Creation",
        "Detects":"Monitor for newly constructed logon behavior across code repositories (e.g. Github) which can be configured to report access to certain pages and documents."
    }
]