[
    {
        "ID":"S1020",
        "Name":"Kevin",
        "Description":"Kevincan create directories to store logs and other collected data.[3]"
    },
    {
        "ID":"S0641",
        "Name":"Kobalos",
        "Description":"Kobaloscan write captured SSH connection credentials to a file under the\/var\/rundirectory with a.pidextension for exfiltration.[4]"
    },
    {
        "ID":"S1076",
        "Name":"QUIETCANARY",
        "Description":"QUIETCANARYhas the ability to stage data prior to exfiltration.[5]"
    },
    {
        "ID":"G1015",
        "Name":"Scattered Spider",
        "Description":"Scattered Spiderstages data in a centralized database prior to exfiltration.[6]"
    },
    {
        "ID":"S1019",
        "Name":"Shark",
        "Description":"Sharkhas stored information in folders namedU1andU2prior to exfiltration.[7]"
    },
    {
        "ID":"G1017",
        "Name":"Volt Typhoon",
        "Description":"Volt Typhoonhas staged collected data in password-protected archives.[8]"
    },
    {
        "ID":"G0102",
        "Name":"Wizard Spider",
        "Description":"Wizard Spiderhas collected and staged credentials and network enumeration information, using  the networkdll and psfinTrickBotmodules.[9]"
    }
]