[
    {
        "ID":"M1048",
        "Mitigation":"Application Isolation and Sandboxing",
        "Description":"Application isolation will limit what other processes and system features the exploited target can access."
    },
    {
        "ID":"M1050",
        "Mitigation":"Exploit Protection",
        "Description":"Web Application Firewalls may be used to limit exposure of applications to prevent exploit traffic from reaching the application."
    },
    {
        "ID":"M1030",
        "Mitigation":"Network Segmentation",
        "Description":"Segment externally facing servers and services from the rest of the network with a DMZ or on separate hosting infrastructure."
    },
    {
        "ID":"M1026",
        "Mitigation":"Privileged Account Management",
        "Description":"Use least privilege for service accounts will limit what permissions the exploited process gets on the rest of the system."
    },
    {
        "ID":"M1051",
        "Mitigation":"Update Software",
        "Description":"Update software regularly by employing patch management for externally exposed applications."
    },
    {
        "ID":"M1016",
        "Mitigation":"Vulnerability Scanning",
        "Description":"Regularly scan externally facing systems for vulnerabilities and establish procedures to rapidly patch systems when critical vulnerabilities are discovered through scanning and through public disclosure.[8]"
    }
]