[
    {
        "ID":"S1028",
        "Name":"Action RAT",
        "Description":"Action RATcan collect local data from an infected machine.[2]"
    },
    {
        "ID":"S1025",
        "Name":"Amadey",
        "Description":"Amadeycan collect information from a compromised host.[3]"
    },
    {
        "ID":"G0138",
        "Name":"Andariel",
        "Description":"Andarielhas collected large numbers of files from compromised network systems for later extraction.[4]"
    },
    {
        "ID":"S0622",
        "Name":"AppleSeed",
        "Description":"AppleSeedcan collect data on a compromised host.[5][6]"
    },
    {
        "ID":"G0006",
        "Name":"APT1",
        "Description":"APT1has collected files from a local victim.[7]"
    },
    {
        "ID":"G0007",
        "Name":"APT28",
        "Description":"APT28has retrieved internal documents from machines inside victim environments, including by usingForfilesto stage documents before exfiltration.[8][9][10][11]"
    },
    {
        "ID":"G0016",
        "Name":"APT29",
        "Description":"APT29has stolen data from compromised hosts.[12]"
    },
    {
        "ID":"G0022",
        "Name":"APT3",
        "Description":"APT3will identify Microsoft Office documents on the victim's computer.[13]"
    },
    {
        "ID":"G0067",
        "Name":"APT37",
        "Description":"APT37has collected data from victims' local systems.[14]"
    },
    {
        "ID":"G0082",
        "Name":"APT38",
        "Description":"APT38has collected data from a compromised host.[15]"
    },
    {
        "ID":"G0087",
        "Name":"APT39",
        "Description":"APT39has used various tools to steal files from the compromised host.[16][17]"
    },
    {
        "ID":"G0096",
        "Name":"APT41",
        "Description":"APT41has uploaded files and data from a compromised host.[18]"
    },
    {
        "ID":"S1029",
        "Name":"AuTo Stealer",
        "Description":"AuTo Stealercan collect data such as PowerPoint files, Word documents, Excel files, PDF files, text files, database files, and image files from an infected machine.[2]"
    },
    {
        "ID":"G0001",
        "Name":"Axiom",
        "Description":"Axiomhas collected data from a compromised network.[19]"
    },
    {
        "ID":"S0642",
        "Name":"BADFLICK",
        "Description":"BADFLICKhas uploaded files from victims' machines.[20]"
    },
    {
        "ID":"S0128",
        "Name":"BADNEWS",
        "Description":"When it first starts,BADNEWScrawls the victim's local drives and collects documents with the following extensions: .doc, .docx, .pdf, .ppt, .pptx, and .txt.[21][22]"
    },
    {
        "ID":"S0337",
        "Name":"BadPatch",
        "Description":"BadPatchcollects files from the local system that have the following extensions, then prepares them for exfiltration: .xls, .xlsx, .pdf, .mdb, .rar, .zip, .doc, .docx.[23]"
    },
    {
        "ID":"S0234",
        "Name":"Bandook",
        "Description":"Bandookcan collect local files from the system .[24]"
    },
    {
        "ID":"S0239",
        "Name":"Bankshot",
        "Description":"Bankshotcollects files from the local system.[25]"
    },
    {
        "ID":"S0534",
        "Name":"Bazar",
        "Description":"Bazarcan retrieve information from the infected machine.[26]"
    },
    {
        "ID":"S0268",
        "Name":"Bisonal",
        "Description":"Bisonalhas collected information from a compromised host.[27]"
    },
    {
        "ID":"S0564",
        "Name":"BlackMould",
        "Description":"BlackMouldcan copy files on a compromised host.[28]"
    },
    {
        "ID":"S0520",
        "Name":"BLINDINGCAN",
        "Description":"BLINDINGCANhas uploaded files from victim machines.[29]"
    },
    {
        "ID":"S0651",
        "Name":"BoxCaon",
        "Description":"BoxCaoncan upload files from a compromised host.[30]"
    },
    {
        "ID":"G0060",
        "Name":"BRONZE BUTLER",
        "Description":"BRONZE BUTLERhas exfiltrated files stolen from local systems.[31]"
    },
    {
        "ID":"S1063",
        "Name":"Brute Ratel C4",
        "Description":"Brute Ratel C4has the ability to upload files from a compromised system.[32]"
    },
    {
        "ID":"S1039",
        "Name":"Bumblebee",
        "Description":"Bumblebeecan capture and compress stolen credentials from the Registry and volume shadow copies.[33]"
    },
    {
        "ID":"C0015",
        "Name":"C0015",
        "Description":"DuringC0015, the threat actors obtained files and data from the compromised network.[34]"
    },
    {
        "ID":"C0017",
        "Name":"C0017",
        "Description":"DuringC0017,APT41collected information related to compromised machines as well as Personal Identifiable Information (PII) from victim networks.[35]"
    },
    {
        "ID":"C0026",
        "Name":"C0026",
        "Description":"DuringC0026, the threat actors collected documents from compromised hosts.[36]"
    },
    {
        "ID":"S0274",
        "Name":"Calisto",
        "Description":"Calistocan collect data from user directories.[37]"
    },
    {
        "ID":"S0572",
        "Name":"Caterpillar WebShell",
        "Description":"Caterpillar WebShellhas a module to collect information from the local database.[38]"
    },
    {
        "ID":"S1043",
        "Name":"ccf32",
        "Description":"ccf32can collect files from a compromised host.[39]"
    },
    {
        "ID":"S0674",
        "Name":"CharmPower",
        "Description":"CharmPowercan collect data and files from a compromised host.[40]"
    },
    {
        "ID":"S0020",
        "Name":"China Chopper",
        "Description":"China Chopper's server component can upload local files.[41][42][43][44]"
    },
    {
        "ID":"S0667",
        "Name":"Chrommme",
        "Description":"Chrommmecan collect data from a local system.[45]"
    },
    {
        "ID":"S0660",
        "Name":"Clambling",
        "Description":"Clamblingcan collect information from a compromised host.[46]"
    },
    {
        "ID":"S0154",
        "Name":"Cobalt Strike",
        "Description":"Cobalt Strikecan collect data from a local system.[47][48]"
    },
    {
        "ID":"S0492",
        "Name":"CookieMiner",
        "Description":"CookieMinerhas retrieved iPhone text messages from iTunes phone backup files.[49]"
    },
    {
        "ID":"S0050",
        "Name":"CosmicDuke",
        "Description":"CosmicDukesteals user files from local hard drives with file extensions that match a predefined list.[50]"
    },
    {
        "ID":"C0004",
        "Name":"CostaRicto",
        "Description":"DuringCostaRicto, the threat actors collected data and files from compromised networks.[51]"
    },
    {
        "ID":"S1023",
        "Name":"CreepyDrive",
        "Description":"CreepyDrivecan upload files to C2 from victim machines.[52]"
    },
    {
        "ID":"S0115",
        "Name":"Crimson",
        "Description":"Crimsoncan collect information from a compromised host.[53]"
    },
    {
        "ID":"S0538",
        "Name":"Crutch",
        "Description":"Crutchcan exfiltrate files from compromised systems.[54]"
    },
    {
        "ID":"S0498",
        "Name":"Cryptoistic",
        "Description":"Cryptoisticcan retrieve files from the local file system.[55]"
    },
    {
        "ID":"G1012",
        "Name":"CURIUM",
        "Description":"CURIUMhas exfiltrated data from a compromised machine.[56]"
    },
    {
        "ID":"C0029",
        "Name":"Cutting Edge",
        "Description":"DuringCutting Edge, threat actors stole the running configuration and cache data from targeted Ivanti Connect Secure VPNs.[57][58]"
    },
    {
        "ID":"S0687",
        "Name":"Cyclops Blink",
        "Description":"Cyclops Blinkcan upload files from a compromised host.[59]"
    },
    {
        "ID":"S1014",
        "Name":"DanBot",
        "Description":"DanBotcan upload files from compromised hosts.[60]"
    },
    {
        "ID":"G0070",
        "Name":"Dark Caracal",
        "Description":"Dark Caracalcollected complete contents of the 'Pictures' folder from compromised Windows systems.[61]"
    },
    {
        "ID":"S0673",
        "Name":"DarkWatchman",
        "Description":"DarkWatchmancan collect files from a compromised host.[62]"
    },
    {
        "ID":"S1021",
        "Name":"DnsSystem",
        "Description":"DnsSystemcan upload files from infected machines after receiving a command withuploadddin the string.[63]"
    },
    {
        "ID":"G0035",
        "Name":"Dragonfly",
        "Description":"Dragonflyhas collected data from local victim systems.[64]"
    },
    {
        "ID":"S0694",
        "Name":"DRATzarus",
        "Description":"DRATzaruscan collect information from a compromised host.[65]"
    },
    {
        "ID":"S0502",
        "Name":"Drovorub",
        "Description":"Drovorubcan transfer files from the victim machine.[66]"
    },
    {
        "ID":"S0567",
        "Name":"Dtrack",
        "Description":"Dtrackcan collect a variety of information from victim machines.[67]"
    },
    {
        "ID":"S0634",
        "Name":"EnvyScout",
        "Description":"EnvyScoutcan collect sensitive NTLM material from a compromised host.[68]"
    },
    {
        "ID":"S0404",
        "Name":"esentutl",
        "Description":"esentutlcan be used to collect data from local file systems.[69]"
    },
    {
        "ID":"S0512",
        "Name":"FatDuke",
        "Description":"FatDukecan copy files and directories from a compromised host.[70]"
    },
    {
        "ID":"G1016",
        "Name":"FIN13",
        "Description":"FIN13has gathered stolen credentials, sensitive data such as point-of-sale (POS), and ATM data from a compromised network before exfiltration.[71][72]"
    },
    {
        "ID":"G0037",
        "Name":"FIN6",
        "Description":"FIN6has collected and exfiltrated payment card data from compromised systems.[73][74][75]"
    },
    {
        "ID":"G0046",
        "Name":"FIN7",
        "Description":"FIN7has collected files and other sensitive information from a compromised network.[76]"
    },
    {
        "ID":"S0696",
        "Name":"Flagpro",
        "Description":"Flagprocan collect data from a compromised host, including Windows authentication information.[77]"
    },
    {
        "ID":"S0036",
        "Name":"FLASHFLOOD",
        "Description":"FLASHFLOODsearches for interesting files (either a default or customized set of file extensions) on the local system.FLASHFLOODwill scan the My Recent Documents, Desktop, Temporary Internet Files, and TEMP directories.FLASHFLOODalso collects information stored in the Windows Address Book.[78]"
    },
    {
        "ID":"S0381",
        "Name":"FlawedAmmyy",
        "Description":"FlawedAmmyyhas collected information and files from a compromised machine.[79]"
    },
    {
        "ID":"S0661",
        "Name":"FoggyWeb",
        "Description":"FoggyWebcan retrieve configuration data from a compromised AD FS server.[80]"
    },
    {
        "ID":"S0193",
        "Name":"Forfiles",
        "Description":"Forfilescan be used to act on (ex: copy, move, etc.) files\/directories in a system during (ex: copy files into a staging area before).[8]"
    },
    {
        "ID":"G0117",
        "Name":"Fox Kitten",
        "Description":"Fox Kittenhas searched local system resources to access sensitive documents.[81]"
    },
    {
        "ID":"S0503",
        "Name":"FrameworkPOS",
        "Description":"FrameworkPOScan collect elements related to credit card data from process memory.[82]"
    },
    {
        "ID":"C0001",
        "Name":"Frankenstein",
        "Description":"DuringFrankenstein, the threat actors usedEmpireto gather various local system information.[83]"
    },
    {
        "ID":"S1044",
        "Name":"FunnyDream",
        "Description":"FunnyDreamcan upload files from victims' machines.[39][84]"
    },
    {
        "ID":"G0093",
        "Name":"GALLIUM",
        "Description":"GALLIUMcollected data from the victim's local system, including password hashes from the SAM hive in the Registry.[85]"
    },
    {
        "ID":"G0047",
        "Name":"Gamaredon Group",
        "Description":"Gamaredon Grouphas collected files from infected systems and uploaded them to a C2 server.[86]"
    },
    {
        "ID":"S0666",
        "Name":"Gelsemium",
        "Description":"Gelsemiumcan collect data from a compromised host.[45]"
    },
    {
        "ID":"S0477",
        "Name":"Goopy",
        "Description":"Goopyhas the ability to exfiltrate documents from infected systems.[87]"
    },
    {
        "ID":"S0237",
        "Name":"GravityRAT",
        "Description":"GravityRATsteals files with the following extensions: .docx, .doc, .pptx, .ppt, .xlsx, .xls, .rtf, and .pdf.[88]"
    },
    {
        "ID":"S0690",
        "Name":"Green Lambert",
        "Description":"Green Lambertcan collect data from a compromised host.[89]"
    },
    {
        "ID":"S0632",
        "Name":"GrimAgent",
        "Description":"GrimAgentcan collect data and files from a compromised host.[90]"
    },
    {
        "ID":"G0125",
        "Name":"HAFNIUM",
        "Description":"HAFNIUMhas collected data and files from a compromised machine.[44]"
    },
    {
        "ID":"S0009",
        "Name":"Hikit",
        "Description":"Hikitcan upload files from compromised machines.[19]"
    },
    {
        "ID":"S0203",
        "Name":"Hydraq",
        "Description":"Hydraqcreates a backdoor through which remote attackers can read data from files.[91][92]"
    },
    {
        "ID":"S1022",
        "Name":"IceApple",
        "Description":"IceApplecan collect files, passwords, and other data from a compromised host.[93]"
    },
    {
        "ID":"G0100",
        "Name":"Inception",
        "Description":"Inceptionused a file hunting plugin to collect .txt, .pdf, .xls or .doc files from the infected host.[94]"
    },
    {
        "ID":"S0260",
        "Name":"InvisiMole",
        "Description":"InvisiMolecan collect data from the system, and can monitor changes in specified directories.[95]"
    },
    {
        "ID":"S0015",
        "Name":"Ixeshe",
        "Description":"Ixeshecan collect data from a local system.[96]"
    },
    {
        "ID":"S0265",
        "Name":"Kazuar",
        "Description":"Kazuaruploads files from a specified directory to the C2 server.[97]"
    },
    {
        "ID":"G0004",
        "Name":"Ke3chang",
        "Description":"Ke3changgathered information and files from local directories for exfiltration.[98][99]"
    },
    {
        "ID":"S1020",
        "Name":"Kevin",
        "Description":"Kevincan upload logs and other data from a compromised host.[100]"
    },
    {
        "ID":"S0526",
        "Name":"KGH_SPY",
        "Description":"KGH_SPYcan send a file containing victim system information to C2.[101]"
    },
    {
        "ID":"G0094",
        "Name":"Kimsuky",
        "Description":"Kimsukyhas collected Office, PDF, and HWP documents from its victims.[102][103]"
    },
    {
        "ID":"S0250",
        "Name":"Koadic",
        "Description":"Koadiccan download files off the target system to send back to the server.[104][105]"
    },
    {
        "ID":"S0356",
        "Name":"KONNI",
        "Description":"KONNIhas stored collected information and discovered processes in a tmp file.[106]"
    },
    {
        "ID":"S1075",
        "Name":"KOPILUWAK",
        "Description":"KOPILUWAKcan gather information from compromised hosts.[36]"
    },
    {
        "ID":"G1004",
        "Name":"LAPSUS$",
        "Description":"LAPSUS$uploaded sensitive files, information, and credentials from a targeted organization for extortion or public release.[107]"
    },
    {
        "ID":"G0032",
        "Name":"Lazarus Group",
        "Description":"Lazarus Grouphas collected data and files from compromised networks.[108][109][110][111]"
    },
    {
        "ID":"S0395",
        "Name":"LightNeuron",
        "Description":"LightNeuroncan collect files from a local system.[112]"
    },
    {
        "ID":"S0211",
        "Name":"Linfo",
        "Description":"Linfocreates a backdoor through which remote attackers can obtain data from local systems.[113]"
    },
    {
        "ID":"S1101",
        "Name":"LoFiSe",
        "Description":"LoFiSecan collect files of interest from targeted systems.[114]"
    },
    {
        "ID":"G1014",
        "Name":"LuminousMoth",
        "Description":"LuminousMothhas collected files and data from compromised machines.[115][116]"
    },
    {
        "ID":"S0409",
        "Name":"Machete",
        "Description":"Machetesearches the File system for files of interest.[117]"
    },
    {
        "ID":"S1016",
        "Name":"MacMa",
        "Description":"MacMacan collect then exfiltrate files from the compromised system.[118]"
    },
    {
        "ID":"S1060",
        "Name":"Mafalda",
        "Description":"Mafaldacan collect files and information from a compromised host.[119]"
    },
    {
        "ID":"G0059",
        "Name":"Magic Hound",
        "Description":"Magic Houndhas used a web shell to exfiltrate a ZIP file containing a dump of LSASS memory on a compromised machine.[120][121]"
    },
    {
        "ID":"S0652",
        "Name":"MarkiRAT",
        "Description":"MarkiRATcan upload data from the victim's machine to the C2 server.[122]"
    },
    {
        "ID":"S0500",
        "Name":"MCMD",
        "Description":"MCMDhas the ability to upload files from an infected device.[123]"
    },
    {
        "ID":"G0045",
        "Name":"menuPass",
        "Description":"menuPasshas collected various files from the compromised computers.[124][125]"
    },
    {
        "ID":"S1059",
        "Name":"metaMain",
        "Description":"metaMaincan collect files and system information from a compromised host.[119][126]"
    },
    {
        "ID":"S1015",
        "Name":"Milan",
        "Description":"Milancan upload files from a compromised host.[127]"
    },
    {
        "ID":"S0084",
        "Name":"Mis-Type",
        "Description":"Mis-Typehas collected files and data from a compromised host.[128]"
    },
    {
        "ID":"S0083",
        "Name":"Misdat",
        "Description":"Misdathas collected files and data from a compromised host.[128]"
    },
    {
        "ID":"S0079",
        "Name":"MobileOrder",
        "Description":"MobileOrderexfiltrates data collected from the victim mobile device.[129]"
    },
    {
        "ID":"S1026",
        "Name":"Mongall",
        "Description":"Mongallhas the ability to upload files from victim's machines.[130]"
    },
    {
        "ID":"S0630",
        "Name":"Nebulae",
        "Description":"Nebulaehas the capability to upload collected files to C2.[131]"
    },
    {
        "ID":"S0691",
        "Name":"Neoichor",
        "Description":"Neoichorcan upload files from a victim's machine.[99]"
    },
    {
        "ID":"C0002",
        "Name":"Night Dragon",
        "Description":"DuringNight Dragon, the threat actors collected files and other data from compromised systems.[132]"
    },
    {
        "ID":"S1090",
        "Name":"NightClub",
        "Description":"NightClubcan use a file monitor to steal specific files from targeted systems.[133]"
    },
    {
        "ID":"S0385",
        "Name":"njRAT",
        "Description":"njRATcan collect data from a local system.[134]"
    },
    {
        "ID":"S0340",
        "Name":"Octopus",
        "Description":"Octopuscan exfiltrate files from the system using a documents collector tool.[135]"
    },
    {
        "ID":"C0012",
        "Name":"Operation CuckooBees",
        "Description":"DuringOperation CuckooBees, the threat actors collected data, files, and other information from compromised networks.[136]"
    },
    {
        "ID":"C0022",
        "Name":"Operation Dream Job",
        "Description":"DuringOperation Dream Job,Lazarus Groupused malicious Trojans and DLL files to exfiltrate data from an infected host.[65][137]"
    },
    {
        "ID":"C0006",
        "Name":"Operation Honeybee",
        "Description":"DuringOperation Honeybee, the threat actors collected data from compromised hosts.[138]"
    },
    {
        "ID":"C0014",
        "Name":"Operation Wocao",
        "Description":"DuringOperation Wocao, threat actors exfiltrated files and directories of interest from the targeted system.[139]"
    },
    {
        "ID":"S0352",
        "Name":"OSX_OCEANLOTUS.D",
        "Description":"OSX_OCEANLOTUS.Dhas the ability to upload files from a compromised host.[140]"
    },
    {
        "ID":"S0594",
        "Name":"Out1",
        "Description":"Out1can copy files and Registry data from compromised hosts.[141]"
    },
    {
        "ID":"S1017",
        "Name":"OutSteel",
        "Description":"OutSteelcan collect information from a compromised host.[142]"
    },
    {
        "ID":"S0598",
        "Name":"P.A.S. Webshell",
        "Description":"P.A.S. Webshellhas the ability to copy files on a compromised host.[143]"
    },
    {
        "ID":"S0208",
        "Name":"Pasam",
        "Description":"Pasamcreates a backdoor through which remote attackers can retrieve files.[144]"
    },
    {
        "ID":"G0040",
        "Name":"Patchwork",
        "Description":"Patchworkcollected and exfiltrated files from the infected system.[145]"
    },
    {
        "ID":"S1102",
        "Name":"Pcexter",
        "Description":"Pcextercan upload files from targeted systems.[114]"
    },
    {
        "ID":"S1050",
        "Name":"PcShare",
        "Description":"PcSharecan collect files and information from a compromised host.[39]"
    },
    {
        "ID":"S0517",
        "Name":"Pillowmint",
        "Description":"Pillowminthas collected credit card data using native API functions.[146]"
    },
    {
        "ID":"S0048",
        "Name":"PinchDuke",
        "Description":"PinchDukecollects user files from the compromised host based on predefined file extensions.[147]"
    },
    {
        "ID":"S1031",
        "Name":"PingPull",
        "Description":"PingPullcan collect data from a compromised host.[148]"
    },
    {
        "ID":"S0012",
        "Name":"PoisonIvy",
        "Description":"PoisonIvycreates a backdoor through which remote attackers can steal system information.[149]"
    },
    {
        "ID":"S1012",
        "Name":"PowerLess",
        "Description":"PowerLesshas the ability to exfiltrate data, including Chrome and Edge browser database files, from compromised machines.[150]"
    },
    {
        "ID":"S0194",
        "Name":"PowerSploit",
        "Description":"PowerSploitcontains a collection of Exfiltration modules that can access data from local files, volumes, and processes.[151][152]"
    },
    {
        "ID":"S0223",
        "Name":"POWERSTATS",
        "Description":"POWERSTATScan upload files from compromised hosts.[153]"
    },
    {
        "ID":"S0238",
        "Name":"Proxysvc",
        "Description":"Proxysvcsearches the local system and gathers data.[154]"
    },
    {
        "ID":"S0197",
        "Name":"PUNCHTRACK",
        "Description":"PUNCHTRACKscrapes memory for properly formatted payment card data.[155][156]"
    },
    {
        "ID":"S0650",
        "Name":"QakBot",
        "Description":"QakBotcan use a variety of commands, including esentutl.exe to steal sensitive data from Internet Explorer and Microsoft Edge, to acquire information that is subsequently exfiltrated.[157][158]"
    },
    {
        "ID":"S0262",
        "Name":"QuasarRAT",
        "Description":"QuasarRATcan retrieve files from compromised client machines.[159]"
    },
    {
        "ID":"S0686",
        "Name":"QuietSieve",
        "Description":"QuietSievecan collect files from a compromised host.[160]"
    },
    {
        "ID":"S0629",
        "Name":"RainyDay",
        "Description":"RainyDaycan use a file exfiltration tool to collect recently changed files on a compromised host.[131]"
    },
    {
        "ID":"S0458",
        "Name":"Ramsay",
        "Description":"Ramsaycan collect Microsoft Word documents from the target's file system, as well as.txt,.doc, and.xlsfiles from the Internet Explorer cache.[161][162]"
    },
    {
        "ID":"S1113",
        "Name":"RAPIDPULSE",
        "Description":"RAPIDPULSEretrieves files from the victim system via encrypted commands sent to the web shell.[163]"
    },
    {
        "ID":"S0169",
        "Name":"RawPOS",
        "Description":"RawPOSdumps memory from specific processes on a victim system, parses the dumped files, and scrapes them for credit card data.[164][165][166]"
    },
    {
        "ID":"S0662",
        "Name":"RCSession",
        "Description":"RCSessioncan collect data from a compromised host.[167][46]"
    },
    {
        "ID":"S0448",
        "Name":"Rising Sun",
        "Description":"Rising Sunhas collected data and files from a compromised host.[168]"
    },
    {
        "ID":"S0240",
        "Name":"ROKRAT",
        "Description":"ROKRATcan collect host data and specific file types.[169][170][171]"
    },
    {
        "ID":"S0090",
        "Name":"Rover",
        "Description":"Roversearches for files on local drives based on a predefined list of file extensions.[172]"
    },
    {
        "ID":"S1018",
        "Name":"Saint Bot",
        "Description":"Saint Botcan collect files and information from a compromised host.[173]"
    },
    {
        "ID":"S1099",
        "Name":"Samurai",
        "Description":"Samuraican leverage an exfiltration module to download arbitrary files from compromised machines.[174]"
    },
    {
        "ID":"G0034",
        "Name":"Sandworm Team",
        "Description":"Sandworm Teamhas exfiltrated internal documents, files, and other data from compromised hosts.[175]"
    },
    {
        "ID":"S1085",
        "Name":"Sardonic",
        "Description":"Sardonichas the ability to collect data from a compromised machine to deliver to the attacker.[176]"
    },
    {
        "ID":"S0461",
        "Name":"SDBbot",
        "Description":"SDBbothas the ability to access the file system on a compromised host.[177]"
    },
    {
        "ID":"S1019",
        "Name":"Shark",
        "Description":"Sharkcan upload files to its C2.[127][178]"
    },
    {
        "ID":"S1089",
        "Name":"SharpDisco",
        "Description":"SharpDiscohas dropped a recent-files stealer plugin toC:\\Users\\Public\\WinSrcNT\\It11.exe.[133]"
    },
    {
        "ID":"S0444",
        "Name":"ShimRat",
        "Description":"ShimRathas the capability to upload collected files to a C2.[179]"
    },
    {
        "ID":"S0610",
        "Name":"SideTwist",
        "Description":"SideTwisthas the ability to upload files from a compromised host.[180]"
    },
    {
        "ID":"S1110",
        "Name":"SLIGHTPULSE",
        "Description":"SLIGHTPULSEcan read files specified on the local system.[181]"
    },
    {
        "ID":"S0533",
        "Name":"SLOTHFULMEDIA",
        "Description":"SLOTHFULMEDIAhas uploaded files and information from victim machines.[182]"
    },
    {
        "ID":"C0024",
        "Name":"SolarWinds Compromise",
        "Description":"During theSolarWinds Compromise,APT29extracted files from compromised networks.[183]"
    },
    {
        "ID":"S0615",
        "Name":"SombRAT",
        "Description":"SombRAThas collected data and files from a compromised host.[51][184]"
    },
    {
        "ID":"S0646",
        "Name":"SpicyOmelette",
        "Description":"SpicyOmelettehas collected data and other information from a compromised host.[185]"
    },
    {
        "ID":"S1037",
        "Name":"STARWHALE",
        "Description":"STARWHALEcan collect data from an infected local host.[186]"
    },
    {
        "ID":"G0038",
        "Name":"Stealth Falcon",
        "Description":"Stealth Falconmalware gathers data from the local victim system.[187]"
    },
    {
        "ID":"S1034",
        "Name":"StrifeWater",
        "Description":"StrifeWatercan collect data from a compromised host.[188]"
    },
    {
        "ID":"S0559",
        "Name":"SUNBURST",
        "Description":"SUNBURSTcollected information from a compromised host.[189][190]"
    },
    {
        "ID":"S1064",
        "Name":"SVCReady",
        "Description":"SVCReadycan collect data from an infected host.[191]"
    },
    {
        "ID":"S0663",
        "Name":"SysUpdate",
        "Description":"SysUpdatecan collect information and files from a compromised host.[192]"
    },
    {
        "ID":"S0011",
        "Name":"Taidoor",
        "Description":"Taidoorcan upload data and files from a victim's machine.[193]"
    },
    {
        "ID":"S0467",
        "Name":"TajMahal",
        "Description":"TajMahalhas the ability to steal documents from the local system including the print spooler queue.[194]"
    },
    {
        "ID":"G0027",
        "Name":"Threat Group-3390",
        "Description":"Threat Group-3390ran a command to compile an archive of file types of interest from the victim user's directories.[195]"
    },
    {
        "ID":"S0665",
        "Name":"ThreatNeedle",
        "Description":"ThreatNeedlecan collect data and files from a compromised host.[111]"
    },
    {
        "ID":"S0668",
        "Name":"TinyTurla",
        "Description":"TinyTurlacan upload files from a compromised host.[196]"
    },
    {
        "ID":"G1022",
        "Name":"ToddyCat",
        "Description":"ToddyCathas run scripts to collect documents from targeted hosts.[114]"
    },
    {
        "ID":"S0671",
        "Name":"Tomiris",
        "Description":"Tomirishas the ability to collect recent files matching a hardcoded list of extensions prior to exfiltration.[197]"
    },
    {
        "ID":"S0266",
        "Name":"TrickBot",
        "Description":"TrickBotcollects local files and information from the victim’s local machine.[198]"
    },
    {
        "ID":"G0010",
        "Name":"Turla",
        "Description":"TurlaRPC backdoors can upload files from victim machines.[199]"
    },
    {
        "ID":"S0022",
        "Name":"Uroburos",
        "Description":"Uroburoscan use itsGetcommand to exfiltrate specified files from the compromised system.[200]"
    },
    {
        "ID":"S0386",
        "Name":"Ursnif",
        "Description":"Ursnifhas collected files from victim machines, including certificates and cookies.[201]"
    },
    {
        "ID":"S0452",
        "Name":"USBferry",
        "Description":"USBferrycan collect information from an air-gapped host machine.[202]"
    },
    {
        "ID":"G1017",
        "Name":"Volt Typhoon",
        "Description":"Volt Typhoonhas stolen the Active Directory database from targeted environments and usedWevtutilto extract event log information.[203][204]"
    },
    {
        "ID":"S0670",
        "Name":"WarzoneRAT",
        "Description":"WarzoneRATcan collect data from a compromised host.[205]"
    },
    {
        "ID":"S0515",
        "Name":"WellMail",
        "Description":"WellMailcan exfiltrate files from the victim machine.[206]"
    },
    {
        "ID":"S0514",
        "Name":"WellMess",
        "Description":"WellMesscan send files from the victim machine to C2.[207][208]"
    },
    {
        "ID":"S0645",
        "Name":"Wevtutil",
        "Description":"Wevtutilcan be used to export events from a specific log.[209][210]"
    },
    {
        "ID":"G0124",
        "Name":"Windigo",
        "Description":"Windigohas used a script to gather credentials in files left on disk by OpenSSH backdoors.[211]"
    },
    {
        "ID":"G0102",
        "Name":"Wizard Spider",
        "Description":"Wizard Spiderhas collected data from a compromised host prior to exfiltration.[212]"
    },
    {
        "ID":"S1065",
        "Name":"Woody RAT",
        "Description":"Woody RATcan collect information from a compromised host.[213]"
    },
    {
        "ID":"S0653",
        "Name":"xCaon",
        "Description":"xCaonhas uploaded files from victims' machines.[30]"
    },
    {
        "ID":"S0658",
        "Name":"XCSSET",
        "Description":"XCSSETcollects contacts and application data from files in Desktop, Documents, Downloads, Dropbox, and WeChat folders.[214]"
    },
    {
        "ID":"S0248",
        "Name":"yty",
        "Description":"ytycollects files with the following extensions: .ppt, .pptx, .pdf, .doc, .docx, .xls, .xlsx, .docm, .rtf, .inp, .xlsm, .csv, .odt, .pps, .vcf and sends them back to the C2 server.[215]"
    },
    {
        "ID":"S0672",
        "Name":"Zox",
        "Description":"Zoxhas the ability to upload files from a targeted system.[19]"
    },
    {
        "ID":"S0412",
        "Name":"ZxShell",
        "Description":"ZxShellcan transfer files from a compromised host.[216]"
    },
    {
        "ID":"S1013",
        "Name":"ZxxZ",
        "Description":"ZxxZcan collect data from a compromised host.[217]"
    }
]