[
    {
        "ID":"DS0017",
        "Data Source":"Command",
        "Data Component":"Command Execution",
        "Detects":"Monitor executed commands and arguments that may search and collect local system sources, such as file systems or local databases, to find files of interest and sensitive data prior to Exfiltration. Remote access tools with built-in features may interact directly with the Windows API to gather data. Data may also be acquired through Windows system management tools such asWindows Management InstrumentationandPowerShell.For network devices, monitor executed commands in AAA logs, especially those run by unexpected or unauthorized users."
    },
    {
        "ID":"DS0022",
        "Data Source":"File",
        "Data Component":"File Access",
        "Detects":"Monitor for unexpected\/abnormal access to files that may be malicious collection of local data, such as user files (pdf, .docx, .jpg, etc.) or local databases."
    },
    {
        "ID":"DS0009",
        "Data Source":"Process",
        "Data Component":"OS API Execution",
        "Detects":"Monitor for API calls that may search local system sources, such as file systems or local databases, to find files of interest and sensitive data prior to Exfiltration."
    },
    {
        "ID":"",
        "Data Source":"",
        "Data Component":"Process Creation",
        "Detects":"Monitor for newly executed processes that may search local system sources, such as file systems or local databases, to find files of interest and sensitive data prior to Exfiltration."
    },
    {
        "ID":"DS0012",
        "Data Source":"Script",
        "Data Component":"Script Execution",
        "Detects":"Monitor for any attempts to enable scripts running on a system would be considered suspicious. If scripts are not commonly used on a system, but enabled, scripts running out of cycle from patching or other administrator functions are suspicious. Scripts should be captured from the file system when possible to determine their actions and intent.  Data may also be acquired through Windows system management tools such asWindows Management InstrumentationandPowerShell."
    }
]