[
    {
        "ID":"M1047",
        "Mitigation":"Audit",
        "Description":"Binaries can also be baselined for what dynamic libraries they require, and if an app requires a new dynamic library that wasn't included as part of an update, it should be investigated."
    },
    {
        "ID":"M1045",
        "Mitigation":"Code Signing",
        "Description":"Enforce that all binaries be signed by the correct Apple Developer IDs."
    },
    {
        "ID":"M1038",
        "Mitigation":"Execution Prevention",
        "Description":"Allow applications via known hashes."
    }
]