[
    {
        "ID":"M1047",
        "Mitigation":"Audit",
        "Description":"Consider periodic review of accounts and privileges for critical and sensitive repositories."
    },
    {
        "ID":"M1032",
        "Mitigation":"Multi-factor Authentication",
        "Description":"Use two or more pieces of evidence to authenticate to a system; such as username and password in addition to a token from a physical smart card or token generator."
    },
    {
        "ID":"M1018",
        "Mitigation":"User Account Management",
        "Description":"Enforce the principle of least-privilege. Consider implementing access control mechanisms that include both authentication and authorization."
    },
    {
        "ID":"M1017",
        "Mitigation":"User Training",
        "Description":"Develop and publish policies that define acceptable information to be stored in repositories."
    }
]