[
    {
        "ID":"C0025",
        "Name":"2016 Ukraine Electric Power Attack",
        "Description":"During the2016 Ukraine Electric Power Attack,Sandworm Teamused an arbitrary system service to load at system boot for persistence forIndustroyer. They also replaced the ImagePath registry value of a Windows service with a new backdoor binary.[8]"
    },
    {
        "ID":"S0504",
        "Name":"Anchor",
        "Description":"Anchorcan establish persistence by creating a service.[9]"
    },
    {
        "ID":"S0584",
        "Name":"AppleJeus",
        "Description":"AppleJeuscan install itself as a service.[10]"
    },
    {
        "ID":"G0073",
        "Name":"APT19",
        "Description":"AnAPT19Port 22 malware variant registers itself as a service.[11]"
    },
    {
        "ID":"G0022",
        "Name":"APT3",
        "Description":"APT3has a tool that creates a new service for persistence.[12]"
    },
    {
        "ID":"G0050",
        "Name":"APT32",
        "Description":"APT32modified Windows Services to ensure PowerShell scripts were loaded on the system.APT32also creates a Windows service to establish persistence.[13][14][15]"
    },
    {
        "ID":"G0082",
        "Name":"APT38",
        "Description":"APT38has installed a new Windows service to establish persistence.[16]"
    },
    {
        "ID":"G0096",
        "Name":"APT41",
        "Description":"APT41modified legitimate Windows services to install malware backdoors.[17][18]APT41created the StorSyncSvc service to provide persistence for Cobalt Strike.[19]"
    },
    {
        "ID":"S0438",
        "Name":"Attor",
        "Description":"Attor's dispatcher can establish persistence by registering a new service.[20]"
    },
    {
        "ID":"S0347",
        "Name":"AuditCred",
        "Description":"AuditCredis installed as a new service on the system.[21]"
    },
    {
        "ID":"S0239",
        "Name":"Bankshot",
        "Description":"Bankshotcan terminate a specific process by its process id.[22][23]"
    },
    {
        "ID":"S0127",
        "Name":"BBSRAT",
        "Description":"BBSRATcan modify service configurations.[24]"
    },
    {
        "ID":"S0268",
        "Name":"Bisonal",
        "Description":"Bisonalhas been modified to be used as a Windows service.[25]"
    },
    {
        "ID":"S0570",
        "Name":"BitPaymer",
        "Description":"BitPaymerhas attempted to install itself as a service to maintain persistence.[26]"
    },
    {
        "ID":"S1070",
        "Name":"Black Basta",
        "Description":"Black Bastacan create a new service to establish persistence.[27][28]"
    },
    {
        "ID":"S0089",
        "Name":"BlackEnergy",
        "Description":"One variant ofBlackEnergycreates a new service using either a hard-coded or randomly generated name.[29]"
    },
    {
        "ID":"G0108",
        "Name":"Blue Mockingbird",
        "Description":"Blue Mockingbirdhas made their XMRIG payloads persistent as a Windows Service.[30]"
    },
    {
        "ID":"S0204",
        "Name":"Briba",
        "Description":"Bribainstalls a service pointing to a malicious DLL dropped to disk.[31]"
    },
    {
        "ID":"G0008",
        "Name":"Carbanak",
        "Description":"Carbanakmalware installs itself as a service to provide persistence and SYSTEM privileges.[32]"
    },
    {
        "ID":"S0335",
        "Name":"Carbon",
        "Description":"Carbonestablishes persistence by creating a service and naming it based off the operating system version running on the current machine.[33]"
    },
    {
        "ID":"S0261",
        "Name":"Catchamas",
        "Description":"Catchamasadds a new service named NetAdapter to establish persistence.[34]"
    },
    {
        "ID":"G1021",
        "Name":"Cinnamon Tempest",
        "Description":"Cinnamon Tempesthas created system services to establish persistence for deployed tooling.[35]"
    },
    {
        "ID":"S0660",
        "Name":"Clambling",
        "Description":"Clamblingcan register itself as a system service to gain persistence.[36]"
    },
    {
        "ID":"G0080",
        "Name":"Cobalt Group",
        "Description":"Cobalt Grouphas created new services to establish persistence.[37]"
    },
    {
        "ID":"S0154",
        "Name":"Cobalt Strike",
        "Description":"Cobalt Strikecan install a new service.[38]"
    },
    {
        "ID":"S0608",
        "Name":"Conficker",
        "Description":"Confickercopies itself into the%systemroot%\\system32directory and registers as a service.[39]"
    },
    {
        "ID":"S0050",
        "Name":"CosmicDuke",
        "Description":"CosmicDukeuses Windows services typically named \"javamtsup\" for persistence.[40]"
    },
    {
        "ID":"S0046",
        "Name":"CozyCar",
        "Description":"One persistence mechanism used byCozyCaris to register itself as a Windows service.[41]"
    },
    {
        "ID":"S0625",
        "Name":"Cuba",
        "Description":"Cubacan modify services by using theOpenServiceandChangeServiceConfigfunctions.[42]"
    },
    {
        "ID":"G0105",
        "Name":"DarkVishnya",
        "Description":"DarkVishnyacreated new services for shellcode loaders distribution.[43]"
    },
    {
        "ID":"S1033",
        "Name":"DCSrv",
        "Description":"DCSrvhas created new services for persistence by modifying the Registry.[44]"
    },
    {
        "ID":"S0567",
        "Name":"Dtrack",
        "Description":"Dtrackcan add a service called WBService to establish persistence.[45]"
    },
    {
        "ID":"S0038",
        "Name":"Duqu",
        "Description":"Duqucreates a new service that loads a malicious driver when the system starts. When Duqu is active, the operating system believes that the driver is legitimate, as it has been signed with a valid private key.[46]"
    },
    {
        "ID":"S0024",
        "Name":"Dyre",
        "Description":"Dyreregisters itself as a service by adding several Registry keys.[47]"
    },
    {
        "ID":"G1006",
        "Name":"Earth Lusca",
        "Description":"Earth Luscacreated a service using the commandsc create \"SysUpdate\" binpath= \"cmd \/c start \"[file path]\"\"&&sc config \"SysUpdate\" start= auto&&netstart SysUpdatefor persistence.[48]"
    },
    {
        "ID":"S0081",
        "Name":"Elise",
        "Description":"Eliseconfigures itself as a service.[49]"
    },
    {
        "ID":"S0082",
        "Name":"Emissary",
        "Description":"Emissaryis capable of configuring itself as a service.[50]"
    },
    {
        "ID":"S0367",
        "Name":"Emotet",
        "Description":"Emotethas been observed creating new services to maintain persistence.[51][52][53]"
    },
    {
        "ID":"S0363",
        "Name":"Empire",
        "Description":"Empirecan utilize built-in modules to modify service binaries and restore them to their original state.[54]"
    },
    {
        "ID":"S0343",
        "Name":"Exaramel for Windows",
        "Description":"TheExaramel for Windowsdropper creates and starts a Windows service named wsmprovav with the description \"Windows Check AV.\"[55]"
    },
    {
        "ID":"S0181",
        "Name":"FALLCHILL",
        "Description":"FALLCHILLhas been installed as a Windows service.[10]"
    },
    {
        "ID":"G0046",
        "Name":"FIN7",
        "Description":"FIN7created new Windows services and added them to the startup directories for persistence.[56]"
    },
    {
        "ID":"S0182",
        "Name":"FinFisher",
        "Description":"FinFishercreates a new Windows service with the malicious executable for persistence.[57][58]"
    },
    {
        "ID":"S1044",
        "Name":"FunnyDream",
        "Description":"FunnyDreamhas established persistence by runningsc.exeand by setting theWSearchservice to run automatically.[59]"
    },
    {
        "ID":"S0666",
        "Name":"Gelsemium",
        "Description":"Gelsemiumcan drop itself inC:\\Windows\\System32\\spool\\prtprocs\\x64\\winprint.dllas an alternative Print Processor to be loaded automatically when the spoolsv Windows service starts.[60]"
    },
    {
        "ID":"S0032",
        "Name":"gh0st RAT",
        "Description":"gh0st RATcan create a new service to establish persistence.[61][62]"
    },
    {
        "ID":"S0493",
        "Name":"GoldenSpy",
        "Description":"GoldenSpyhas established persistence by running in the background as an autostart service.[63]"
    },
    {
        "ID":"S0342",
        "Name":"GreyEnergy",
        "Description":"GreyEnergychooses a service, drops a DLL file, and writes it to that serviceDLL Registry key.[64]"
    },
    {
        "ID":"S0071",
        "Name":"hcdLoader",
        "Description":"hcdLoaderinstalls itself as a service for persistence.[65][66]"
    },
    {
        "ID":"S0697",
        "Name":"HermeticWiper",
        "Description":"HermeticWipercan load drivers by creating a new service using theCreateServiceWAPI.[3]"
    },
    {
        "ID":"S0203",
        "Name":"Hydraq",
        "Description":"Hydraqcreates new services to establish persistence.[67][68][69]"
    },
    {
        "ID":"S0604",
        "Name":"Industroyer",
        "Description":"Industroyercan use an arbitrary system service to load at system boot for persistence and replaces the ImagePath registry value of a Windows service with a new backdoor binary.[8]"
    },
    {
        "ID":"S0259",
        "Name":"InnaputRAT",
        "Description":"SomeInnaputRATvariants create a new Windows service to establish persistence.[70]"
    },
    {
        "ID":"S0260",
        "Name":"InvisiMole",
        "Description":"InvisiMolecan register a Windows service named CsPower as part of its execution chain, and a Windows service named clr_optimization_v2.0.51527_X86 to achieve persistence.[5]"
    },
    {
        "ID":"S0044",
        "Name":"JHUHUGIT",
        "Description":"JHUHUGIThas registered itself as a service to establish persistence.[71]"
    },
    {
        "ID":"S0265",
        "Name":"Kazuar",
        "Description":"Kazuarcan install itself as a new service.[72]"
    },
    {
        "ID":"G0004",
        "Name":"Ke3chang",
        "Description":"Ke3changbackdoor RoyalDNS established persistence through adding a service calledNwsapagent.[73]"
    },
    {
        "ID":"S0387",
        "Name":"KeyBoy",
        "Description":"KeyBoyinstalls a service pointing to a malicious DLL dropped to disk.[74]"
    },
    {
        "ID":"G0094",
        "Name":"Kimsuky",
        "Description":"Kimsukyhas created new services for persistence.[75][76]"
    },
    {
        "ID":"S0356",
        "Name":"KONNI",
        "Description":"KONNIhas registered itself as a service using its export function.[77]"
    },
    {
        "ID":"S0236",
        "Name":"Kwampirs",
        "Description":"Kwampirscreates a new service named WmiApSrvEx to establish persistence.[78]"
    },
    {
        "ID":"G0032",
        "Name":"Lazarus Group",
        "Description":"SeveralLazarus Groupmalware families install themselves as new services.[79][80]"
    },
    {
        "ID":"S0451",
        "Name":"LoudMiner",
        "Description":"LoudMinercan automatically launch a Linux virtual machine as a service at startup if the AutoStart option is enabled in the VBoxVmService configuration file.[81]"
    },
    {
        "ID":"S0149",
        "Name":"MoonWind",
        "Description":"MoonWindinstalls itself as a new service with automatic startup to establish persistence. The service checks every 60 seconds to determine if the malware is running; if not, it will spawn a new instance.[82]"
    },
    {
        "ID":"S0205",
        "Name":"Naid",
        "Description":"Naidcreates a new service to establish.[83]"
    },
    {
        "ID":"S0630",
        "Name":"Nebulae",
        "Description":"Nebulaecan create a service to establish persistence.[84]"
    },
    {
        "ID":"S0210",
        "Name":"Nerex",
        "Description":"Nerexcreates a Registry subkey that registers a new service.[85]"
    },
    {
        "ID":"S0118",
        "Name":"Nidiran",
        "Description":"Nidirancan create a new service named msamger (Microsoft Security Accounts Manager).[86]"
    },
    {
        "ID":"S1090",
        "Name":"NightClub",
        "Description":"NightClubhas created a Windows service namedWmdmPmSpto establish persistence.[87]"
    },
    {
        "ID":"S1100",
        "Name":"Ninja",
        "Description":"Ninjacan create the serviceshttpsvcandw3esvcfor persistence .[88]"
    },
    {
        "ID":"S0439",
        "Name":"Okrum",
        "Description":"To establish persistence,Okrumcan install itself as a new service named NtmSsvc.[89]"
    },
    {
        "ID":"C0012",
        "Name":"Operation CuckooBees",
        "Description":"DuringOperation CuckooBees, the threat actors modified theIKEEXTandPrintNotifyWindows services for persistence.[90]"
    },
    {
        "ID":"C0006",
        "Name":"Operation Honeybee",
        "Description":"DuringOperation Honeybee, threat actors installed DLLs and backdoors as Windows services.[91]"
    },
    {
        "ID":"S0664",
        "Name":"Pandora",
        "Description":"Pandorahas the ability to gain system privileges through Windows services.[92]"
    },
    {
        "ID":"S1031",
        "Name":"PingPull",
        "Description":"PingPullhas the ability to install itself as a service.[93]"
    },
    {
        "ID":"S0501",
        "Name":"PipeMon",
        "Description":"PipeMoncan establish persistence by registering a malicious DLL as an alternative Print Processor which is loaded when the print spooler service starts.[94]"
    },
    {
        "ID":"S0013",
        "Name":"PlugX",
        "Description":"PlugXcan be added as a service to establish persistence.PlugXalso has a module to change service configurations as well as start, control, and delete services.[95][96][97][98][99]"
    },
    {
        "ID":"S0012",
        "Name":"PoisonIvy",
        "Description":"PoisonIvycreates a Registry subkey that registers a new service.PoisonIvyalso creates a Registry entry modifying the Logical Disk Manager service to point to a malicious DLL dropped to disk.[100]"
    },
    {
        "ID":"S0194",
        "Name":"PowerSploit",
        "Description":"PowerSploitcontains a collection of Privesc-PowerUp modules that can discover and replace\/modify service binaries, paths, and configs.[101][102]"
    },
    {
        "ID":"G0056",
        "Name":"PROMETHIUM",
        "Description":"PROMETHIUMhas created new services and modified existing services for persistence.[103]"
    },
    {
        "ID":"S0029",
        "Name":"PsExec",
        "Description":"PsExeccan leverage Windows services to escalate privileges from administrator to SYSTEM with the-sargument.[104]"
    },
    {
        "ID":"S0650",
        "Name":"QakBot",
        "Description":"QakBotcan remotely create a temporary service on a target host.[105]"
    },
    {
        "ID":"S0481",
        "Name":"Ragnar Locker",
        "Description":"Ragnar Lockerhas used sc.exe to create a new service for the VirtualBox driver.[106]"
    },
    {
        "ID":"S0629",
        "Name":"RainyDay",
        "Description":"RainyDaycan use services to establish persistence.[84]"
    },
    {
        "ID":"S0169",
        "Name":"RawPOS",
        "Description":"RawPOSinstalls itself as a service to maintain persistence.[107][108][109]"
    },
    {
        "ID":"S0495",
        "Name":"RDAT",
        "Description":"RDAThas created a service when it is installed on the victim machine.[110]"
    },
    {
        "ID":"S0172",
        "Name":"Reaver",
        "Description":"Reaverinstalls itself as a new service.[111]"
    },
    {
        "ID":"S0074",
        "Name":"Sakula",
        "Description":"SomeSakulasamples install themselves as services for persistence by calling WinExec with thenet startargument.[112]"
    },
    {
        "ID":"S1099",
        "Name":"Samurai",
        "Description":"Samuraican create a service atHKLM\\SOFTWARE\\Microsoft\\Windows NT\\CurrentVersion\\SvcHostto trigger execution and maintain persistence.[88]"
    },
    {
        "ID":"S0345",
        "Name":"Seasalt",
        "Description":"Seasaltis capable of installing itself as a service.[113]"
    },
    {
        "ID":"S0140",
        "Name":"Shamoon",
        "Description":"Shamooncreates a new service named \"ntssrv\" to execute the payload. Newer versions create the \"MaintenaceSrv\" and \"hdv_725x\" services.[114][115]"
    },
    {
        "ID":"S0444",
        "Name":"ShimRat",
        "Description":"ShimRathas installed a Windows service to maintain persistence on victim machines.[116]"
    },
    {
        "ID":"S0692",
        "Name":"SILENTTRINITY",
        "Description":"SILENTTRINITYcan establish persistence by creating a new service.[117]"
    },
    {
        "ID":"S0533",
        "Name":"SLOTHFULMEDIA",
        "Description":"SLOTHFULMEDIAhas created a service on victim machines named \"TaskFrame\" to establish persistence.[118]"
    },
    {
        "ID":"S1037",
        "Name":"STARWHALE",
        "Description":"STARWHALEhas the ability to create the following Windows service to establish persistence on an infected host:sc create Windowscarpstss binpath= \"cmd.exe \/c cscript.exe c:\\\\windows\\\\system32\\\\w7_1.wsf humpback_whale\" start= \"auto\" obj= \"LocalSystem\".[119]"
    },
    {
        "ID":"S0142",
        "Name":"StreamEx",
        "Description":"StreamExestablishes persistence by installing a new service pointing to its DLL and setting the service to auto-start.[120]"
    },
    {
        "ID":"S0491",
        "Name":"StrongPity",
        "Description":"StrongPityhas created new services and modified existing services for persistence.[121]"
    },
    {
        "ID":"S0603",
        "Name":"Stuxnet",
        "Description":"Stuxnetuses a driver registered as a boot start service as the main load-point.[122]"
    },
    {
        "ID":"S1049",
        "Name":"SUGARUSH",
        "Description":"SUGARUSHhas created a service namedService1for persistence.[123]"
    },
    {
        "ID":"S0663",
        "Name":"SysUpdate",
        "Description":"SysUpdatecan create a service to establish persistence.[92]"
    },
    {
        "ID":"S0164",
        "Name":"TDTESS",
        "Description":"If running as administrator,TDTESSinstalls itself as a new service named bmwappushservice to establish persistence.[124]"
    },
    {
        "ID":"G0139",
        "Name":"TeamTNT",
        "Description":"TeamTNThas used malware that adds cryptocurrency miners as a service.[125]"
    },
    {
        "ID":"S0560",
        "Name":"TEARDROP",
        "Description":"TEARDROPran as a Windows service from thec:\\windows\\syswow64folder.[126][127]"
    },
    {
        "ID":"G0027",
        "Name":"Threat Group-3390",
        "Description":"Threat Group-3390's malware can create a new service, sometimes naming it after the config information, to gain persistence.[128][129]"
    },
    {
        "ID":"S0665",
        "Name":"ThreatNeedle",
        "Description":"ThreatNeedlecan run in memory and register its payload as a Windows service.[130]"
    },
    {
        "ID":"S0004",
        "Name":"TinyZBot",
        "Description":"TinyZBotcan install as a Windows service for persistence.[131]"
    },
    {
        "ID":"S0266",
        "Name":"TrickBot",
        "Description":"TrickBotestablishes persistence by creating an autostart service that allows it to run whenever the machine boots.[132]"
    },
    {
        "ID":"G0081",
        "Name":"Tropic Trooper",
        "Description":"Tropic Trooperhas installed a service pointing to a malicious DLL dropped to disk.[133]"
    },
    {
        "ID":"S0263",
        "Name":"TYPEFRAME",
        "Description":"TYPEFRAMEvariants can add malicious DLL modules as new services.TYPEFRAMEcan also delete services from the victim’s machine.[134]"
    },
    {
        "ID":"S0022",
        "Name":"Uroburos",
        "Description":"Uroburoshas registered a service, typically namedWerFaultSvc, to decrypt and find a kernel driver and kernel driver loader to maintain persistence.[135]"
    },
    {
        "ID":"S0386",
        "Name":"Ursnif",
        "Description":"Ursnifhas registered itself as a system service in the Registry for automatic execution at system startup.[136]"
    },
    {
        "ID":"S0180",
        "Name":"Volgmer",
        "Description":"Volgmerinstalls a copy of itself in a randomly selected service, then overwrites the ServiceDLL entry in the service's Registry entry. SomeVolgmervariants also install .dll files as services with names generated by a list of hard-coded strings.[137][138][139]"
    },
    {
        "ID":"S0366",
        "Name":"WannaCry",
        "Description":"WannaCrycreates the service \"mssecsvc2.0\" with the display name \"Microsoft Security Center (2.0) Service.\"[140][141]"
    },
    {
        "ID":"S0612",
        "Name":"WastedLocker",
        "Description":"WastedLockercreated and established a service that runs until the encryption process is complete.[142]"
    },
    {
        "ID":"S0206",
        "Name":"Wiarp",
        "Description":"Wiarpcreates a backdoor through which remote attackers can create a service.[143]"
    },
    {
        "ID":"S0176",
        "Name":"Wingbird",
        "Description":"Wingbirduses services.exe to register a new autostart service named \"Audit Service\" using a copy of the local lsass.exe file.[144][145]"
    },
    {
        "ID":"S0141",
        "Name":"Winnti for Windows",
        "Description":"Winnti for Windowssets its DLL file as a new service in the Registry to establish persistence.[146]"
    },
    {
        "ID":"G0102",
        "Name":"Wizard Spider",
        "Description":"Wizard Spiderhas installedTrickBotas a service named ControlServiceA in order to establish persistence.[147][148]"
    },
    {
        "ID":"S0230",
        "Name":"ZeroT",
        "Description":"ZeroTcan add a new service to ensurePlugXpersists on the system when delivered as another payload onto the system.[99]"
    },
    {
        "ID":"S0086",
        "Name":"ZLib",
        "Description":"ZLibcreates Registry keys to allow itself to run as various services.[149]"
    },
    {
        "ID":"S0350",
        "Name":"zwShell",
        "Description":"zwShellhas established persistence by adding itself as a new service.[150]"
    },
    {
        "ID":"S0412",
        "Name":"ZxShell",
        "Description":"ZxShellcan create a new service using the service parser function ProcessScCommand.[151]"
    }
]