[
    {
        "ID":"DS0017",
        "Data Source":"Command",
        "Data Component":"Command Execution",
        "Detects":"Monitor executed commands and arguments that may steal data by exfiltrating it over a symmetrically encrypted network protocol other than that of the existing command and control channel."
    },
    {
        "ID":"DS0022",
        "Data Source":"File",
        "Data Component":"File Access",
        "Detects":"Monitor files viewed in isolation that may steal data by exfiltrating it over a symmetrically encrypted network protocol other than that of the existing command and control channel."
    },
    {
        "ID":"DS0029",
        "Data Source":"Network Traffic",
        "Data Component":"Network Connection Creation",
        "Detects":"Monitor for newly constructed network connections that are sent or received by untrusted hosts."
    },
    {
        "ID":"",
        "Data Source":"",
        "Data Component":"Network Traffic Content",
        "Detects":"Monitor and analyze traffic patterns and packet inspection associated to protocol(s) that do not follow the expected protocol standards and traffic flows (e.g extraneous packets that do not belong to established flows, gratuitous or anomalous traffic patterns, anomalous syntax, or structure). Consider correlation with process monitoring and command line to detect anomalous processes execution and command line arguments associated to traffic patterns (e.g. monitor anomalies in use of files that do not normally initiate connections for respective protocol(s))."
    },
    {
        "ID":"",
        "Data Source":"",
        "Data Component":"Network Traffic Flow",
        "Detects":"Monitor network data for uncommon data flows. Processes utilizing the network that do not normally have network communication or have never been seen before are suspicious."
    }
]