[
    {
        "ID":"S0045",
        "Name":"ADVSTORESHELL",
        "Description":"C2 traffic fromADVSTORESHELLis encrypted, then encoded with Base64 encoding.[3]"
    },
    {
        "ID":"G0073",
        "Name":"APT19",
        "Description":"AnAPT19HTTP malware variant used Base64 to encode communications to the C2 server.[4]"
    },
    {
        "ID":"G0064",
        "Name":"APT33",
        "Description":"APT33has used base64 to encode command and control traffic.[5]"
    },
    {
        "ID":"S0373",
        "Name":"Astaroth",
        "Description":"Astarothencodes data using Base64 before sending it to the C2 server.[6]"
    },
    {
        "ID":"S0129",
        "Name":"AutoIt backdoor",
        "Description":"AutoIt backdoorhas sent a C2 response that was base64-encoded.[7]"
    },
    {
        "ID":"S0414",
        "Name":"BabyShark",
        "Description":"BabySharkhas encoded data usingcertutilbefore exfiltration.[8]"
    },
    {
        "ID":"S0093",
        "Name":"Backdoor.Oldrea",
        "Description":"SomeBackdoor.Oldreasamples use standard Base64 + bzip2, and some use standard Base64 + reverse XOR + RSA-2048 to decrypt data received from C2 servers.[9]"
    },
    {
        "ID":"S0128",
        "Name":"BADNEWS",
        "Description":"BADNEWSencodes C2 traffic with base64.[7][10][11]"
    },
    {
        "ID":"S0268",
        "Name":"Bisonal",
        "Description":"Bisonalhas encoded binary data with Base64 and ASCII.[12][13]"
    },
    {
        "ID":"S0520",
        "Name":"BLINDINGCAN",
        "Description":"BLINDINGCANhas encoded its C2 traffic with Base64.[14]"
    },
    {
        "ID":"G0060",
        "Name":"BRONZE BUTLER",
        "Description":"SeveralBRONZE BUTLERtools encode data with base64 when posting it to a C2 server.[15]"
    },
    {
        "ID":"S0014",
        "Name":"BS2005",
        "Description":"BS2005uses Base64 encoding for communication in the message body of an HTTP request.[16]"
    },
    {
        "ID":"S1039",
        "Name":"Bumblebee",
        "Description":"Bumblebeehas the ability to base64 encode C2 server responses.[17]"
    },
    {
        "ID":"S0030",
        "Name":"Carbanak",
        "Description":"Carbanakencodes the message body of HTTP traffic with Base64.[18][19]"
    },
    {
        "ID":"S0631",
        "Name":"Chaes",
        "Description":"Chaeshas used Base64 to encode C2 communications.[20]"
    },
    {
        "ID":"S0674",
        "Name":"CharmPower",
        "Description":"CharmPowercan send additional modules over C2 encoded with base64.[21]"
    },
    {
        "ID":"S0144",
        "Name":"ChChes",
        "Description":"ChChescan encode C2 data with a custom technique that utilizes Base64.[22][23]"
    },
    {
        "ID":"S0154",
        "Name":"Cobalt Strike",
        "Description":"Cobalt Strikecan use Base64, URL-safe Base64, or NetBIOS encoding in its C2 traffic.[24]"
    },
    {
        "ID":"S0338",
        "Name":"Cobian RAT",
        "Description":"Cobian RATobfuscates communications with the C2 server using Base64 encoding.[25]"
    },
    {
        "ID":"S0137",
        "Name":"CORESHELL",
        "Description":"CORESHELLC2 messages are Base64-encoded.[26]"
    },
    {
        "ID":"S1024",
        "Name":"CreepySnail",
        "Description":"CreepySnailcan use Base64 to encode its C2 traffic.[27]"
    },
    {
        "ID":"S0673",
        "Name":"DarkWatchman",
        "Description":"DarkWatchmanencodes data using hexadecimal representation before sending it to the C2 server.[28]"
    },
    {
        "ID":"S0187",
        "Name":"Daserf",
        "Description":"Daserfuses custom base64 encoding to obfuscate HTTP traffic.[15]"
    },
    {
        "ID":"S0354",
        "Name":"Denis",
        "Description":"Denisencodes the data sent to the server in Base64.[29]"
    },
    {
        "ID":"S0200",
        "Name":"Dipsind",
        "Description":"Dipsindencodes C2 traffic with base64.[30]"
    },
    {
        "ID":"S1021",
        "Name":"DnsSystem",
        "Description":"DnsSystemcan Base64 encode data sent to C2.[31]"
    },
    {
        "ID":"S0472",
        "Name":"down_new",
        "Description":"down_newhas the ability to base64 encode C2 communications.[32]"
    },
    {
        "ID":"S0377",
        "Name":"Ebury",
        "Description":"Eburyhas encoded C2 traffic in hexadecimal format.[33]"
    },
    {
        "ID":"S0081",
        "Name":"Elise",
        "Description":"Eliseexfiltrates data using cookie values that are Base64-encoded.[34]"
    },
    {
        "ID":"S0367",
        "Name":"Emotet",
        "Description":"Emotethas used Google’s Protobufs to serialize data sent to and from the C2 server.[35]"
    },
    {
        "ID":"S0171",
        "Name":"Felismus",
        "Description":"SomeFelismussamples use a custom method for C2 traffic that utilizes Base64.[36]"
    },
    {
        "ID":"S0696",
        "Name":"Flagpro",
        "Description":"Flagprohas encoded bidirectional data communications between a target system and C2 server using Base64.[37]"
    },
    {
        "ID":"S0410",
        "Name":"Fysbis",
        "Description":"Fysbiscan use Base64 to encode its C2 traffic.[38]"
    },
    {
        "ID":"S0032",
        "Name":"gh0st RAT",
        "Description":"gh0st RAThas used Zlib to compress C2 communications data before encrypting it.[39]"
    },
    {
        "ID":"S1117",
        "Name":"GLASSTOKEN",
        "Description":"GLASSTOKENhas hexadecimal and Base64 encoded C2 content.[40]"
    },
    {
        "ID":"S0632",
        "Name":"GrimAgent",
        "Description":"GrimAgentcan base64 encode C2 replies.[41]"
    },
    {
        "ID":"G0125",
        "Name":"HAFNIUM",
        "Description":"HAFNIUMhas used ASCII encoding for C2 traffic.[42]"
    },
    {
        "ID":"S0170",
        "Name":"Helminth",
        "Description":"For C2 over HTTP,Helminthencodes data with base64 and sends it via the \"Cookie\" field of HTTP requests. For C2 over DNS,Helminthconverts ASCII characters into their hexadecimal values and sends the data in cleartext.[43]"
    },
    {
        "ID":"S0376",
        "Name":"HOPLIGHT",
        "Description":"HOPLIGHThas utilized Zlib compression to obfuscate the communications payload.[44]"
    },
    {
        "ID":"S0015",
        "Name":"Ixeshe",
        "Description":"Ixesheuses custom Base64 encoding schemes to obfuscate command and control traffic in the message body of HTTP requests.[45][46]"
    },
    {
        "ID":"S0044",
        "Name":"JHUHUGIT",
        "Description":"AJHUHUGITvariant encodes C2 POST data base64.[47]"
    },
    {
        "ID":"S0265",
        "Name":"Kazuar",
        "Description":"Kazuarencodes communications to the C2 server in Base64.[48]"
    },
    {
        "ID":"S0487",
        "Name":"Kessel",
        "Description":"Kesselhas exfiltrated data via hexadecimal-encoded subdomain fields of DNS queries.[49]"
    },
    {
        "ID":"S1020",
        "Name":"Kevin",
        "Description":"Kevincan Base32 encode chunks of output files during exfiltration.[50]"
    },
    {
        "ID":"S0356",
        "Name":"KONNI",
        "Description":"KONNIhas used a custom base64 key to encode stolen data before exfiltration.[51]"
    },
    {
        "ID":"G0032",
        "Name":"Lazarus Group",
        "Description":"ALazarus Groupmalware sample encodes data with base64.[52]"
    },
    {
        "ID":"S0409",
        "Name":"Machete",
        "Description":"Machetehas used base64 encoding.[53]"
    },
    {
        "ID":"S1060",
        "Name":"Mafalda",
        "Description":"Mafaldacan encode data using Base64 prior to exfiltration.[54]"
    },
    {
        "ID":"S0459",
        "Name":"MechaFlounder",
        "Description":"MechaFlounderhas the ability to use base16 encoded strings in C2.[55]"
    },
    {
        "ID":"S0084",
        "Name":"Mis-Type",
        "Description":"Mis-Typeuses Base64 encoding for C2 traffic.[56]"
    },
    {
        "ID":"S0083",
        "Name":"Misdat",
        "Description":"Misdatnetwork traffic is Base64-encoded plaintext.[56]"
    },
    {
        "ID":"S1026",
        "Name":"Mongall",
        "Description":"Mongallcan use Base64 to encode information sent to its C2.[57]"
    },
    {
        "ID":"S0284",
        "Name":"More_eggs",
        "Description":"More_eggshas used basE91 encoding, along with encryption, for C2 communication.[58]"
    },
    {
        "ID":"S1047",
        "Name":"Mori",
        "Description":"Morican use Base64 encoded JSON libraries used in C2.[59]"
    },
    {
        "ID":"G0069",
        "Name":"MuddyWater",
        "Description":"MuddyWaterhas used tools to encode C2 communications including Base64 encoding.[60][61]"
    },
    {
        "ID":"S0385",
        "Name":"njRAT",
        "Description":"njRATuses Base64 encoding for C2 traffic.[62]"
    },
    {
        "ID":"S0340",
        "Name":"Octopus",
        "Description":"Octopushas encoded C2 communications in Base64.[63]"
    },
    {
        "ID":"S0439",
        "Name":"Okrum",
        "Description":"Okrumhas used base64 to encode C2 communication.[64]"
    },
    {
        "ID":"S0264",
        "Name":"OopsIE",
        "Description":"OopsIEencodes data in hexadecimal format over the C2 channel.[65]"
    },
    {
        "ID":"S0352",
        "Name":"OSX_OCEANLOTUS.D",
        "Description":"OSX_OCEANLOTUS.Dhas usedzlibto compress all data after 0x52 for the custom TCP C2 protocol.[66]"
    },
    {
        "ID":"G0040",
        "Name":"Patchwork",
        "Description":"Patchworkused Base64 to encode C2 traffic.[67]"
    },
    {
        "ID":"S1031",
        "Name":"PingPull",
        "Description":"PingPullcan encode C2 traffic with Base64.[68]"
    },
    {
        "ID":"S0124",
        "Name":"Pisloader",
        "Description":"Responses from thePisloaderC2 server are base32-encoded.[69]"
    },
    {
        "ID":"S0441",
        "Name":"PowerShower",
        "Description":"PowerShowerhas the ability to encode C2 communications with base64 encoding.[70][71]"
    },
    {
        "ID":"S0223",
        "Name":"POWERSTATS",
        "Description":"POWERSTATSencoded C2 traffic with base64.[72]"
    },
    {
        "ID":"S0184",
        "Name":"POWRUNER",
        "Description":"POWRUNERcan use base64 encoded C2 communications.[73]"
    },
    {
        "ID":"S0113",
        "Name":"Prikormka",
        "Description":"Prikormkaencodes C2 traffic with Base64.[74]"
    },
    {
        "ID":"S1108",
        "Name":"PULSECHECK",
        "Description":"PULSECHECKcan base-64 encode encrypted data sent through C2.[75]"
    },
    {
        "ID":"S0650",
        "Name":"QakBot",
        "Description":"QakBotcan Base64 encode system information sent to C2.[76][77]"
    },
    {
        "ID":"S0269",
        "Name":"QUADAGENT",
        "Description":"QUADAGENTencodes C2 communications with base64.[78]"
    },
    {
        "ID":"S1076",
        "Name":"QUIETCANARY",
        "Description":"QUIETCANARYcan base64 encode C2 communications.[79]"
    },
    {
        "ID":"S0458",
        "Name":"Ramsay",
        "Description":"Ramsayhas used base64 to encode its C2 traffic.[80]"
    },
    {
        "ID":"S0495",
        "Name":"RDAT",
        "Description":"RDATcan communicate with the C2 via base32-encoded subdomains.[81]"
    },
    {
        "ID":"S0379",
        "Name":"Revenge RAT",
        "Description":"Revenge RATuses Base64 to encode information sent to the C2 server.[82]"
    },
    {
        "ID":"S0270",
        "Name":"RogueRobin",
        "Description":"RogueRobinbase64 encodes strings that are sent to the C2 over its DNS tunnel.[83]"
    },
    {
        "ID":"S1078",
        "Name":"RotaJakiro",
        "Description":"RotaJakirouses ZLIB Compression to compresses data sent to the C2 server in thepayloadsection network communication packet.[84]"
    },
    {
        "ID":"S0085",
        "Name":"S-Type",
        "Description":"S-Typeuses Base64 encoding for C2 traffic.[56]"
    },
    {
        "ID":"S1018",
        "Name":"Saint Bot",
        "Description":"Saint Bothas used Base64 to encode its C2 communications.[85]"
    },
    {
        "ID":"S1099",
        "Name":"Samurai",
        "Description":"Samuraican base64 encode data sent in C2 communications prior to its encryption.[86]"
    },
    {
        "ID":"G0034",
        "Name":"Sandworm Team",
        "Description":"Sandworm Team's BCS-server tool uses base64 encoding and HTML tags for the communication traffic between the C2 server.[87]"
    },
    {
        "ID":"S1085",
        "Name":"Sardonic",
        "Description":"Sardoniccan encode client ID data in 32 uppercase hex characters and transfer to the actor-controlled C2 server.[88]"
    },
    {
        "ID":"S0053",
        "Name":"SeaDuke",
        "Description":"SeaDukeC2 traffic is base64-encoded.[89]"
    },
    {
        "ID":"S0610",
        "Name":"SideTwist",
        "Description":"SideTwisthas used Base64 for encoded C2 traffic.[90]"
    },
    {
        "ID":"S1110",
        "Name":"SLIGHTPULSE",
        "Description":"SLIGHTPULSEcan base64 encode all incoming and outgoing C2 messages.[75]"
    },
    {
        "ID":"S0633",
        "Name":"Sliver",
        "Description":"Slivercan use standard encoding techniques like gzip and hex to ASCII to encode the C2 communication payload.[91]"
    },
    {
        "ID":"S0649",
        "Name":"SMOKEDHAM",
        "Description":"SMOKEDHAMhas encoded its C2 traffic with Base64.[92]"
    },
    {
        "ID":"S0543",
        "Name":"Spark",
        "Description":"Sparkhas encoded communications with the C2 server with base64.[93]"
    },
    {
        "ID":"S0374",
        "Name":"SpeakUp",
        "Description":"SpeakUpencodes C&C communication using Base64.[94]"
    },
    {
        "ID":"S1030",
        "Name":"Squirrelwaffle",
        "Description":"Squirrelwafflehas encoded its communications to C2 servers using Base64.[95]"
    },
    {
        "ID":"S1037",
        "Name":"STARWHALE",
        "Description":"STARWHALEhas the ability to hex-encode collected data from an infected host.[59]"
    },
    {
        "ID":"S1112",
        "Name":"STEADYPULSE",
        "Description":"STEADYPULSEcan transmit URL encoded data over C2.[75]"
    },
    {
        "ID":"S0603",
        "Name":"Stuxnet",
        "Description":"Stuxnettransforms encrypted binary data into an ASCII string in order to use it as a URL parameter value.[96]"
    },
    {
        "ID":"S0559",
        "Name":"SUNBURST",
        "Description":"SUNBURSTused Base64 encoding in its C2 traffic.[97]"
    },
    {
        "ID":"S0663",
        "Name":"SysUpdate",
        "Description":"SysUpdatehas used Base64 to encode its C2 traffic.[98]"
    },
    {
        "ID":"G0127",
        "Name":"TA551",
        "Description":"TA551has used encoded ASCII text for initial C2 communications.[99]"
    },
    {
        "ID":"S0678",
        "Name":"Torisma",
        "Description":"Torismahas encoded C2 communications with Base64.[100]"
    },
    {
        "ID":"S0266",
        "Name":"TrickBot",
        "Description":"TrickBotcan Base64-encode C2 commands.[101]"
    },
    {
        "ID":"G0081",
        "Name":"Tropic Trooper",
        "Description":"Tropic Trooperhas used base64 encoding to hide command strings delivered from the C2.[102]"
    },
    {
        "ID":"S0476",
        "Name":"Valak",
        "Description":"Valakhas returned C2 data as encoded ASCII.[99]"
    },
    {
        "ID":"S1116",
        "Name":"WARPWIRE",
        "Description":"WARPWIREcan Base64 encode captured credentials withbtoa()prior to sending to C2.[103]"
    },
    {
        "ID":"S0514",
        "Name":"WellMess",
        "Description":"WellMesshas used Base64 encoding to uniquely identify communication to and from the C2.[104]"
    },
    {
        "ID":"S1115",
        "Name":"WIREFIRE",
        "Description":"WIREFIREcan Base64 encode process output sent to C2.[103]"
    },
    {
        "ID":"S0653",
        "Name":"xCaon",
        "Description":"xCaonhas used Base64 to encode its C2 traffic.[105]"
    },
    {
        "ID":"S0251",
        "Name":"Zebrocy",
        "Description":"Zebrocyhas used URL\/Percent Encoding on data exfiltrated via HTTP POST requests.[106]"
    }
]