[
    {
        "ID":"G0001",
        "Name":"Axiom",
        "Description":"Axiomhas used steganography to hide its C2 communications.[1]"
    },
    {
        "ID":"S0187",
        "Name":"Daserf",
        "Description":"Daserfcan use steganography to hide malicious code downloaded to the victim.[2]"
    },
    {
        "ID":"S0038",
        "Name":"Duqu",
        "Description":"When theDuqucommand and control is operating over HTTP or HTTPS, Duqu uploads data to its controller by appending it to a blank JPG file.[3]"
    },
    {
        "ID":"S0037",
        "Name":"HAMMERTOSS",
        "Description":"HAMMERTOSSis controlled via commands that are appended to image files.[4]"
    },
    {
        "ID":"S0395",
        "Name":"LightNeuron",
        "Description":"LightNeuronis controlled via commands that are embedded into PDFs and JPGs using steganographic methods.[5]"
    },
    {
        "ID":"C0023",
        "Name":"Operation Ghost",
        "Description":"DuringOperation Ghost,APT29used steganography to hide the communications between the implants and their C&C servers.[6]"
    },
    {
        "ID":"S0495",
        "Name":"RDAT",
        "Description":"RDATcan process steganographic images attached to email messages to send and receive C2 commands.RDATcan also embed additional messages within BMP images to communicate with theRDAToperator.[7]"
    },
    {
        "ID":"S0633",
        "Name":"Sliver",
        "Description":"Slivercan encode binary data into a .PNG file for C2 communication.[8]"
    },
    {
        "ID":"S0559",
        "Name":"SUNBURST",
        "Description":"SUNBURSTC2 data attempted to appear as benign XML related to .NET assemblies or as a faux JSON blob.[9][10][11]"
    },
    {
        "ID":"S0230",
        "Name":"ZeroT",
        "Description":"ZeroThas retrieved stage 2 payloads as Bitmap images that use Least Significant Bit (LSB) steganography.[12][13]"
    },
    {
        "ID":"S0672",
        "Name":"Zox",
        "Description":"Zoxhas used the .PNG file format for C2 communications.[1]"
    }
]