[
    {
        "ID":"G1024",
        "Name":"Akira",
        "Description":"Akirahas accessed and downloaded information stored in SharePoint instances as part of data gathering and exfiltration activity.[1]"
    },
    {
        "ID":"G0007",
        "Name":"APT28",
        "Description":"APT28has collected information from Microsoft SharePoint services within target networks.[2]"
    },
    {
        "ID":"C0027",
        "Name":"C0027",
        "Description":"DuringC0027,Scattered Spideraccessed victim SharePoint environments to search for VPN and MFA enrollment information, help desk instructions, and new hire guides.[3]"
    },
    {
        "ID":"G0114",
        "Name":"Chimera",
        "Description":"Chimerahas collected documents from the victim's SharePoint.[4]"
    },
    {
        "ID":"G0004",
        "Name":"Ke3chang",
        "Description":"Ke3changused a SharePoint enumeration and data dumping tool known as spwebmember.[5]"
    },
    {
        "ID":"G1004",
        "Name":"LAPSUS$",
        "Description":"LAPSUS$has searched a victim's network for collaboration platforms like SharePoint to discover further high-privilege account credentials.[6][7]"
    },
    {
        "ID":"S0227",
        "Name":"spwebmember",
        "Description":"spwebmemberis used to enumerate and dump information from Microsoft SharePoint.[5]"
    }
]