[
    {
        "ID":"DS0026",
        "Data Source":"Active Directory",
        "Data Component":"Active Directory Object Modification",
        "Detects":"Monitor for changes made to DACLs and file\/directory ownership. Many of the commands used to modify DACLs and file\/directory ownership are built-in system utilities and may generate a high false positive alert rate, so compare against baseline knowledge for how systems are typically used and correlate modification events with other indications of malicious activity where possible."
    },
    {
        "ID":"DS0017",
        "Data Source":"Command",
        "Data Component":"Command Execution",
        "Detects":"Monitor for executed commands and arguments for PowerShell cmdlets that can be used to retrieve or modify file and directory DACLs."
    },
    {
        "ID":"DS0022",
        "Data Source":"File",
        "Data Component":"File Metadata",
        "Detects":"Consider enabling file\/directory permission change auditing on folders containing key binary\/configuration files. For example, Windows Security Log events (Event ID 4670) are created when DACLs are modified.Adversaries sometimes modify object access rights at the operating system level. There are varying motivations behind this action - they may not want some files\/objects to be changed on systems for persistence reasons and therefore provide admin only rights; also, they may want files to be accessible with lower levels of permissions.Windows environment logs can be noisy, so we take the following into consideration:We need to exclude events generated by the local system (subject security ID \"NT AUTHORITY\\SYSTEM\") and focus on actual user events.When a permission modification is made for a folder, a new event log is generated for each subfolder and file under that folder. It is advised to group logs based on handle ID or user ID.The Windows security log (event ID 4670) also includes information about the process that modifies the file permissions. It is advised to focus on uncommon process names, and it is also uncommon for real-users to perform this task without a GUI.Pseudocode Event ID is for Windows Security Log (Event ID 4670 - Permissions on an object were changed).Windows Event ID 4719 (An Attempt Was Made to Access An Object) can also be used to alert on changes to Active Directory audit policy for a system.Analytic 1 - Access Permission Modification for Windows(source=\"*WinEventLog:Security\" EventCode IN (4670, 4719)) Object_Type=\"File\" Security_ID!=\"NT AUTHORITY\\SYSTEM\""
    },
    {
        "ID":"DS0009",
        "Data Source":"Process",
        "Data Component":"Process Creation",
        "Detects":"Monitor for newly constructed processes and\/or command-lines that can interact with the DACLs using built-in Windows commands, such as icacls, cacls, takeown, and attrib, which can grant adversaries higher permissions on specific files and folders."
    }
]