[
    {
        "ID":"DS0017",
        "Data Source":"Command",
        "Data Component":"Command Execution",
        "Detects":"Monitor executed commands and arguments that may establish persistence through executing malicious commands triggered by a user’s shell."
    },
    {
        "ID":"DS0022",
        "Data Source":"File",
        "Data Component":"File Creation",
        "Detects":"Monitor for newly constructed files that may establish persistence through executing malicious commands triggered by a user’s shell. For most Linux and macOS systems, a list of file paths for valid shell options available on a system are located in the\/etc\/shellsfile."
    },
    {
        "ID":"",
        "Data Source":"",
        "Data Component":"File Modification",
        "Detects":"Monitor for changes to\/etc\/profileand\/etc\/profile.d, these files should only be modified by system administrators. MacOS users can leverage Endpoint Security Framework file events monitoring these specific files.[16]"
    },
    {
        "ID":"DS0009",
        "Data Source":"Process",
        "Data Component":"Process Creation",
        "Detects":"Monitor newly executed processes that may establish persistence through executing malicious commands triggered by a user’s shell."
    }
]