[
    {
        "ID":"G0050",
        "Name":"APT32",
        "Description":"APT32has conducted targeted surveillance against activists and bloggers.[11]"
    },
    {
        "ID":"G1016",
        "Name":"FIN13",
        "Description":"FIN13has researched employees to target for social engineering attacks.[12]"
    },
    {
        "ID":"G1001",
        "Name":"HEXANE",
        "Description":"HEXANEhas identified specific potential victims at targeted organizations.[13]"
    },
    {
        "ID":"G1004",
        "Name":"LAPSUS$",
        "Description":"LAPSUS$has gathered detailed information of target employees to enhance their social engineering lures.[14]"
    },
    {
        "ID":"G0059",
        "Name":"Magic Hound",
        "Description":"Magic Houndhas acquired mobile phone numbers of potential targets, possibly for mobile malware or additional phishing operations.[15]"
    },
    {
        "ID":"C0022",
        "Name":"Operation Dream Job",
        "Description":"ForOperation Dream Job,Lazarus Groupconducted extensive reconnaissance research on potential targets.[16]"
    },
    {
        "ID":"C0014",
        "Name":"Operation Wocao",
        "Description":"DuringOperation Wocao, threat actors targeted people based on their organizational roles and privileges.[17]"
    }
]