[
    {
        "ID":"T1027.001",
        "Name":"Binary Padding"
    },
    {
        "ID":"T1027.002",
        "Name":"Software Packing"
    },
    {
        "ID":"T1027.003",
        "Name":"Steganography"
    },
    {
        "ID":"T1027.004",
        "Name":"Compile After Delivery"
    },
    {
        "ID":"T1027.005",
        "Name":"Indicator Removal from Tools"
    },
    {
        "ID":"T1027.006",
        "Name":"HTML Smuggling"
    },
    {
        "ID":"T1027.007",
        "Name":"Dynamic API Resolution"
    },
    {
        "ID":"T1027.008",
        "Name":"Stripped Payloads"
    },
    {
        "ID":"T1027.009",
        "Name":"Embedded Payloads"
    },
    {
        "ID":"T1027.010",
        "Name":"Command Obfuscation"
    },
    {
        "ID":"T1027.011",
        "Name":"Fileless Storage"
    },
    {
        "ID":"T1027.012",
        "Name":"LNK Icon Smuggling"
    },
    {
        "ID":"T1027.013",
        "Name":"Encrypted\/Encoded File"
    }
]