[
    {
        "ID":"C0028",
        "Name":"2015 Ukraine Electric Power Attack",
        "Description":"During the2015 Ukraine Electric Power Attack,Sandworm Teaminstalled a modified Dropbear SSH client as the backdoor to target systems.[5]"
    },
    {
        "ID":"G1024",
        "Name":"Akira",
        "Description":"Akirauses compromised VPN accounts for initial access to victim networks.[6]"
    },
    {
        "ID":"G0026",
        "Name":"APT18",
        "Description":"APT18actors leverage legitimate credentials to log into external remote services.[7]"
    },
    {
        "ID":"G0007",
        "Name":"APT28",
        "Description":"APT28has usedTorand a variety of commercial VPN services to route brute force authentication attempts.[8]"
    },
    {
        "ID":"G0016",
        "Name":"APT29",
        "Description":"APT29has used compromised identities to access networks via VPNs and Citrix.[9][10]"
    },
    {
        "ID":"G0096",
        "Name":"APT41",
        "Description":"APT41compromised an online billing\/payment service using VPN access between a third-party service provider and the targeted payment service.[11]"
    },
    {
        "ID":"C0027",
        "Name":"C0027",
        "Description":"DuringC0027,Scattered Spiderused Citrix and VPNs to persist in compromised environments.[12]"
    },
    {
        "ID":"C0032",
        "Name":"C0032",
        "Description":"During theC0032campaign,TEMP.Velesused VPN access to persist in the victim environment.[13]"
    },
    {
        "ID":"G0114",
        "Name":"Chimera",
        "Description":"Chimerahas used legitimate credentials to login to an external VPN, Citrix, SSH, and other remote services.[14][15]"
    },
    {
        "ID":"C0004",
        "Name":"CostaRicto",
        "Description":"DuringCostaRicto, the threat actors set up remote tunneling using an SSH tool to maintain access to a compromised environment.[16]"
    },
    {
        "ID":"S0600",
        "Name":"Doki",
        "Description":"Dokiwas executed through an open Docker daemon API port.[17]"
    },
    {
        "ID":"G0035",
        "Name":"Dragonfly",
        "Description":"Dragonflyhas used VPNs and Outlook Web Access (OWA) to maintain access to victim networks.[18][19]"
    },
    {
        "ID":"G1016",
        "Name":"FIN13",
        "Description":"FIN13has gained access to compromised environments via remote access services such as the corporate virtual private network (VPN).[20]"
    },
    {
        "ID":"G0053",
        "Name":"FIN5",
        "Description":"FIN5has used legitimate VPN, Citrix, or VNC credentials to maintain access to a victim environment.[21][22][23]"
    },
    {
        "ID":"G0093",
        "Name":"GALLIUM",
        "Description":"GALLIUMhas used VPN services, including SoftEther VPN, to access and maintain persistence in victim environments.[24][25]"
    },
    {
        "ID":"G0115",
        "Name":"GOLD SOUTHFIELD",
        "Description":"GOLD SOUTHFIELDhas used publicly-accessible RDP and remote management and monitoring (RMM) servers to gain access to victim machines.[26]"
    },
    {
        "ID":"S0601",
        "Name":"Hildegard",
        "Description":"Hildegardwas executed through an unsecure kubelet that allowed anonymous access to the victim environment.[4]"
    },
    {
        "ID":"G0004",
        "Name":"Ke3chang",
        "Description":"Ke3changhas gained access through VPNs including with compromised accounts and stolen VPN certificates.[27][28]"
    },
    {
        "ID":"G0094",
        "Name":"Kimsuky",
        "Description":"Kimsukyhas used RDP to establish persistence.[29]"
    },
    {
        "ID":"S0599",
        "Name":"Kinsing",
        "Description":"Kinsingwas executed in an Ubuntu container deployed via an open Docker daemon API.[30]"
    },
    {
        "ID":"G1004",
        "Name":"LAPSUS$",
        "Description":"LAPSUS$has gained access to internet-facing systems and applications, including virtual private network (VPN), remote desktop protocol (RDP), and virtual desktop infrastructure (VDI) including Citrix.[31][32]"
    },
    {
        "ID":"G0065",
        "Name":"Leviathan",
        "Description":"Leviathanhas used external remote services such as virtual private networks (VPN) to gain initial access.[33]"
    },
    {
        "ID":"S0362",
        "Name":"Linux Rabbit",
        "Description":"Linux Rabbitattempts to gain access to the server via SSH.[34]"
    },
    {
        "ID":"S1060",
        "Name":"Mafalda",
        "Description":"Mafaldacan establish an SSH connection from a compromised host to a server.[35]"
    },
    {
        "ID":"C0002",
        "Name":"Night Dragon",
        "Description":"DuringNight Dragon, threat actors used compromised VPN accounts to gain access to victim systems.[36]"
    },
    {
        "ID":"G0049",
        "Name":"OilRig",
        "Description":"OilRiguses remote services such as VPN, Citrix, or OWA to persist in an environment.[37]"
    },
    {
        "ID":"C0012",
        "Name":"Operation CuckooBees",
        "Description":"DuringOperation CuckooBees, the threat actors enabled WinRM over HTTP\/HTTPS as a backup persistence mechanism using the following command:cscript \/\/nologo \"C:\\Windows\\System32\\winrm.vbs\" set winrm\/config\/service@{EnableCompatibilityHttpsListener=\"true\"}.[38]"
    },
    {
        "ID":"C0014",
        "Name":"Operation Wocao",
        "Description":"DuringOperation Wocao, threat actors used stolen credentials to connect to the victim's network via VPN.[39]"
    },
    {
        "ID":"G0034",
        "Name":"Sandworm Team",
        "Description":"Sandworm Teamhas used Dropbear SSH with a hardcoded backdoor password to maintain persistence within the target network.Sandworm Teamhas also used VPN tunnels established in legitimate software company infrastructure to gain access to internal networks of that software company's users.[40][41][42]"
    },
    {
        "ID":"G1015",
        "Name":"Scattered Spider",
        "Description":"Scattered Spiderhas leveraged legitimate remote management tools to maintain persistent access.[43]"
    },
    {
        "ID":"C0024",
        "Name":"SolarWinds Compromise",
        "Description":"For theSolarWinds Compromise,APT29used compromised identities to access networks via SSH, VPNs, and other remote access tools.[44][45]"
    },
    {
        "ID":"G0139",
        "Name":"TeamTNT",
        "Description":"TeamTNThas used open-source tools such as Weave Scope to target exposed Docker API ports and gain initial access to victim environments.[46][47]TeamTNThas also targeted exposed kubelets for Kubernetes environments.[4]"
    },
    {
        "ID":"G0027",
        "Name":"Threat Group-3390",
        "Description":"Threat Group-3390actors look for and use VPN profiles during an operation to access the network using external VPN services.[48]Threat Group-3390has also obtained OWA account credentials during intrusions that it subsequently used to attempt to regain access when evicted from a victim network.[49]"
    },
    {
        "ID":"G0102",
        "Name":"Wizard Spider",
        "Description":"Wizard Spiderhas accessed victim networks by using stolen credentials to access the corporate VPN infrastructure.[50]"
    }
]