[
    {
        "ID":"M1047",
        "Mitigation":"Audit",
        "Description":"Inventory workstations for unauthorized VNC server software."
    },
    {
        "ID":"M1042",
        "Mitigation":"Disable or Remove Feature or Program",
        "Description":"Uninstall any VNC server software where not required."
    },
    {
        "ID":"M1037",
        "Mitigation":"Filter Network Traffic",
        "Description":"VNC defaults to TCP ports 5900 for the server, 5800 for browser access, and 5500 for a viewer in listening mode. Filtering or blocking these ports will inhibit VNC traffic utilizing default ports."
    },
    {
        "ID":"M1033",
        "Mitigation":"Limit Software Installation",
        "Description":"Restrict software installation to user groups that require it. A VNC server must be manually installed by the user or adversary."
    }
]