[
    {
        "ID":"DS0017",
        "Data Source":"Command",
        "Data Component":"Command Execution",
        "Detects":"Monitor executed commands and arguments that may acquire credentials from web browsers by reading files specific to the target browser.[1]"
    },
    {
        "ID":"DS0022",
        "Data Source":"File",
        "Data Component":"File Access",
        "Detects":"Identify web browser files that contain credentials such as Google Chrome’s Login Data database file:AppData\\Local\\Google\\Chrome\\User Data\\Default\\Login Data. Monitor file read events of web browser files that contain credentials, especially when the reading process is unrelated to the subject web browser."
    },
    {
        "ID":"DS0009",
        "Data Source":"Process",
        "Data Component":"OS API Execution",
        "Detects":"Monitor for API calls that may acquire credentials from web browsers by reading files specific to the target browser.[1]"
    },
    {
        "ID":"",
        "Data Source":"",
        "Data Component":"Process Access",
        "Detects":"Monitor process execution logs to include PowerShell Transcription focusing on those that perform a combination of behaviors including reading web browser process memory, utilizing regular expressions, and those that contain numerous keywords for common web applications (Gmail, Twitter, Office365, etc.)."
    }
]