[
    {
        "ID":"DS0017",
        "Data Source":"Command",
        "Data Component":"Command Execution",
        "Detects":"Command-line invocation of tools capable of modifying services may be unusual, depending on how systems are typically used in a particular environment. Look for abnormal process call trees from known services and for execution of other commands that could relate to Discovery or other adversary techniques."
    },
    {
        "ID":"DS0032",
        "Data Source":"Container",
        "Data Component":"Container Creation",
        "Detects":"Monitor for newly constructed containers that repeatedly execute malicious payloads as part of persistence or privilege escalation."
    },
    {
        "ID":"DS0027",
        "Data Source":"Driver",
        "Data Component":"Driver Load",
        "Detects":"Monitor for new service driver installations and loads (ex: Sysmon Event ID 6) that are not part of known software update\/patch cycles."
    },
    {
        "ID":"DS0022",
        "Data Source":"File",
        "Data Component":"File Creation",
        "Detects":"Monitor for newly constructed files that may create or modify system-level processes to repeatedly execute malicious payloads as part of persistence."
    },
    {
        "ID":"",
        "Data Source":"",
        "Data Component":"File Modification",
        "Detects":"Monitor for changes to files associated with system-level processes."
    },
    {
        "ID":"DS0009",
        "Data Source":"Process",
        "Data Component":"OS API Execution",
        "Detects":"Monitor for API calls that may create or modify system-level processes to repeatedly execute malicious payloads as part of persistence."
    },
    {
        "ID":"",
        "Data Source":"",
        "Data Component":"Process Creation",
        "Detects":"New, benign system processes may be created during installation of new software."
    },
    {
        "ID":"DS0019",
        "Data Source":"Service",
        "Data Component":"Service Creation",
        "Detects":"Monitor for newly constructed services\/daemons that may create or modify system-level processes to repeatedly execute malicious payloads as part of persistence."
    },
    {
        "ID":"",
        "Data Source":"",
        "Data Component":"Service Modification",
        "Detects":"Monitor for changes to system processes that do not correlate with known software, patch cycles, etc., including by comparing results against a trusted system baseline."
    },
    {
        "ID":"DS0024",
        "Data Source":"Windows Registry",
        "Data Component":"Windows Registry Key Creation",
        "Detects":"Monitor for newly constructed windows registry keys that may create or modify system-level processes to repeatedly execute malicious payloads as part of persistence."
    },
    {
        "ID":"",
        "Data Source":"",
        "Data Component":"Windows Registry Key Modification",
        "Detects":"Monitor for changes to windows registry keys and\/or values that may create or modify system-level processes to repeatedly execute malicious payloads as part of persistence."
    }
]