[
    {
        "ID":"DS0028",
        "Data Source":"Logon Session",
        "Data Component":"Logon Session Creation",
        "Detects":"Monitor for anomalous authentication activity, such as logons or other user session activity associated with unknown accounts. Monitor for unexpected and abnormal access to resources, including access of websites and cloud-based applications by the same user in different locations or by different systems that do not match expected configurations."
    },
    {
        "ID":"DS0006",
        "Data Source":"Web Credential",
        "Data Component":"Web Credential Usage",
        "Detects":"Monitor for the usage of unexpected or unusual cookies to access resources and services. Forged web cookies may be associated with unknown accounts and could be the result of compromised secrets such as passwords orPrivate Keys."
    }
]