[
    {
        "ID":"DS0015",
        "Data Source":"Application Log",
        "Data Component":"Application Log Content",
        "Detects":"In Office365 environments, consider using PurviewAudit to collect MailItemsAccessed events and monitoring for unusual email access behavior.[24]"
    },
    {
        "ID":"DS0017",
        "Data Source":"Command",
        "Data Component":"Command Execution",
        "Detects":"Monitor executed commands and arguments for actions that may target an Exchange server, Office 365, or Google Workspace to collect sensitive information."
    },
    {
        "ID":"DS0028",
        "Data Source":"Logon Session",
        "Data Component":"Logon Session Creation",
        "Detects":"Monitor for unusual login activity from unknown or abnormal locations, especially for privileged accounts (ex: Exchange administrator account)."
    },
    {
        "ID":"DS0029",
        "Data Source":"Network Traffic",
        "Data Component":"Network Connection Creation",
        "Detects":"Monitor for newly constructed network connections that are sent or received by untrusted hosts."
    }
]