[
    {
        "ID":"S0331",
        "Name":"Agent Tesla",
        "Description":"Agent Teslahas the ability to perform anti-sandboxing and anti-virtualization checks.[3]"
    },
    {
        "ID":"S0534",
        "Name":"Bazar",
        "Description":"Bazarcan attempt to overload sandbox analysis by sending 1550 calls toprintf.[4]"
    },
    {
        "ID":"S0268",
        "Name":"Bisonal",
        "Description":"Bisonalcan check to determine if the compromised system is running on VMware.[5]"
    },
    {
        "ID":"S1070",
        "Name":"Black Basta",
        "Description":"Black Bastacan make a random number of calls to thekernel32.beepfunction to hinder log analysis.[6]"
    },
    {
        "ID":"S1039",
        "Name":"Bumblebee",
        "Description":"Bumblebeehas the ability to perform anti-virtualization checks.[7]"
    },
    {
        "ID":"S0484",
        "Name":"Carberp",
        "Description":"Carberphas removed various hooks before installing the trojan or bootkit to evade sandbox analysis or other analysis software.[8]"
    },
    {
        "ID":"S0023",
        "Name":"CHOPSTICK",
        "Description":"CHOPSTICKincludes runtime checks to identify an analysis environment and prevent execution on it.[9]"
    },
    {
        "ID":"S0046",
        "Name":"CozyCar",
        "Description":"Some versions ofCozyCarwill check to ensure it is not being executed inside a virtual machine or a known malware analysis sandbox environment. If it detects that it is, it will exit.[10]"
    },
    {
        "ID":"G0012",
        "Name":"Darkhotel",
        "Description":"Darkhotelmalware has employed just-in-time decryption of strings to evade sandbox detection.[11]"
    },
    {
        "ID":"S0554",
        "Name":"Egregor",
        "Description":"Egregorhas used multiple anti-analysis and anti-sandbox techniques to prevent automated analysis by sandboxes.[12][13]"
    },
    {
        "ID":"S0666",
        "Name":"Gelsemium",
        "Description":"Gelsemiumcan use junk code to generate random activity to obscure malware behavior.[14]"
    },
    {
        "ID":"S0499",
        "Name":"Hancitor",
        "Description":"Hancitorhas used a macro to check that an ActiveDocument shape object in the lure message is present. If this object is not found, the macro will exit without downloading additional payloads.[15]"
    },
    {
        "ID":"S1020",
        "Name":"Kevin",
        "Description":"Kevincan sleep for a time interval between C2 communication attempts.[16]"
    },
    {
        "ID":"S0455",
        "Name":"Metamorfo",
        "Description":"Metamorfohas embedded a \"vmdetect.exe\" executable to identify virtual machines at the beginning of execution.[17]"
    },
    {
        "ID":"C0005",
        "Name":"Operation Spalax",
        "Description":"DuringOperation Spalax, the threat actors used droppers that would run anti-analysis checks before executing malware on a compromised host.[18]"
    },
    {
        "ID":"S0147",
        "Name":"Pteranodon",
        "Description":"Pteranodonhas the ability to use anti-detection functions to identify sandbox environments.[19]"
    },
    {
        "ID":"S0148",
        "Name":"RTM",
        "Description":"RTMcan detect if it is running within a sandbox or other virtualized analysis environment.[20]"
    },
    {
        "ID":"S1030",
        "Name":"Squirrelwaffle",
        "Description":"Squirrelwafflehas contained a hardcoded list of IP addresses to block that belong to sandboxes and analysis platforms.[21][22]"
    },
    {
        "ID":"S0380",
        "Name":"StoneDrill",
        "Description":"StoneDrillhas used several anti-emulation techniques to prevent automated analysis by emulators or sandboxes.[23]"
    }
]