[
    {
        "ID":"DS0015",
        "Data Source":"Application Log",
        "Data Component":"Application Log Content",
        "Detects":"When authentication is not required to access an exposed remote service, monitor for follow-on activities such as anomalous external use of the exposed API or application."
    },
    {
        "ID":"DS0028",
        "Data Source":"Logon Session",
        "Data Component":"Logon Session Metadata",
        "Detects":"Follow best practices for detecting adversary use ofValid Accountsfor authenticating to remote services. Collect authentication logs and analyze for unusual access patterns, windows of activity, and access outside of normal business hours."
    },
    {
        "ID":"DS0029",
        "Data Source":"Network Traffic",
        "Data Component":"Network Connection Creation",
        "Detects":"Monitor for newly constructed network connections that may use Valid Accounts to access and\/or persist within a network using External Remote Services. Use of External Remote Services may be legitimate depending on the environment and how it’s used. Other factors, such as access patterns and activity that occurs after a remote login, may indicate suspicious or malicious behavior using External Remote Services."
    },
    {
        "ID":"",
        "Data Source":"",
        "Data Component":"Network Traffic Content",
        "Detects":"Monitor and analyze traffic patterns and packet inspection associated to protocol(s) that do not follow the expected protocol standards and traffic flows (e.g extraneous packets that do not belong to established flows, gratuitous or anomalous traffic patterns, anomalous syntax, or structure). Consider correlation with process monitoring and command line to detect anomalous processes execution and command line arguments associated to traffic patterns (e.g. monitor anomalies in use of files that do not normally initiate connections for respective protocol(s))."
    },
    {
        "ID":"",
        "Data Source":"",
        "Data Component":"Network Traffic Flow",
        "Detects":"Monitor for network traffic originating from unknown\/unexpected hardware devices. Local network traffic metadata (such as source MAC addressing) as well as usage of network management protocols such as DHCP may be helpful in identifying hardware."
    }
]