[
    {
        "ID":"DS0015",
        "Data Source":"Application Log",
        "Data Component":"Application Log Content",
        "Detects":"Configuration management databases (CMDB) and other asset management systems may help with the detection of computer systems or network devices that should not exist on a network."
    },
    {
        "ID":"DS0032",
        "Data Source":"Container",
        "Data Component":"Container Creation",
        "Detects":"Monitor for newly constructed containers that may deploy a container into an environment to facilitate execution or evade defenses."
    },
    {
        "ID":"",
        "Data Source":"",
        "Data Component":"Container Start",
        "Detects":"Monitor for activation or invocation of a container that may deploy a container into an environment to facilitate execution or evade defenses."
    },
    {
        "ID":"DS0014",
        "Data Source":"Pod",
        "Data Component":"Pod Creation",
        "Detects":"Monitor for newly constructed pods that may deploy a container into an environment to facilitate execution or evade defenses."
    },
    {
        "ID":"",
        "Data Source":"",
        "Data Component":"Pod Modification",
        "Detects":"Monitor for changes made to pods for unexpected modifications to settings and\/or control data that may deploy a container into an environment to facilitate execution or evade defenses."
    }
]