[
    {
        "ID":"DS0017",
        "Data Source":"Command",
        "Data Component":"Command Execution",
        "Detects":"Ensure Launch Agent'sProgramArgumentskey pointing to executables located in the\/tmpor\/sharedfolders are in alignment with enterprise policy. Ensure all Launch Agents with theRunAtLoadkey set totrueare in alignment with policy."
    },
    {
        "ID":"DS0022",
        "Data Source":"File",
        "Data Component":"File Creation",
        "Detects":"Monitor for newly constructed files that may create or modify launch agents to repeatedly execute malicious payloads as part of persistence."
    },
    {
        "ID":"",
        "Data Source":"",
        "Data Component":"File Modification",
        "Detects":"Launch Agents also require files on disk for persistence which can also be monitored via other file monitoring applications."
    },
    {
        "ID":"DS0019",
        "Data Source":"Service",
        "Data Component":"Service Creation",
        "Detects":"Monitor Launch Agent creation through additional plist files and utilities such as Objective-See’s KnockKnock application."
    },
    {
        "ID":"",
        "Data Source":"",
        "Data Component":"Service Modification",
        "Detects":"Monitor for changes made to launch agents to repeatedly execute malicious payloads as part of persistence."
    }
]