[
    {
        "ID":"M1041",
        "Mitigation":"Encrypt Sensitive Information",
        "Description":"Enable AES Kerberos encryption (or another stronger encryption algorithm), rather than RC4, where possible.[2]"
    },
    {
        "ID":"M1027",
        "Mitigation":"Password Policies",
        "Description":"Ensure strong password length (ideally 25+ characters) and complexity for service accounts and that these passwords periodically expire.[2]Also consider using Group Managed Service Accounts or another third party product such as password vaulting.[2]"
    },
    {
        "ID":"M1026",
        "Mitigation":"Privileged Account Management",
        "Description":"Limit service accounts to minimal required privileges, including membership in privileged groups such as Domain Administrators.[2]"
    }
]