[
    {
        "ID":"DS0017",
        "Data Source":"Command",
        "Data Component":"Command Execution",
        "Detects":"Monitor processes and command-line arguments for actions that could create or modify services. Command-line invocation of tools capable of adding or modifying services may be unusual, depending on how systems are typically used in a particular environment. Services may also be modified through Windows system management tools such asWindows Management InstrumentationandPowerShell, so additional logging may need to be configured to gather the appropriate data. Also collect service utility execution and service binary path arguments used for analysis. Service binary paths may even be changed to execute commands or scripts."
    },
    {
        "ID":"DS0027",
        "Data Source":"Driver",
        "Data Component":"Driver Load",
        "Detects":"Monitor for new service driver installations and loads (ex: Sysmon Event ID 6) that are not part of known software update\/patch cycles.Note: Sysmon Event ID 6 (driver load) provides information on whether the loaded driver was signed with a valid signature (via theSignatureandSignatureStatusfields). As such, one way to help reduce the volume of alerts and false positives associated with this event is to filter and exclude any driver load events signed by common and legitimate publishers like Microsoft."
    },
    {
        "ID":"DS0022",
        "Data Source":"File",
        "Data Component":"File Metadata",
        "Detects":"Adversaries may modify the binary file for an existing service to achievePersistencewhile potentiallyDefense Evasion. If a newly created or modified runs as a service, it may indicate APT activity. However, services are frequently installed by legitimate software. A well-tuned baseline is essential to differentiating between benign and malicious service modifications. Look for events where a file was created and then later run as a service. In these cases, a new service has been created or the binary has been modified. Many programs, such as msiexec.exe, do these behaviors legitimately and can be used to help validate legitimate service creations\/modifications."
    },
    {
        "ID":"DS0029",
        "Data Source":"Network Traffic",
        "Data Component":"Network Traffic Flow",
        "Detects":"Monitor for several ways that code can execute on a remote host. One of the most common methods is via the Windows Service Control Manager (SCM), which allows authorized users to remotely create and modify services. Several tools, such asPsExec, use this functionality.When a client remotely communicates with the Service Control Manager, there are two observable behaviors. First, the client connects to the RPC Endpoint Mapper over 135\/tcp. This handles authentication, and tells the client what port the endpoint—in this case the SCM—is listening on. Then, the client connects directly to the listening port on services.exe. If the request is to start an existing service with a known command line, the the SCM process will run the corresponding command.This compound behavior can be detected by looking for services.exe receiving a network connection and immediately spawning a child process."
    },
    {
        "ID":"DS0009",
        "Data Source":"Process",
        "Data Component":"OS API Execution",
        "Detects":"Monitor for API calls that may create or modify Windows services (ex:CreateServiceW()) to repeatedly execute malicious payloads as part of persistence."
    },
    {
        "ID":"",
        "Data Source":"",
        "Data Component":"Process Creation",
        "Detects":"Suspicious program execution through services may show up as outlier processes that have not been seen before when compared against historical data. Look for abnormal process call trees from known services and for execution of other commands that could relate to Discovery or other adversary techniques. Data and events should not be viewed in isolation, but as part of a chain of behavior that could lead to other activities, such as network connections made for Command and Control, learning details about the environment through Discovery, and Lateral Movement.Windows runs the Service Control Manager (SCM) within the process services.exe. Windows launches services as independent processes or DLL loads within a svchost.exe group. To be a legitimate service, a process (or DLL) must have the appropriate service entry point SvcMain. If an application does not have the entry point, then it will timeout (default is 30 seconds) and the process will be killed.To survive the timeout, adversaries and red teams can create services that direct to cmd.exe with the flag \/c, followed by the desired command. The \/c flag causes the command shell to run a command and immediately exit. As a result, the desired program will remain running and it will report an error starting the service. This analytic will catch that command prompt instance that is used to launch the actual malicious executable. Additionally, the children and descendants of services.exe will run as a SYSTEM user by default.Note: Create a baseline of services seen over the last 30 days and a list of services seen today. Remove services in the baseline from services seen today, leaving a list of new services. Returns all processes named cmd.exe that have services.exe as a parent process. Because this should never happen, the \/c flag is redundant in the search.Analytic 2 - Services launching CMD(source=\"WinEventLog:Microsoft-Windows-Sysmon\/Operational\" EventCode=\"1\") OR (source=\"WinEventLog:Security\" EventCode=\"4688\") Image=\"cmd.exe\" and ParantImage=\"services.exe\""
    },
    {
        "ID":"DS0019",
        "Data Source":"Service",
        "Data Component":"Service Creation",
        "Detects":"Creation of new services may generate an alterable event (ex: Event ID 4697 and\/or 7045[154][155]), especially those associated with unknown\/abnormal drivers. New, benign services may be created during installation of new software.Analytic 1 - Creation of new services with unusual directory paths such as temporal files in APPDATA(source=\"WinEventLog:Security\" EventCode=\"4697\") OR (source=\"WinEventLog:System\" EventCode=\"7045\") | where ServiceFilePath LIKE \"%APPDATA%\" OR ServiceImage LIKE \"%PUBLIC%\""
    },
    {
        "ID":"",
        "Data Source":"",
        "Data Component":"Service Modification",
        "Detects":"Monitor for changes made to Windows services to repeatedly execute malicious payloads as part of persistence."
    },
    {
        "ID":"DS0024",
        "Data Source":"Windows Registry",
        "Data Component":"Windows Registry Key Creation",
        "Detects":"Monitor for new constructed windows registry keys that may create or modify Windows services to repeatedly execute malicious payloads as part of persistence.Analytic 1 - Creation of the HKLM\\System\\CurrentControlSet\\Services Registry keysource=\"*WinEventLog:Microsoft-Windows-Sysmon\/Operational\" EventCode=\"12\" TargetObject=\"HKLM\\System\\CurrentControlSet\\Services*\""
    },
    {
        "ID":"",
        "Data Source":"",
        "Data Component":"Windows Registry Key Modification",
        "Detects":"Look for changes to service Registry entries that do not correlate with known software, patch cycles, etc. Service information is stored in the Registry atHKLM\\SYSTEM\\CurrentControlSet\\Services. Changes to the binary path and the service startup type changed from manual or disabled to automatic, if it does not typically do so, may be suspicious. Tools such as Sysinternals Autoruns may also be used to detect system service changes that could be attempts at persistence.[156]Analytic 1 - Modification of the HKLM\\System\\CurrentControlSet\\Services Registry key(source=\"*WinEventLog:Microsoft-Windows-Sysmon\/Operational\" EventCode IN (13, 14) EventType= \"SetValue\" TargetObject=\"HKLM\\System\\CurrentControlSet\\Services*\" | where RegistryKeyPath LIKE \"%ImagePath%\" OR    RegistryKeyPath LIKE \"%Type%\" OR   RegistryKeyPath LIKE \"%DisplayName%\" OR   RegistryKeyPath LIKE \"%Objectname%\""
    }
]