[
    {
        "ID":"M1037",
        "Mitigation":"Filter Network Traffic",
        "Description":"Block SMB traffic from exiting an enterprise network with egress filtering or by blocking TCP ports 139, 445 and UDP port 137. Filter or block WebDAV protocol traffic from exiting the network. If access to external resources over SMB and WebDAV is necessary, then traffic should be tightly limited with allowlisting.[12][7]"
    },
    {
        "ID":"M1027",
        "Mitigation":"Password Policies",
        "Description":"Use strong passwords to increase the difficulty of credential hashes from being cracked if they are obtained."
    }
]