[
    {
        "ID":"M1042",
        "Mitigation":"Disable or Remove Feature or Program",
        "Description":"Disable WiFi connection, modem, cellular data connection, Bluetooth, or another radio frequency (RF) channel in local computer security settings or by group policy if it is not needed within an environment."
    },
    {
        "ID":"M1028",
        "Mitigation":"Operating System Configuration",
        "Description":"Prevent the creation of new network adapters where possible.[1][2]"
    }
]