[
    {
        "ID":"DS0015",
        "Data Source":"Application Log",
        "Data Component":"Application Log Content",
        "Detects":"Detecting software exploitation may be difficult depending on the tools available. Software exploits may not always succeed or may cause the exploited process to become unstable or crash."
    },
    {
        "ID":"DS0009",
        "Data Source":"Process",
        "Data Component":"Process Creation",
        "Detects":"Monitor for abnormal process creations, such as a Command and Scripting Interpreter spawning from a potentially exploited application. Also look for other behavior on the endpoint system that might indicate successful compromise, such as abnormal behavior of browser or Office processes.Example, it is not expected behavior for print spool service to be executing discovery type processes. However, this is one example and could be any number of native or third party processes that are executing either unusual or unknown (potentially adversary brought) processes.Note:- Analytic 1, look for instances where Office Applications (e.g., Word, Excel, PowerPoint) are launched with suspicious parameters or from unusual locations- Analytic 2, look for abnormal child process creation by Office Applications especially when accompanied by suspicious command-line parametersAnalytic 1 - Office Application Process Execution(source=\"WinEventLog:Microsoft-Windows-Sysmon\/Operational\" EventCode=\"1\") OR (source=\"WinEventLog:Security\" EventCode=\"4688\") AND (Image= \"\\winword.exe\" OR Image= \"\\excel.exe\" OR Image= \"\\powerpnt.exe\") AND (CommandLine= \"macro\" OR CommandLine= \"automation\" OR CommandLine= \"shellcode\") AND ParentCommandLine= \"open*\"Analytic 2 - Unusual Child Process Creation(source=\"WinEventLog:Microsoft-Windows-Sysmon\/Operational\" EventCode=\"1\") OR (source=\"WinEventLog:Security\" EventCode=\"4688\") AND (ParentImage= \"\\winword.exe\" OR ParentImage= \"\\excel.exe\" OR ParentImage= \"\\powerpnt.exe\") AND (Image != \"\\system32\\\" OR Image != \"*\\program files\")"
    }
]