[
    {
        "ID":"S0584",
        "Name":"AppleJeus",
        "Description":"AppleJeushas placed a plist file within theLaunchDaemonsfolder and launched it manually.[8][9]"
    },
    {
        "ID":"S0482",
        "Name":"Bundlore",
        "Description":"Bundlorecan persist via a LaunchDaemon.[10]"
    },
    {
        "ID":"S1105",
        "Name":"COATHANGER",
        "Description":"COATHANGERwill create a daemon for timed check-ins with command and control infrastructure.[11]"
    },
    {
        "ID":"S0497",
        "Name":"Dacls",
        "Description":"Daclscan establish persistence via a Launch Daemon.[12][13]"
    },
    {
        "ID":"S0690",
        "Name":"Green Lambert",
        "Description":"Green Lambertcan add a plist file in theLibrary\/LaunchDaemonsto establish persistence.[14][15]"
    },
    {
        "ID":"S0451",
        "Name":"LoudMiner",
        "Description":"LoudMineradds plist files with the naming formatcom.[random_name].plistin the\/Library\/LaunchDaemonsfolder with the RunAtLoad and KeepAlive keys set totrue.[16]"
    },
    {
        "ID":"S0352",
        "Name":"OSX_OCEANLOTUS.D",
        "Description":"If running withrootpermissions,OSX_OCEANLOTUS.Dcan create a persistence file in the folder\/Library\/LaunchDaemons.[17][18]"
    },
    {
        "ID":"S0595",
        "Name":"ThiefQuest",
        "Description":"When running with root privileges after aLaunch Agentis installed,ThiefQuestinstalls a plist file to the\/Library\/LaunchDaemons\/folder with theRunAtLoadkey set totrueestablishing persistence as a Launch Daemon.[19]"
    },
    {
        "ID":"S0658",
        "Name":"XCSSET",
        "Description":"XCSSETuses the ssh launchdaemon to elevate privileges, bypass system controls, and enable remote access to the victim.[20]"
    }
]