[
    {
        "ID":"S1087",
        "Name":"AsyncRAT",
        "Description":"AsyncRATcan use theCheckRemoteDebuggerPresentfunction to detect the presence of a debugger.[7]"
    },
    {
        "ID":"S1070",
        "Name":"Black Basta",
        "Description":"TheBlack Bastadropper can check system flags, CPU registers, CPU instructions, process timing, system libraries, and APIs to determine if a debugger is present.[8]"
    },
    {
        "ID":"S1039",
        "Name":"Bumblebee",
        "Description":"Bumblebeecan search for tools used in static analysis.[9]"
    },
    {
        "ID":"S1111",
        "Name":"DarkGate",
        "Description":"DarkGatechecks theBeingDebuggedflag in the PEB structure during execution to identify if the malware is being debugged.[10]"
    },
    {
        "ID":"S1066",
        "Name":"DarkTortilla",
        "Description":"DarkTortillacan detect debuggers by using functions such asDebuggerIsAttachedandDebuggerIsLogging.DarkTortillacan also detect profilers by verifying theCOR_ENABLE_PROFILINGenvironment variable is present and active.[11]"
    },
    {
        "ID":"S0694",
        "Name":"DRATzarus",
        "Description":"DRATzaruscan useIsDebuggerPresentto detect whether a debugger is present on a victim.[12]"
    },
    {
        "ID":"S1060",
        "Name":"Mafalda",
        "Description":"Mafaldacan search for debugging tools on a compromised host.[13]"
    },
    {
        "ID":"C0022",
        "Name":"Operation Dream Job",
        "Description":"DuringOperation Dream Job,Lazarus Groupused tools that used theIsDebuggerPresentcall to detect debuggers.[12]"
    },
    {
        "ID":"S0240",
        "Name":"ROKRAT",
        "Description":"ROKRATcan check for debugging tools.[14][15][16]"
    },
    {
        "ID":"S1018",
        "Name":"Saint Bot",
        "Description":"Saint Bothas usedis_debugger_presentas part of its environmental checks.[17]"
    },
    {
        "ID":"S0595",
        "Name":"ThiefQuest",
        "Description":"ThiefQuestuses a function namedis_debuggingto perform anti-debugging logic. The function invokessysctlchecking the returned value ofP_TRACED.ThiefQuestalso callsptracewith thePTRACE_DENY_ATTACHflag to prevent debugging.[5]"
    }
]