[
    {
        "ID":"S0526",
        "Name":"KGH_SPY",
        "Description":"KGH_SPYcan collect credentials from the Windows Credential Manager.[7]"
    },
    {
        "ID":"S0349",
        "Name":"LaZagne",
        "Description":"LaZagnecan obtain credentials from Vault files.[8]"
    },
    {
        "ID":"S0681",
        "Name":"Lizar",
        "Description":"Lizarhas a plugin that can retrieve credentials from Internet Explorer and Microsoft Edge usingvaultcmd.exeand another that can collect RDP access credentials using theCredEnumerateWfunction.[9]"
    },
    {
        "ID":"S0002",
        "Name":"Mimikatz",
        "Description":"Mimikatzcontains functionality to acquire credentials from the Windows Credential Manager.[6]"
    },
    {
        "ID":"G0049",
        "Name":"OilRig",
        "Description":"OilRighas used credential dumping tool named VALUEVAULT to steal credentials from the Windows Credential Manager.[10]"
    },
    {
        "ID":"S0194",
        "Name":"PowerSploit",
        "Description":"PowerSploitcontains a collection of Exfiltration modules that can harvest credentials from Windows vault credential objects.[11][12]"
    },
    {
        "ID":"S0629",
        "Name":"RainyDay",
        "Description":"RainyDaycan use the QuarksPwDump tool to obtain local passwords and domain cached credentials.[13]"
    },
    {
        "ID":"S0240",
        "Name":"ROKRAT",
        "Description":"ROKRATcan steal credentials by leveraging the Windows Vault mechanism.[14]"
    },
    {
        "ID":"S0692",
        "Name":"SILENTTRINITY",
        "Description":"SILENTTRINITYcan gather Windows Vault credentials.[15]"
    },
    {
        "ID":"G0038",
        "Name":"Stealth Falcon",
        "Description":"Stealth Falconmalware gathers passwords from the Windows Credential Vault.[16]"
    },
    {
        "ID":"G0010",
        "Name":"Turla",
        "Description":"Turlahas gathered credentials from the Windows Credential Manager tool.[17]"
    },
    {
        "ID":"S0476",
        "Name":"Valak",
        "Description":"Valakcan use a .NET compiled module named exchgrabber to enumerate credentials from the Credential Manager.[18]"
    },
    {
        "ID":"G0102",
        "Name":"Wizard Spider",
        "Description":"Wizard Spiderhas used PowerShell cmdletInvoke-WCMDumpto enumerate Windows credentials in the Credential Manager in a compromised network.[19]"
    }
]