[
    {
        "ID":"G0094",
        "Name":"Kimsuky",
        "Description":"Kimsukyhas set auto-forward rules on victim's e-mail accounts.[6]"
    },
    {
        "ID":"G1004",
        "Name":"LAPSUS$",
        "Description":"LAPSUS$has set an Office 365 tenant level mail transport rule to send all mail in and out of the targeted organization to the newly created account.[7]"
    },
    {
        "ID":"G0122",
        "Name":"Silent Librarian",
        "Description":"Silent Librarianhas set up auto forwarding rules on compromised e-mail accounts.[8]"
    }
]