[
    {
        "ID":"M1048",
        "Mitigation":"Application Isolation and Sandboxing",
        "Description":"Make it difficult for adversaries to advance their operation through exploitation of undiscovered or unpatched vulnerabilities by using sandboxing. Other types of virtualization and application microsegmentation may also mitigate the impact of some types of exploitation. Risks of additional exploits and weaknesses in these systems may still exist.[42]"
    },
    {
        "ID":"M1042",
        "Mitigation":"Disable or Remove Feature or Program",
        "Description":"Minimize available services to only those that are necessary."
    },
    {
        "ID":"M1050",
        "Mitigation":"Exploit Protection",
        "Description":"Security applications that look for behavior used during exploitation such as Windows Defender Exploit Guard (WDEG) and the Enhanced Mitigation Experience Toolkit (EMET) can be used to mitigate some exploitation behavior.[43]Control flow integrity checking is another way to potentially identify and stop a software exploit from occurring.[44]Many of these protections depend on the architecture and target application binary for compatibility and may not work for all software or services targeted."
    },
    {
        "ID":"M1030",
        "Mitigation":"Network Segmentation",
        "Description":"Segment networks and systems appropriately to reduce access to critical systems and services to controlled methods."
    },
    {
        "ID":"M1026",
        "Mitigation":"Privileged Account Management",
        "Description":"Minimize permissions and access for service accounts to limit impact of exploitation."
    },
    {
        "ID":"M1019",
        "Mitigation":"Threat Intelligence Program",
        "Description":"Develop a robust cyber threat intelligence capability to determine what types and levels of threat may use software exploits and 0-days against a particular organization."
    },
    {
        "ID":"M1051",
        "Mitigation":"Update Software",
        "Description":"Update software regularly by employing patch management for internal enterprise endpoints and servers."
    },
    {
        "ID":"M1016",
        "Mitigation":"Vulnerability Scanning",
        "Description":"Regularly scan the internal network for available services to identify new and potentially vulnerable services."
    }
]