[
    {
        "ID":"S0469",
        "Name":"ABK",
        "Description":"ABKhas the ability to decrypt AES encrypted payloads.[4]"
    },
    {
        "ID":"S1028",
        "Name":"Action RAT",
        "Description":"Action RATcan use Base64 to decode actor-controlled C2 server communications.[5]"
    },
    {
        "ID":"S0331",
        "Name":"Agent Tesla",
        "Description":"Agent Teslahas the ability to decrypt strings encrypted with the Rijndael symmetric encryption algorithm.[6]"
    },
    {
        "ID":"S1025",
        "Name":"Amadey",
        "Description":"Amadeyhas decoded antivirus name strings.[7]"
    },
    {
        "ID":"S0584",
        "Name":"AppleJeus",
        "Description":"AppleJeushas decoded files received from a C2.[8]"
    },
    {
        "ID":"S0622",
        "Name":"AppleSeed",
        "Description":"AppleSeedcan decode its payload prior to execution.[9]"
    },
    {
        "ID":"G0073",
        "Name":"APT19",
        "Description":"AnAPT19HTTP malware variant decrypts strings using single-byte XOR keys.[10]"
    },
    {
        "ID":"G0007",
        "Name":"APT28",
        "Description":"AnAPT28macro uses the commandcertutil -decodeto decode contents of a .txt file storing the base64 encoded payload.[11][12]"
    },
    {
        "ID":"G0087",
        "Name":"APT39",
        "Description":"APT39has used malware to decrypt encrypted CAB files.[13]"
    },
    {
        "ID":"S0456",
        "Name":"Aria-body",
        "Description":"Aria-bodyhas the ability to decrypt the loader configuration and payload DLL.[14]"
    },
    {
        "ID":"S0373",
        "Name":"Astaroth",
        "Description":"Astarothuses a fromCharCode() deobfuscation method to avoid explicitly writing execution commands and to hide its code.[15][16]"
    },
    {
        "ID":"S0347",
        "Name":"AuditCred",
        "Description":"AuditCreduses XOR and RC4 to perform decryption on the code functions.[17]"
    },
    {
        "ID":"S0640",
        "Name":"Avaddon",
        "Description":"Avaddonhas decrypted encrypted strings.[18]"
    },
    {
        "ID":"S0473",
        "Name":"Avenger",
        "Description":"Avengerhas the ability to decrypt files downloaded from C2.[4]"
    },
    {
        "ID":"S1053",
        "Name":"AvosLocker",
        "Description":"AvosLockerhas deobfuscated XOR-encoded strings.[19]"
    },
    {
        "ID":"S0344",
        "Name":"Azorult",
        "Description":"Azorultuses an XOR key to decrypt content and uses Base64 to decode the C2 address.[20][21]"
    },
    {
        "ID":"S0638",
        "Name":"Babuk",
        "Description":"Babukhas the ability to unpack itself into memory using XOR.[22][23]"
    },
    {
        "ID":"S0414",
        "Name":"BabyShark",
        "Description":"BabySharkhas the ability to decode downloaded files prior to execution.[24]"
    },
    {
        "ID":"S0475",
        "Name":"BackConfig",
        "Description":"BackConfighas used a custom routine to decrypt strings.[25]"
    },
    {
        "ID":"S0642",
        "Name":"BADFLICK",
        "Description":"BADFLICKcan decode shellcode using a custom rotating XOR cipher.[26]"
    },
    {
        "ID":"S0234",
        "Name":"Bandook",
        "Description":"Bandookhas decoded its PowerShell script.[27]"
    },
    {
        "ID":"S0239",
        "Name":"Bankshot",
        "Description":"Bankshotdecodes embedded XOR strings.[28]"
    },
    {
        "ID":"S0534",
        "Name":"Bazar",
        "Description":"Bazarcan decrypt downloaded payloads.Bazaralso resolves strings and other artifacts at runtime.[29][30]"
    },
    {
        "ID":"S0470",
        "Name":"BBK",
        "Description":"BBKhas the ability to decrypt AES encrypted payloads.[4]"
    },
    {
        "ID":"S0127",
        "Name":"BBSRAT",
        "Description":"BBSRATusesExpandto decompress a CAB file into executable content.[31]"
    },
    {
        "ID":"S0574",
        "Name":"BendyBear",
        "Description":"BendyBearhas decrypted function blocks using a XOR key during runtime to evade detection.[32]"
    },
    {
        "ID":"S0268",
        "Name":"Bisonal",
        "Description":"Bisonalhas decoded strings in the malware using XOR and RC4.[33][34]"
    },
    {
        "ID":"S0520",
        "Name":"BLINDINGCAN",
        "Description":"BLINDINGCANhas used AES and XOR to decrypt its DLLs.[35]"
    },
    {
        "ID":"S0635",
        "Name":"BoomBox",
        "Description":"BoomBoxcan decrypt AES-encrypted files downloaded from C2.[36]"
    },
    {
        "ID":"S0415",
        "Name":"BOOSTWRITE",
        "Description":"BOOSTWRITEhas used a a 32-byte long multi-XOR key to decode data inside its payload.[37]"
    },
    {
        "ID":"G0060",
        "Name":"BRONZE BUTLER",
        "Description":"BRONZE BUTLERdownloads encoded payloads and decodes them on the victim.[38]"
    },
    {
        "ID":"S1063",
        "Name":"Brute Ratel C4",
        "Description":"Brute Ratel C4has the ability to deobfuscate its payload prior to execution.[39]"
    },
    {
        "ID":"S1039",
        "Name":"Bumblebee",
        "Description":"Bumblebeecan deobfuscate C2 server responses and unpack its code on targeted hosts.[40][41]"
    },
    {
        "ID":"S0482",
        "Name":"Bundlore",
        "Description":"Bundlorehas usedopensslto decrypt AES encrypted payload data.Bundlorehas also used base64 and RC4 with a hardcoded key to deobfuscate data.[42]"
    },
    {
        "ID":"S1118",
        "Name":"BUSHWALK",
        "Description":"BUSHWALKcan Base64 decode and RC4 decrypt malicious payloads sent through a web request’s command parameter.[43][44]"
    },
    {
        "ID":"C0017",
        "Name":"C0017",
        "Description":"DuringC0017,APT41used the DUSTPAN loader to decrypt embedded payloads.[45]"
    },
    {
        "ID":"C0021",
        "Name":"C0021",
        "Description":"DuringC0021, the threat actors deobfuscated encoded PowerShell commands including use of the specific string'FromBase'+0x40+'String', in place ofFromBase64Stringwhich is normally used to decode base64.[46][47]"
    },
    {
        "ID":"S0335",
        "Name":"Carbon",
        "Description":"Carbondecrypts task and configuration files for execution.[48][49]"
    },
    {
        "ID":"S0348",
        "Name":"Cardinal RAT",
        "Description":"Cardinal RATdecodes many of its artifacts and is decrypted (AES-128) after being downloaded.[50]"
    },
    {
        "ID":"S0160",
        "Name":"certutil",
        "Description":"certutilhas been used to decode binaries hidden inside certificate files as Base64 information.[1]"
    },
    {
        "ID":"S0631",
        "Name":"Chaes",
        "Description":"Chaeshas decrypted an AES encrypted binary file to trigger the download of other files.[51]"
    },
    {
        "ID":"S0674",
        "Name":"CharmPower",
        "Description":"CharmPowercan decrypt downloaded modules prior to execution.[52]"
    },
    {
        "ID":"S1041",
        "Name":"Chinoxy",
        "Description":"TheChinoxydropping function can initiate decryption of its config file.[53]"
    },
    {
        "ID":"S0667",
        "Name":"Chrommme",
        "Description":"Chrommmecan decrypt its encrypted internal code.[54]"
    },
    {
        "ID":"G1021",
        "Name":"Cinnamon Tempest",
        "Description":"Cinnamon Tempesthas used weaponized DLLs to load and decrypt payloads.[55]"
    },
    {
        "ID":"S0660",
        "Name":"Clambling",
        "Description":"Clamblingcan deobfuscate its payload prior to execution.[56][57]"
    },
    {
        "ID":"S0611",
        "Name":"Clop",
        "Description":"Clophas used a simple XOR operation to decrypt strings.[58]"
    },
    {
        "ID":"S1105",
        "Name":"COATHANGER",
        "Description":"COATHANGERdecodes configuration items from a bundled file for command and control activity.[59]"
    },
    {
        "ID":"S0154",
        "Name":"Cobalt Strike",
        "Description":"Cobalt Strikecan deobfuscate shellcode using a rolling XOR and decrypt metadata from Beacon sessions.[60][61]"
    },
    {
        "ID":"S0369",
        "Name":"CoinTicker",
        "Description":"CoinTickerdecodes the initially-downloaded hidden encoded file using OpenSSL.[62]"
    },
    {
        "ID":"S0126",
        "Name":"ComRAT",
        "Description":"ComRAThas used unique per machine passwords to decrypt the orchestrator payload and a hardcoded XOR key to decrypt its communications module.ComRAThas also used a unique password to decrypt the file used for its hidden file system.[63][64]"
    },
    {
        "ID":"S0575",
        "Name":"Conti",
        "Description":"Contihas decrypted its payload using a hardcoded AES-256 key.[65][66]"
    },
    {
        "ID":"S0492",
        "Name":"CookieMiner",
        "Description":"CookieMinerhas used Google Chrome's decryption and extraction operations.[67]"
    },
    {
        "ID":"S0614",
        "Name":"CostaBricks",
        "Description":"CostaBrickshas the ability to use bytecode to decrypt embedded payloads.[68]"
    },
    {
        "ID":"S0115",
        "Name":"Crimson",
        "Description":"Crimsoncan decode its encoded PE file prior to execution.[69]"
    },
    {
        "ID":"S0687",
        "Name":"Cyclops Blink",
        "Description":"Cyclops Blinkcan decrypt and parse instructions sent from C2.[70]"
    },
    {
        "ID":"S1014",
        "Name":"DanBot",
        "Description":"DanBotcan use a VBA macro to decode its payload prior to installation and execution.[71]"
    },
    {
        "ID":"S1111",
        "Name":"DarkGate",
        "Description":"DarkGateinstallation includes binary code stored in a file located in a hidden directory, such asshell.txt, that is decrypted then executed.[72]DarkGateuses hexadecimal-encoded shellcode payloads during installation that are called via Windows APICallWindowProc()to decode and then execute.[73]"
    },
    {
        "ID":"G0012",
        "Name":"Darkhotel",
        "Description":"Darkhotelhas decrypted strings and imports using RC4 during execution.[74][75]"
    },
    {
        "ID":"S1066",
        "Name":"DarkTortilla",
        "Description":"DarkTortillacan decrypt its payload and associated configuration elements using the Rijndael cipher.[76]"
    },
    {
        "ID":"S0673",
        "Name":"DarkWatchman",
        "Description":"DarkWatchmanhas the ability to self-extract as a RAR archive.[77]"
    },
    {
        "ID":"S0255",
        "Name":"DDKONG",
        "Description":"DDKONGdecodes an embedded configuration using XOR.[78]"
    },
    {
        "ID":"S1052",
        "Name":"DEADEYE",
        "Description":"DEADEYEhas the ability to combine multiple sections of a binary which were broken up to evade detection into a single .dll prior to execution.[45]"
    },
    {
        "ID":"S0354",
        "Name":"Denis",
        "Description":"Deniswill decrypt important strings used for C&C communication.[79]"
    },
    {
        "ID":"S0547",
        "Name":"DropBook",
        "Description":"DropBookcan unarchive data downloaded from the C2 to obtain the payload and persistence modules.[80]"
    },
    {
        "ID":"S0502",
        "Name":"Drovorub",
        "Description":"Drovorubhas de-obsfuscated XOR encrypted payloads in WebSocket messages.[81]"
    },
    {
        "ID":"S0567",
        "Name":"Dtrack",
        "Description":"Dtrackhas used a decryption routine that is part of an executable physical patch.[82]"
    },
    {
        "ID":"S0024",
        "Name":"Dyre",
        "Description":"Dyredecrypts resources needed for targeting the victim.[83][84]"
    },
    {
        "ID":"G1006",
        "Name":"Earth Lusca",
        "Description":"Earth Luscahas usedcertutilto decode a string into a cabinet file.[85]"
    },
    {
        "ID":"S0377",
        "Name":"Ebury",
        "Description":"Eburyhas verified C2 domain ownership by decrypting the TXT record using an embedded RSA public key.[86]"
    },
    {
        "ID":"S0624",
        "Name":"Ecipekac",
        "Description":"Ecipekachas the ability to decrypt fileless loader modules.[87]"
    },
    {
        "ID":"S0554",
        "Name":"Egregor",
        "Description":"Egregorhas been decrypted before execution.[88][89]"
    },
    {
        "ID":"S0367",
        "Name":"Emotet",
        "Description":"Emotethas used a self-extracting RAR file to deliver modules to victims. Emotet has also extracted embedded executables from files using hard-coded buffer offsets.[90]"
    },
    {
        "ID":"S0634",
        "Name":"EnvyScout",
        "Description":"EnvyScoutcan deobfuscate and write malicious ISO files to disk.[36]"
    },
    {
        "ID":"S0401",
        "Name":"Exaramel for Linux",
        "Description":"Exaramel for Linuxcan decrypt its configuration file.[91]"
    },
    {
        "ID":"S0361",
        "Name":"Expand",
        "Description":"Expandcan be used to decompress a local or remote CAB file into an executable.[92]"
    },
    {
        "ID":"S0512",
        "Name":"FatDuke",
        "Description":"FatDukecan decrypt AES encrypted C2 communications.[93]"
    },
    {
        "ID":"G1016",
        "Name":"FIN13",
        "Description":"FIN13has utilizedcertutilto decode base64 encoded versions of custom malware.[94]"
    },
    {
        "ID":"S0355",
        "Name":"Final1stspy",
        "Description":"Final1stspyuses Python code to deobfuscate base64-encoded strings.[95]"
    },
    {
        "ID":"S0182",
        "Name":"FinFisher",
        "Description":"FinFisherextracts and decrypts stage 3 malware, which is stored in encrypted resources.[96][97]"
    },
    {
        "ID":"S0618",
        "Name":"FIVEHANDS",
        "Description":"FIVEHANDShas the ability to decrypt its payload prior to execution.[98][99][100]"
    },
    {
        "ID":"S0661",
        "Name":"FoggyWeb",
        "Description":"FoggyWebcan be decrypted in memory using a Lightweight Encryption Algorithm (LEA)-128 key and decoded using a XOR key.[101]"
    },
    {
        "ID":"S1120",
        "Name":"FRAMESTING",
        "Description":"FRAMESTINGcan decompress data received withinPOSTrequests.[43]"
    },
    {
        "ID":"C0001",
        "Name":"Frankenstein",
        "Description":"DuringFrankenstein, the threat actors deobfuscated Base64-encoded commands following the execution of a malicious script, which revealed a small script designed to obtain an additional payload.[102]"
    },
    {
        "ID":"S0628",
        "Name":"FYAnti",
        "Description":"FYAntihas the ability to decrypt an embedded .NET module.[87]"
    },
    {
        "ID":"G0047",
        "Name":"Gamaredon Group",
        "Description":"Gamaredon Grouptools decrypted additional payloads from the C2.Gamaredon Grouphas also decoded base64-encoded source code of a downloader.[103][104]"
    },
    {
        "ID":"S0666",
        "Name":"Gelsemium",
        "Description":"Gelsemiumcan decompress and decrypt DLLs and shellcode.[54]"
    },
    {
        "ID":"S0032",
        "Name":"gh0st RAT",
        "Description":"gh0st RAThas decrypted and loaded thegh0st RATDLL into memory, once the initial dropper executable is launched.[105]"
    },
    {
        "ID":"S1117",
        "Name":"GLASSTOKEN",
        "Description":"GLASSTOKENhas the ability to decode hexadecimal and Base64 C2 requests.[106]"
    },
    {
        "ID":"S0588",
        "Name":"GoldMax",
        "Description":"GoldMaxhas decoded and decrypted the configuration file when executed.[107][108]"
    },
    {
        "ID":"S0477",
        "Name":"Goopy",
        "Description":"Goopyhas used a polymorphic decryptor to decrypt itself at runtime.[79]"
    },
    {
        "ID":"G0078",
        "Name":"Gorgon Group",
        "Description":"Gorgon Groupmalware can decode contents from a payload that was Base64 encoded and write the contents to a file.[109]"
    },
    {
        "ID":"S0531",
        "Name":"Grandoreiro",
        "Description":"Grandoreirocan decrypt its encrypted internal strings.[110]"
    },
    {
        "ID":"S0690",
        "Name":"Green Lambert",
        "Description":"Green Lambertcan use multiple custom routines to decrypt strings prior to execution.[111][112]"
    },
    {
        "ID":"S0632",
        "Name":"GrimAgent",
        "Description":"GrimAgentcan use a decryption algorithm for strings based on Rotate on Right (RoR) and Rotate on Left (RoL) functionality.[113]"
    },
    {
        "ID":"S0499",
        "Name":"Hancitor",
        "Description":"Hancitorhas decoded Base64 encoded URLs to insert a recipient’s name into the filename of the Word document.Hancitorhas also extracted executables from ZIP files.[114][115]"
    },
    {
        "ID":"S0697",
        "Name":"HermeticWiper",
        "Description":"HermeticWipercan decompress and copy driver files usingLZCopy.[116]"
    },
    {
        "ID":"S1027",
        "Name":"Heyoka Backdoor",
        "Description":"Heyoka Backdoorcan decrypt its payload prior to execution.[117]"
    },
    {
        "ID":"S0394",
        "Name":"HiddenWasp",
        "Description":"HiddenWaspuses a cipher to implement a decoding function.[118]"
    },
    {
        "ID":"G0126",
        "Name":"Higaisa",
        "Description":"Higaisaused certutil to decode Base64 binaries at runtime and a 16-byte XOR key to decrypt data.[119][120]"
    },
    {
        "ID":"S0601",
        "Name":"Hildegard",
        "Description":"Hildegardhas decrypted ELF files with AES.[121]"
    },
    {
        "ID":"S1097",
        "Name":"HUI Loader",
        "Description":"HUI Loadercan decrypt and load files containing malicious payloads.[122]"
    },
    {
        "ID":"S0398",
        "Name":"HyperBro",
        "Description":"HyperBrocan unpack and decrypt its payload prior to execution.[56][123]"
    },
    {
        "ID":"S1022",
        "Name":"IceApple",
        "Description":"IceApplecan use a Base64-encoded AES key to decrypt tasking.[124]"
    },
    {
        "ID":"S0434",
        "Name":"Imminent Monitor",
        "Description":"Imminent Monitorhas decoded malware components that are then dropped to the system.[125]"
    },
    {
        "ID":"S0604",
        "Name":"Industroyer",
        "Description":"Industroyerdecrypts code to connect to a remote C2 server.[126]"
    },
    {
        "ID":"S0260",
        "Name":"InvisiMole",
        "Description":"InvisiMolecan decrypt, unpack and load a DLL from its resources, or from blobs encrypted with Data Protection API, two-key triple DES, and variations of the XOR cipher.[127][128]"
    },
    {
        "ID":"S0581",
        "Name":"IronNetInjector",
        "Description":"IronNetInjectorhas the ability to decrypt embedded .NET and PE payloads.[129]"
    },
    {
        "ID":"S0189",
        "Name":"ISMInjector",
        "Description":"ISMInjectoruses thecertutilcommand to decode a payload file.[130]"
    },
    {
        "ID":"G0004",
        "Name":"Ke3chang",
        "Description":"Ke3changhas deobfuscated Base64-encoded shellcode strings prior to loading them.[131]"
    },
    {
        "ID":"S0585",
        "Name":"Kerrdown",
        "Description":"Kerrdowncan decode, decrypt, and decompress multiple layers of shellcode.[132]"
    },
    {
        "ID":"S0487",
        "Name":"Kessel",
        "Description":"Kesselhas decrypted the binary's configuration once themainfunction was launched.[133]"
    },
    {
        "ID":"S1051",
        "Name":"KEYPLUG",
        "Description":"KEYPLUGcan decode its configuration file to determine C2 protocols.[45]"
    },
    {
        "ID":"S0526",
        "Name":"KGH_SPY",
        "Description":"KGH_SPYcan decrypt encrypted strings and write them to a newly created folder.[134]"
    },
    {
        "ID":"G0094",
        "Name":"Kimsuky",
        "Description":"Kimsukyhas decoded malicious VBScripts using Base64.[135]"
    },
    {
        "ID":"S0641",
        "Name":"Kobalos",
        "Description":"Kobalosdecrypts strings right after the initial communication, but before the authentication process.[136]"
    },
    {
        "ID":"S0669",
        "Name":"KOCTOPUS",
        "Description":"KOCTOPUShas deobfuscated itself before executing its commands.[137]"
    },
    {
        "ID":"S0356",
        "Name":"KONNI",
        "Description":"KONNIhas used certutil to download and decode base64 encoded strings and has also devoted a custom section to performing all the components of the deobfuscation process.[138][139]"
    },
    {
        "ID":"S0236",
        "Name":"Kwampirs",
        "Description":"Kwampirsdecrypts and extracts a copy of its main DLL payload when executing.[140]"
    },
    {
        "ID":"G0032",
        "Name":"Lazarus Group",
        "Description":"Lazarus Grouphas used shellcode within macros to decrypt and manually map DLLs and shellcode into memory at runtime.[141][142]"
    },
    {
        "ID":"G0065",
        "Name":"Leviathan",
        "Description":"Leviathanhas used a DLL known as SeDll to decrypt and execute other JavaScript backdoors.[143]"
    },
    {
        "ID":"S0395",
        "Name":"LightNeuron",
        "Description":"LightNeuronhas used AES and XOR to decrypt configuration files and commands.[144]"
    },
    {
        "ID":"S1119",
        "Name":"LIGHTWIRE",
        "Description":"LIGHTWIREcan RC4 decrypt and Base64 decode C2 commands.[43]"
    },
    {
        "ID":"S0513",
        "Name":"LiteDuke",
        "Description":"LiteDukehas the ability to decrypt and decode multiple layers of obfuscation.[93]"
    },
    {
        "ID":"S0681",
        "Name":"Lizar",
        "Description":"Lizarcan decrypt its configuration data.[145]"
    },
    {
        "ID":"S0447",
        "Name":"Lokibot",
        "Description":"Lokibothas decoded and decrypted its stages multiple times using hard-coded keys to deliver the final payload, and has decoded its server response hex string using XOR.[146]"
    },
    {
        "ID":"S0582",
        "Name":"LookBack",
        "Description":"LookBackhas a function that decrypts malicious data.[147]"
    },
    {
        "ID":"S0532",
        "Name":"Lucifer",
        "Description":"Lucifercan decrypt its C2 address upon execution.[148]"
    },
    {
        "ID":"S0409",
        "Name":"Machete",
        "Description":"Machete’s downloaded data is decrypted using AES.[149]"
    },
    {
        "ID":"S1016",
        "Name":"MacMa",
        "Description":"MacMadecrypts a downloaded file using AES-128-EBC with a custom delta.[150]"
    },
    {
        "ID":"S1060",
        "Name":"Mafalda",
        "Description":"Mafaldacan decrypt files and data.[151]"
    },
    {
        "ID":"G1026",
        "Name":"Malteiro",
        "Description":"Malteirohas the ability to deobfuscate downloaded files prior to execution.[152]"
    },
    {
        "ID":"S0576",
        "Name":"MegaCortex",
        "Description":"MegaCortexhas used a Base64 key to decode its components.[153]"
    },
    {
        "ID":"G0045",
        "Name":"menuPass",
        "Description":"menuPasshas usedcertutilin a macro to decode base64-encoded content contained in a dropper document attached to an email. The group has also usedcertutil -decodeto decode files on the victim’s machine when droppingUPPERCUT.[154][155]"
    },
    {
        "ID":"S0443",
        "Name":"MESSAGETAP",
        "Description":"After checking for the existence of two files, keyword_parm.txt and parm.txt,MESSAGETAPXOR decodes and read the contents of the files.[156]"
    },
    {
        "ID":"S1059",
        "Name":"metaMain",
        "Description":"metaMaincan decrypt and load other modules.[151]"
    },
    {
        "ID":"S0455",
        "Name":"Metamorfo",
        "Description":"Upon execution,Metamorfohas unzipped itself after being downloaded to the system and has performed string decryption.[157][158][159]"
    },
    {
        "ID":"S0280",
        "Name":"MirageFox",
        "Description":"MirageFoxhas a function for decrypting data containing C2 configuration information.[160]"
    },
    {
        "ID":"S1122",
        "Name":"Mispadu",
        "Description":"Mispadudecrypts its encrypted configuration files prior to execution.[152][161]"
    },
    {
        "ID":"G0021",
        "Name":"Molerats",
        "Description":"Moleratsdecompresses ZIP files once on the victim machine.[162]"
    },
    {
        "ID":"S1026",
        "Name":"Mongall",
        "Description":"Mongallhas the ability to decrypt its payload prior to execution.[117]"
    },
    {
        "ID":"S0284",
        "Name":"More_eggs",
        "Description":"More_eggswill decode malware components that are then dropped to the system.[163]"
    },
    {
        "ID":"S1047",
        "Name":"Mori",
        "Description":"Morican resolve networking APIs from strings that are ADD-encrypted.[164]"
    },
    {
        "ID":"G0069",
        "Name":"MuddyWater",
        "Description":"MuddyWaterhas decoded base64-encoded PowerShell, JavaScript, and VBScript.[165][166][167][168]"
    },
    {
        "ID":"S0637",
        "Name":"NativeZone",
        "Description":"NativeZonecan decrypt and decode embeddedCobalt Strikebeacon stage shellcode.[36]"
    },
    {
        "ID":"S0457",
        "Name":"Netwalker",
        "Description":"Netwalker's PowerShell script can decode and decrypt multiple layers of obfuscation, leading to theNetwalkerDLL being loaded into memory.[169]"
    },
    {
        "ID":"S1100",
        "Name":"Ninja",
        "Description":"TheNinjaloader component can decrypt and decompress the payload.[170][171]"
    },
    {
        "ID":"S0353",
        "Name":"NOKKI",
        "Description":"NOKKIuses a unique, custom de-obfuscation technique.[172]"
    },
    {
        "ID":"G0049",
        "Name":"OilRig",
        "Description":"AOilRigmacro has run a PowerShell command to decode file contents.OilRighas also usedcertutilto decode base64-encoded files on victims.[173][130][174][175]"
    },
    {
        "ID":"S0439",
        "Name":"Okrum",
        "Description":"Okrum's loader can decrypt the backdoor code, embedded within the loader or within a legitimate PNG file. A custom XOR cipher or RC4 is used for decryption.[176]"
    },
    {
        "ID":"S0052",
        "Name":"OnionDuke",
        "Description":"OnionDukecan use a custom decryption algorithm to decrypt strings.[93]"
    },
    {
        "ID":"S0264",
        "Name":"OopsIE",
        "Description":"OopsIEconcatenates then decompresses multiple resources to load an embedded .Net Framework assembly.[174]"
    },
    {
        "ID":"C0016",
        "Name":"Operation Dust Storm",
        "Description":"DuringOperation Dust Storm, attackers used VBS code to decode payloads.[177]"
    },
    {
        "ID":"C0006",
        "Name":"Operation Honeybee",
        "Description":"DuringOperation Honeybee, malicious files were decoded prior to execution.[178]"
    },
    {
        "ID":"C0005",
        "Name":"Operation Spalax",
        "Description":"ForOperation Spalax, the threat actors used a variety of packers and droppers to decrypt malicious payloads.[179]"
    },
    {
        "ID":"S0402",
        "Name":"OSX\/Shlayer",
        "Description":"OSX\/Shlayercan base64-decode and AES-decrypt downloaded payloads.[180]Versions ofOSX\/Shlayerpass encrypted and password-protected code toopenssland then write the payload to the\/tmpfolder.[181][182]"
    },
    {
        "ID":"S0352",
        "Name":"OSX_OCEANLOTUS.D",
        "Description":"OSX_OCEANLOTUS.Duses a decode routine combining bit shifting and XOR operations with a variable key that depends on the length of the string that was encoded. If the computation for the variable XOR key turns out to be 0, the default XOR key of 0x1B is used. This routine is also referenced as therotatefunction in reporting.[183]"
    },
    {
        "ID":"S0598",
        "Name":"P.A.S. Webshell",
        "Description":"P.A.S. Webshellcan use a decryption mechanism to process a user supplied password and allow execution.[91]"
    },
    {
        "ID":"S1050",
        "Name":"PcShare",
        "Description":"PcSharehas decrypted its strings by applying a XOR operation and a decompression using a custom implemented LZM algorithm.[53]"
    },
    {
        "ID":"S0517",
        "Name":"Pillowmint",
        "Description":"Pillowminthas been decompressed by included shellcode prior to being launched.[184]"
    },
    {
        "ID":"S1031",
        "Name":"PingPull",
        "Description":"PingPullcan decrypt received data from its C2 server by using AES.[185]"
    },
    {
        "ID":"S0501",
        "Name":"PipeMon",
        "Description":"PipeMoncan decrypt password-protected executables.[186]"
    },
    {
        "ID":"S1123",
        "Name":"PITSTOP",
        "Description":"PITSTOPcan deobfuscate base64 encoded and AES encrypted commands.[44]"
    },
    {
        "ID":"S0013",
        "Name":"PlugX",
        "Description":"PlugXdecompresses and decrypts itself using the Microsoft API call RtlDecompressBuffer.[187][56][188]"
    },
    {
        "ID":"S0428",
        "Name":"PoetRAT",
        "Description":"PoetRAThas used LZMA and base64 libraries to decode obfuscated scripts.[189]"
    },
    {
        "ID":"S0518",
        "Name":"PolyglotDuke",
        "Description":"PolyglotDukecan use a custom algorithm to decrypt strings used by the malware.[93]"
    },
    {
        "ID":"S1012",
        "Name":"PowerLess",
        "Description":"PowerLesscan use base64 and AES ECB decryption prior to execution of downloaded modules.[190]"
    },
    {
        "ID":"S0223",
        "Name":"POWERSTATS",
        "Description":"POWERSTATScan deobfuscate the main backdoor code.[167]"
    },
    {
        "ID":"S1046",
        "Name":"PowGoop",
        "Description":"PowGoopcan decrypt PowerShell scripts for execution.[164][191]"
    },
    {
        "ID":"S0279",
        "Name":"Proton",
        "Description":"Protonuses an encrypted file to store commands and configuration values.[192]"
    },
    {
        "ID":"S0613",
        "Name":"PS1",
        "Description":"PS1can use an XOR key to decrypt a PowerShell loader and payload binary.[68]"
    },
    {
        "ID":"S0147",
        "Name":"Pteranodon",
        "Description":"Pteranodoncan decrypt encrypted data strings prior to using them.[193]"
    },
    {
        "ID":"S0196",
        "Name":"PUNCHBUGGY",
        "Description":"PUNCHBUGGYhas usedPowerShellto decode base64-encoded assembly.[194]"
    },
    {
        "ID":"S1032",
        "Name":"PyDCrypt",
        "Description":"PyDCrypthas decrypted and dropped theDCSrvpayload to disk.[195]"
    },
    {
        "ID":"S0650",
        "Name":"QakBot",
        "Description":"QakBotcan deobfuscate and re-assemble code strings for execution.[196][197][198]"
    },
    {
        "ID":"S0269",
        "Name":"QUADAGENT",
        "Description":"QUADAGENTuses AES and a preshared key to decrypt the custom Base64 routine used to encode strings and scripts.[199]"
    },
    {
        "ID":"S1076",
        "Name":"QUIETCANARY",
        "Description":"QUIETCANARYcan use a custom parsing routine to decode the command codes and additional parameters from the C2 before executing them.[200]"
    },
    {
        "ID":"S0565",
        "Name":"Raindrop",
        "Description":"Raindropdecrypted itsCobalt Strikepayload using an AES-256 encryption algorithm in CBC mode with a unique key per sample.[201][202]"
    },
    {
        "ID":"S0629",
        "Name":"RainyDay",
        "Description":"RainyDaycan decrypt its payload via a XOR key.[203]"
    },
    {
        "ID":"S0458",
        "Name":"Ramsay",
        "Description":"Ramsaycan extract its agent from the body of a malicious document.[204]"
    },
    {
        "ID":"S1113",
        "Name":"RAPIDPULSE",
        "Description":"RAPIDPULSElistens for specific HTTP query parameters in received communications. If specific parameters match, a hard-coded RC4 key is used to decrypt the HTTP query paremterhmacTime. This decrypts to a filename that is then open, read, encrypted with the same RC4 key, base64-encoded, written to standard out, then passed as a response to the HTTP request.[205]"
    },
    {
        "ID":"S0495",
        "Name":"RDAT",
        "Description":"RDATcan deobfuscate the base64-encoded and AES-encrypted files downloaded from the C2 server.[206]"
    },
    {
        "ID":"S0511",
        "Name":"RegDuke",
        "Description":"RegDukecan decrypt strings with a key either stored in the Registry or hardcoded in the code.[93]"
    },
    {
        "ID":"S0375",
        "Name":"Remexi",
        "Description":"Remexidecrypts the configuration data using XOR with 25-character keys.[207]"
    },
    {
        "ID":"S0496",
        "Name":"REvil",
        "Description":"REvilcan decode encrypted strings to enable execution of commands and payloads.[208][209][210][211][212][213]"
    },
    {
        "ID":"S0258",
        "Name":"RGDoor",
        "Description":"RGDoordecodes Base64 strings and decrypts strings using a custom XOR algorithm.[214]"
    },
    {
        "ID":"S0448",
        "Name":"Rising Sun",
        "Description":"Rising Sunhas decrypted itself using a single-byte XOR scheme. Additionally,Rising Suncan decrypt its configuration data at runtime.[215]"
    },
    {
        "ID":"G0106",
        "Name":"Rocke",
        "Description":"Rockehas extracted tar.gz files after downloading them from a C2 server.[216]"
    },
    {
        "ID":"S0270",
        "Name":"RogueRobin",
        "Description":"RogueRobindecodes an embedded executable using base64 and decompresses it.[217]"
    },
    {
        "ID":"S0240",
        "Name":"ROKRAT",
        "Description":"ROKRATcan decrypt strings using the victim's hostname as the key.[218][219]"
    },
    {
        "ID":"S1078",
        "Name":"RotaJakiro",
        "Description":"RotaJakirouses the AES algorithm, bit shifts in a function calledrotate, and an XOR cipher to decrypt resources required for persistence, process guarding, and file locking. It also performs this same function on encrypted stack strings and theheadandkeysections in the network packet structure used for C2 communications.[220]"
    },
    {
        "ID":"S1018",
        "Name":"Saint Bot",
        "Description":"Saint Botcan deobfuscate strings and files for execution.[221]"
    },
    {
        "ID":"G0034",
        "Name":"Sandworm Team",
        "Description":"Sandworm Team's VBS backdoor can decode Base64-encoded data and save it to the %TEMP% folder. The group also decrypted received information using the Triple DES algorithm and decompresses it using GZip.[222][223]"
    },
    {
        "ID":"S1085",
        "Name":"Sardonic",
        "Description":"Sardoniccan first decrypt with the RC4 algorithm using a hardcoded decryption key before decompressing.[224]"
    },
    {
        "ID":"S0461",
        "Name":"SDBbot",
        "Description":"SDBbothas the ability to decrypt and decompress its payload to enable code execution.[225][226]"
    },
    {
        "ID":"S0596",
        "Name":"ShadowPad",
        "Description":"ShadowPadhas decrypted a binary blob to start execution.[227]"
    },
    {
        "ID":"S0140",
        "Name":"Shamoon",
        "Description":"Shamoondecrypts ciphertext using an XOR cipher and a base64-encoded string.[228]"
    },
    {
        "ID":"S1019",
        "Name":"Shark",
        "Description":"Sharkcan extract and decrypt downloaded .zip files.[229]"
    },
    {
        "ID":"S0546",
        "Name":"SharpStage",
        "Description":"SharpStagehas decompressed data received from the C2 server.[230]"
    },
    {
        "ID":"S0444",
        "Name":"ShimRat",
        "Description":"ShimRathas decompressed its core DLL using shellcode once an impersonated antivirus component was running on a system.[231]"
    },
    {
        "ID":"S0589",
        "Name":"Sibot",
        "Description":"Sibotcan decrypt data received from a C2 and save to a file.[107]"
    },
    {
        "ID":"S0610",
        "Name":"SideTwist",
        "Description":"SideTwistcan decode and decrypt messages received from C2.[232]"
    },
    {
        "ID":"S0623",
        "Name":"Siloscape",
        "Description":"Siloscapehas decrypted the password of the C2 server with a simple byte by byte XOR.Siloscapealso writes both an archive ofTorand theunzipbinary to disk from data embedded within the payload using Visual Studio’s Resource Manager.[233]"
    },
    {
        "ID":"S0468",
        "Name":"Skidmap",
        "Description":"Skidmaphas the ability to download, unpack, and decrypt tar.gz files .[234]"
    },
    {
        "ID":"S1110",
        "Name":"SLIGHTPULSE",
        "Description":"SLIGHTPULSEcan deobfuscate base64 encoded and RC4 encrypted C2 messages.[235]"
    },
    {
        "ID":"S0226",
        "Name":"Smoke Loader",
        "Description":"Smoke Loaderdeobfuscates its code.[236]"
    },
    {
        "ID":"S1086",
        "Name":"Snip3",
        "Description":"Snip3can decode its second-stage PowerShell script prior to execution.[237]"
    },
    {
        "ID":"C0024",
        "Name":"SolarWinds Compromise",
        "Description":"During theSolarWinds Compromise,APT29used 7-Zip to decode theirRaindropmalware.[201]"
    },
    {
        "ID":"S0615",
        "Name":"SombRAT",
        "Description":"SombRATcan runuploadto decrypt and upload files from storage.[68][99]"
    },
    {
        "ID":"S0516",
        "Name":"SoreFang",
        "Description":"SoreFangcan decode and decrypt exfiltrated data sent to C2.[238]"
    },
    {
        "ID":"S0543",
        "Name":"Spark",
        "Description":"Sparkhas used a custom XOR algorithm to decrypt the payload.[239]"
    },
    {
        "ID":"S0390",
        "Name":"SQLRat",
        "Description":"SQLRathas scripts that are responsible for deobfuscating additional scripts.[240]"
    },
    {
        "ID":"S1030",
        "Name":"Squirrelwaffle",
        "Description":"Squirrelwafflehas decrypted files and payloads using a XOR-based algorithm.[241][242]"
    },
    {
        "ID":"S0188",
        "Name":"Starloader",
        "Description":"Starloaderdecrypts and executes shellcode from a file called Stars.jps.[243]"
    },
    {
        "ID":"S1112",
        "Name":"STEADYPULSE",
        "Description":"STEADYPULSEcan URL decode key\/value pairs sent over C2.[235]"
    },
    {
        "ID":"S0603",
        "Name":"Stuxnet",
        "Description":"Stuxnetdecrypts resources that are loaded into memory and executed.[244]"
    },
    {
        "ID":"S0562",
        "Name":"SUNSPOT",
        "Description":"SUNSPOTdecryptsSUNBURST, which was stored in AES128-CBC encrypted blobs.[245]"
    },
    {
        "ID":"S0663",
        "Name":"SysUpdate",
        "Description":"SysUpdatecan deobfuscate packed binaries in memory.[123]"
    },
    {
        "ID":"G0092",
        "Name":"TA505",
        "Description":"TA505has decrypted packed DLLs with an XOR key.[246]"
    },
    {
        "ID":"S0011",
        "Name":"Taidoor",
        "Description":"Taidoorcan use a stream cipher to decrypt stings used by the malware.[247]"
    },
    {
        "ID":"G0139",
        "Name":"TeamTNT",
        "Description":"TeamTNThas used a script that decodes a Base64-encoded version of WeaveWorks Scope.[248]"
    },
    {
        "ID":"S0560",
        "Name":"TEARDROP",
        "Description":"TEARDROPwas decoded using a custom rolling XOR algorithm to execute a customizedCobalt Strikepayload.[249][250][202]"
    },
    {
        "ID":"G0027",
        "Name":"Threat Group-3390",
        "Description":"During execution,Threat Group-3390malware deobfuscates and decompresses code that was encoded with Metasploit’s shikata_ga_nai encoder as well as compressed with LZNT1 compression.[251]"
    },
    {
        "ID":"S0665",
        "Name":"ThreatNeedle",
        "Description":"ThreatNeedlecan decrypt its payload using RC4, AES, or one-byte XORing.[252]"
    },
    {
        "ID":"S0678",
        "Name":"Torisma",
        "Description":"Torismahas used XOR and Base64 to decode C2 data.[253]"
    },
    {
        "ID":"S0266",
        "Name":"TrickBot",
        "Description":"TrickBotdecodes the configuration data and modules.[254][255][256]"
    },
    {
        "ID":"G0081",
        "Name":"Tropic Trooper",
        "Description":"Tropic Trooperused shellcode with an XOR algorithm to decrypt a payload.Tropic Trooperalso decrypted image files which contained a payload.[257][258]"
    },
    {
        "ID":"S0436",
        "Name":"TSCookie",
        "Description":"TSCookiehas the ability to decrypt, load, and execute a DLL and its resources.[259]"
    },
    {
        "ID":"S0647",
        "Name":"Turian",
        "Description":"Turianhas the ability to use a XOR decryption key to extract C2 server domains and IP addresses.[260]"
    },
    {
        "ID":"G0010",
        "Name":"Turla",
        "Description":"Turlahas used a custom decryption routine, which pulls key and salt values from other artifacts such as a WMI filter orPowerShell Profile, to decode encrypted PowerShell payloads.[261]"
    },
    {
        "ID":"S0263",
        "Name":"TYPEFRAME",
        "Description":"OneTYPEFRAMEvariant decrypts an archive using an RC4 key, then decompresses and installs the decrypted malicious DLL module. Another variant decodes the embedded file by XORing it with the value \"0x35\".[262]"
    },
    {
        "ID":"S0022",
        "Name":"Uroburos",
        "Description":"Uroburoscan decrypt command parameters sent through C2 and use unpacking code to extract its packed executable.[263]"
    },
    {
        "ID":"S0386",
        "Name":"Ursnif",
        "Description":"Ursnifhas used crypto key information stored in the Registry to decrypt Tor clients dropped to disk.[264]"
    },
    {
        "ID":"S0476",
        "Name":"Valak",
        "Description":"Valakhas the ability to decode and decrypt downloaded files.[265][266]"
    },
    {
        "ID":"S0636",
        "Name":"VaporRage",
        "Description":"VaporRagecan deobfuscate XOR-encoded shellcode prior to execution.[36]"
    },
    {
        "ID":"S0257",
        "Name":"VERMIN",
        "Description":"VERMINdecrypts code, strings, and commands to use once it's on the victim's machine.[267]"
    },
    {
        "ID":"S0180",
        "Name":"Volgmer",
        "Description":"Volgmerdeobfuscates its strings and APIs once its executed.[268]"
    },
    {
        "ID":"S0670",
        "Name":"WarzoneRAT",
        "Description":"WarzoneRATcan use XOR 0x45 to decrypt obfuscated code.[269]"
    },
    {
        "ID":"S0612",
        "Name":"WastedLocker",
        "Description":"WastedLocker's custom cryptor, CryptOne, used an XOR based algorithm to decrypt the payload.[270]"
    },
    {
        "ID":"S0579",
        "Name":"Waterbear",
        "Description":"Waterbearhas the ability to decrypt its RC4 encrypted payload for execution.[271]"
    },
    {
        "ID":"S0515",
        "Name":"WellMail",
        "Description":"WellMailcan decompress scripts received from C2.[272]"
    },
    {
        "ID":"S0514",
        "Name":"WellMess",
        "Description":"WellMesscan decode and decrypt data received from C2.[273][274][275]"
    },
    {
        "ID":"S0689",
        "Name":"WhisperGate",
        "Description":"WhisperGatecan deobfuscate downloaded files stored in reverse byte order and decrypt embedded resources using multiple XOR operations.[276][277]"
    },
    {
        "ID":"S0466",
        "Name":"WindTail",
        "Description":"WindTailhas the ability to decrypt strings using hard-coded AES keys.[278]"
    },
    {
        "ID":"S0430",
        "Name":"Winnti for Linux",
        "Description":"Winnti for Linuxhas decoded XOR encoded strings holding its configuration upon execution.[279]"
    },
    {
        "ID":"S0141",
        "Name":"Winnti for Windows",
        "Description":"TheWinnti for Windowsdropper can decrypt and decompresses a data blob.[280]"
    },
    {
        "ID":"S1115",
        "Name":"WIREFIRE",
        "Description":"WIREFIREcan decode, decrypt, and decompress data received in C2 HTTPPOSTrequests.[281]"
    },
    {
        "ID":"G0090",
        "Name":"WIRTE",
        "Description":"WIRTEhas used Base64 to decode malicious VBS script.[282]"
    },
    {
        "ID":"S1065",
        "Name":"Woody RAT",
        "Description":"Woody RATcan deobfuscate Base64-encoded strings and scripts.[283]"
    },
    {
        "ID":"S0653",
        "Name":"xCaon",
        "Description":"xCaonhas decoded strings from the C2 server before executing commands.[284]"
    },
    {
        "ID":"S0388",
        "Name":"YAHOYAH",
        "Description":"YAHOYAHdecrypts downloaded files before execution.[285]"
    },
    {
        "ID":"S0251",
        "Name":"Zebrocy",
        "Description":"Zebrocydecodes its secondary payload and writes it to the victim’s machine.Zebrocyalso uses AES and XOR to decrypt strings and payloads.[286][287]"
    },
    {
        "ID":"S0230",
        "Name":"ZeroT",
        "Description":"ZeroTshellcode decrypts and decompresses its RC4-encrypted payload.[288]"
    },
    {
        "ID":"S0330",
        "Name":"Zeus Panda",
        "Description":"Zeus Pandadecrypts strings in the code during the execution process.[289]"
    },
    {
        "ID":"G0128",
        "Name":"ZIRCONIUM",
        "Description":"ZIRCONIUMhas used the AES256 algorithm with a SHA1 derived key to decrypt exploit code.[290]"
    },
    {
        "ID":"S1013",
        "Name":"ZxxZ",
        "Description":"ZxxZhas used a XOR key to decrypt strings.[291]"
    }
]