[
    {
        "ID":"G0007",
        "Name":"APT28",
        "Description":"APT28added \"junk data\" to each encoded string, preventing trivial decoding without knowledge of the junk removal algorithm. Each implant was given a \"junk length\" value when created, tracked by the controller software to allow seamless communication but prevent analysis of the command protocol on the wire.[2]"
    },
    {
        "ID":"S0574",
        "Name":"BendyBear",
        "Description":"BendyBearhas used byte randomization to obscure its behavior.[3]"
    },
    {
        "ID":"S0134",
        "Name":"Downdelph",
        "Description":"Downdelphinserts pseudo-random characters between each original character during encoding of C2 network requests, making it difficult to write signatures on them.[4]"
    },
    {
        "ID":"S0588",
        "Name":"GoldMax",
        "Description":"GoldMaxhas used decoy traffic to surround its malicious network traffic to avoid detection.[5]"
    },
    {
        "ID":"S0632",
        "Name":"GrimAgent",
        "Description":"GrimAgentcan pad C2 messages with random generated values.[6]"
    },
    {
        "ID":"S1020",
        "Name":"Kevin",
        "Description":"Kevincan generate a sequence of dummy HTTP C2 requests to obscure traffic.[7]"
    },
    {
        "ID":"S1047",
        "Name":"Mori",
        "Description":"Morihas obfuscated the FML.dll with 200MB of junk data.[8]"
    },
    {
        "ID":"S0016",
        "Name":"P2P ZeuS",
        "Description":"P2P ZeuSadded junk data to outgoing UDP packets to peer implants.[9]"
    },
    {
        "ID":"S0626",
        "Name":"P8RAT",
        "Description":"P8RATcan send randomly-generated data as part of its C2 communication.[10]"
    },
    {
        "ID":"S0435",
        "Name":"PLEAD",
        "Description":"PLEADsamples were found to be highly obfuscated with junk code.[11][12]"
    },
    {
        "ID":"S0559",
        "Name":"SUNBURST",
        "Description":"SUNBURSTadded junk bytes to its C2 over HTTP.[1]"
    },
    {
        "ID":"S0682",
        "Name":"TrailBlazer",
        "Description":"TrailBlazerhas used random identifier strings to obscure its C2 operations and result codes.[13]"
    },
    {
        "ID":"S0647",
        "Name":"Turian",
        "Description":"Turiancan insert pseudo-random characters into its network encryption setup.[14]"
    },
    {
        "ID":"S0022",
        "Name":"Uroburos",
        "Description":"Uroburoscan add extra characters in encoded strings to help mimic DNS legitimate requests.[15]"
    },
    {
        "ID":"S0514",
        "Name":"WellMess",
        "Description":"WellMesscan use junk data in the Base64 string for additional obfuscation.[16]"
    }
]