[
    {
        "ID":"M1047",
        "Mitigation":"Audit",
        "Description":"Use auditing tools capable of detecting privilege and service abuse opportunities on systems within an enterprise and correct them."
    },
    {
        "ID":"M1040",
        "Mitigation":"Behavior Prevention on Endpoint",
        "Description":"On Windows 10, enable Attack Surface Reduction (ASR) rules to prevent an application from writing a signed vulnerable driver to the system.[152]On Windows 10 and 11, enable Microsoft Vulnerable Driver Blocklist to assist in hardening against third party-developed service drivers.[153]"
    },
    {
        "ID":"M1045",
        "Mitigation":"Code Signing",
        "Description":"Enforce registration and execution of only legitimately signed service drivers where possible."
    },
    {
        "ID":"M1028",
        "Mitigation":"Operating System Configuration",
        "Description":"Ensure that Driver Signature Enforcement is enabled to restrict unsigned drivers from being installed."
    },
    {
        "ID":"M1018",
        "Mitigation":"User Account Management",
        "Description":"Limit privileges of user accounts and groups so that only authorized administrators can interact with service changes and service configurations."
    }
]