[
    {
        "ID":"S0677",
        "Name":"AADInternals",
        "Description":"AADInternals can collect files from a user’s OneDrive.[8]"
    },
    {
        "ID":"C0027",
        "Name":"C0027",
        "Description":"DuringC0027,Scattered Spideraccessed victim OneDrive environments to search for VPN and MFA enrollment information, help desk instructions, and new hire guides.[9]"
    },
    {
        "ID":"G0117",
        "Name":"Fox Kitten",
        "Description":"Fox Kittenhas obtained files from the victim's cloud storage instances.[10]"
    },
    {
        "ID":"S1091",
        "Name":"Pacu",
        "Description":"Pacucan enumerate and download files stored in AWS storage services, such as S3 buckets.[11]"
    },
    {
        "ID":"S0683",
        "Name":"Peirates",
        "Description":"Peiratescan dump the contents of AWS S3 buckets. It can also retrieve service account tokens from kOps buckets in Google Cloud Storage or S3.[12]"
    },
    {
        "ID":"G1015",
        "Name":"Scattered Spider",
        "Description":"Scattered Spiderenumerates data stored in cloud resources for collection and exfiltration purposes.[13]"
    }
]