[
    {
        "ID":"S0622",
        "Name":"AppleSeed",
        "Description":"AppleSeedcan find and collect data from removable media devices.[1][2]"
    },
    {
        "ID":"G0007",
        "Name":"APT28",
        "Description":"AnAPT28backdoor may collect the entire contents of an inserted USB device.[3]"
    },
    {
        "ID":"S0456",
        "Name":"Aria-body",
        "Description":"Aria-bodyhas the ability to collect data from USB devices.[4]"
    },
    {
        "ID":"S0128",
        "Name":"BADNEWS",
        "Description":"BADNEWScopies files with certain extensions from USB devices toa predefined directory.[5]"
    },
    {
        "ID":"S0050",
        "Name":"CosmicDuke",
        "Description":"CosmicDukesteals user files from removable media with file extensions and keywords that match a predefined list.[6]"
    },
    {
        "ID":"S0115",
        "Name":"Crimson",
        "Description":"Crimsoncontains a module to collect data from removable drives.[7][8]"
    },
    {
        "ID":"S0538",
        "Name":"Crutch",
        "Description":"Crutchcan monitor removable drives and exfiltrate files matching a given extension list.[9]"
    },
    {
        "ID":"S0569",
        "Name":"Explosive",
        "Description":"Explosivecan scan all .exe files located in the USB drive.[10]"
    },
    {
        "ID":"S0036",
        "Name":"FLASHFLOOD",
        "Description":"FLASHFLOODsearches for interesting files (either a default or customized set of file extensions) on removable media and copies them to a staging area. The default file types copied would include data copied to the drive bySPACESHIP.[11]"
    },
    {
        "ID":"S1044",
        "Name":"FunnyDream",
        "Description":"TheFunnyDreamFilePakMonitor component has the ability to collect files from removable devices.[12]"
    },
    {
        "ID":"G0047",
        "Name":"Gamaredon Group",
        "Description":"AGamaredon Groupfile stealer has the capability to steal data from newly connected logical volumes on a system, including USB drives.[13][14]"
    },
    {
        "ID":"S0237",
        "Name":"GravityRAT",
        "Description":"GravityRATsteals files based on an extension list if a USB drive is connected to the system.[15]"
    },
    {
        "ID":"S0260",
        "Name":"InvisiMole",
        "Description":"InvisiMolecan collect jpeg files from connected MTP devices.[16]"
    },
    {
        "ID":"S0409",
        "Name":"Machete",
        "Description":"Machetecan find, encrypt, and upload files from fixed and removable drives.[17][18]"
    },
    {
        "ID":"S0644",
        "Name":"ObliqueRAT",
        "Description":"ObliqueRAThas the ability to extract data from removable devices connected to the endpoint.[19]"
    },
    {
        "ID":"S0113",
        "Name":"Prikormka",
        "Description":"Prikormkacontains a module that collects documents with certain extensions from removable media or fixed drives connected via USB.[20]"
    },
    {
        "ID":"S0458",
        "Name":"Ramsay",
        "Description":"Ramsaycan collect data from removable media and stage it for exfiltration.[21]"
    },
    {
        "ID":"S0125",
        "Name":"Remsec",
        "Description":"Remsechas a package that collects documents from any inserted USB sticks.[22]"
    },
    {
        "ID":"S0090",
        "Name":"Rover",
        "Description":"Roversearches for files on attached removable drives based on a predefined list of file extensions every five seconds.[23]"
    },
    {
        "ID":"S0467",
        "Name":"TajMahal",
        "Description":"TajMahalhas the ability to steal written CD images and files of interest from previously connected removable drives when they become available again.[24]"
    },
    {
        "ID":"G0010",
        "Name":"Turla",
        "Description":"TurlaRPC backdoors can collect files from USB thumb drives.[25][26]"
    },
    {
        "ID":"S0136",
        "Name":"USBStealer",
        "Description":"Once a removable media device is inserted back into the first victim,USBStealercollects data from it that was exfiltrated from a second victim.[27][28]"
    }
]