[
    {
        "ID":"DS0017",
        "Data Source":"Command",
        "Data Component":"Command Execution",
        "Detects":"Monitor executed commands and arguments that may gain persistence and elevate privileges by executing malicious content triggered by the Event Monitor Daemon (emond)."
    },
    {
        "ID":"DS0022",
        "Data Source":"File",
        "Data Component":"File Creation",
        "Detects":"Monitor emond rules creation by checking for files created in\/etc\/emond.d\/rules\/and\/private\/var\/db\/emondClients."
    },
    {
        "ID":"",
        "Data Source":"",
        "Data Component":"File Modification",
        "Detects":"Monitor emond rules creation by checking for files modified in\/etc\/emond.d\/rules\/and\/private\/var\/db\/emondClients."
    },
    {
        "ID":"DS0009",
        "Data Source":"Process",
        "Data Component":"Process Creation",
        "Detects":"Monitor newly executed processes that may gain persistence and elevate privileges by executing malicious content triggered by the Event Monitor Daemon (emond)."
    }
]