[
    {
        "ID":"M1049",
        "Mitigation":"Antivirus\/Antimalware",
        "Description":"Anti-virus can be used to automatically detect and quarantine suspicious files. Consider utilizing the Antimalware Scan Interface (AMSI) on Windows 10+ to analyze commands after being processed\/interpreted.[175]"
    },
    {
        "ID":"M1047",
        "Mitigation":"Audit",
        "Description":"Consider periodic review of common fileless storage locations (such as the Registry or WMI repository) to potentially identify abnormal and malicious data."
    },
    {
        "ID":"M1040",
        "Mitigation":"Behavior Prevention on Endpoint",
        "Description":"On Windows 10+, enable Attack Surface Reduction (ASR) rules to prevent execution of potentially obfuscated payloads.[176]"
    },
    {
        "ID":"M1017",
        "Mitigation":"User Training",
        "Description":"Ensure that a finite amount of ingress points to a software deployment system exist with restricted access for those required to allow and enable newly deployed software."
    }
]