[
    {
        "ID":"DS0017",
        "Data Source":"Command",
        "Data Component":"Command Execution",
        "Detects":"Monitor executed commands and arguments that may acquire user credentials from third-party password managers.[1]"
    },
    {
        "ID":"DS0022",
        "Data Source":"File",
        "Data Component":"File Access",
        "Detects":"Monitor file reads that may acquire user credentials from third-party password managers.[1]"
    },
    {
        "ID":"DS0009",
        "Data Source":"Process",
        "Data Component":"OS API Execution",
        "Detects":"Monitor for API calls that may search for common password storage locations to obtain user credentials."
    },
    {
        "ID":"",
        "Data Source":"",
        "Data Component":"Process Access",
        "Detects":"Monitor process being accessed that may acquire user credentials from third-party password managers.[1]"
    }
]