[
    {
        "ID":"S0570",
        "Name":"BitPaymer",
        "Description":"BitPaymercan useicacls \/resetandtakeown \/Fto reset a targeted executable's permissions and then take ownership.[5]"
    },
    {
        "ID":"S1068",
        "Name":"BlackCat",
        "Description":"BlackCatcan use Windows commands such asfsutil behavior set SymLinkEvaluation R2L:1to redirect file system access to a different location after gaining access into compromised networks.[6]"
    },
    {
        "ID":"S0693",
        "Name":"CaddyWiper",
        "Description":"CaddyWipercan modify ACL entries to take ownership of files.[7]"
    },
    {
        "ID":"S0531",
        "Name":"Grandoreiro",
        "Description":"Grandoreirocan modify the binary ACL to prevent security tools from running.[8]"
    },
    {
        "ID":"S0201",
        "Name":"JPIN",
        "Description":"JPINcan use the command-line utility cacls.exe to change file permissions.[9]"
    },
    {
        "ID":"S0446",
        "Name":"Ryuk",
        "Description":"Ryukcan launchicacls\/grant Everyone:F \/T \/C \/Qto delete every access-based restrictions on files and directories.[10]"
    },
    {
        "ID":"S0366",
        "Name":"WannaCry",
        "Description":"WannaCryusesattrib +handicacls . \/grant Everyone:F \/T \/C \/Qto make some of its files hidden and grant all users full access controls.[11]"
    },
    {
        "ID":"S0612",
        "Name":"WastedLocker",
        "Description":"WastedLockerhas a command to take ownership of a file and reset the ACL permissions using thetakeown.exe \/F filepathcommand.[12]"
    },
    {
        "ID":"G0102",
        "Name":"Wizard Spider",
        "Description":"Wizard Spiderhas used the icacls command to modify access control to backup servers, providing them with full control of all the system folders.[13]"
    }
]