[
    {
        "ID":"T1546.001",
        "Name":"Change Default File Association"
    },
    {
        "ID":"T1546.002",
        "Name":"Screensaver"
    },
    {
        "ID":"T1546.003",
        "Name":"Windows Management Instrumentation Event Subscription"
    },
    {
        "ID":"T1546.004",
        "Name":"Unix Shell Configuration Modification"
    },
    {
        "ID":"T1546.005",
        "Name":"Trap"
    },
    {
        "ID":"T1546.006",
        "Name":"LC_LOAD_DYLIB Addition"
    },
    {
        "ID":"T1546.007",
        "Name":"Netsh Helper DLL"
    },
    {
        "ID":"T1546.008",
        "Name":"Accessibility Features"
    },
    {
        "ID":"T1546.009",
        "Name":"AppCert DLLs"
    },
    {
        "ID":"T1546.010",
        "Name":"AppInit DLLs"
    },
    {
        "ID":"T1546.011",
        "Name":"Application Shimming"
    },
    {
        "ID":"T1546.012",
        "Name":"Image File Execution Options Injection"
    },
    {
        "ID":"T1546.013",
        "Name":"PowerShell Profile"
    },
    {
        "ID":"T1546.014",
        "Name":"Emond"
    },
    {
        "ID":"T1546.015",
        "Name":"Component Object Model Hijacking"
    },
    {
        "ID":"T1546.016",
        "Name":"Installer Packages"
    }
]