[
    {
        "ID":"DS0017",
        "Data Source":"Command",
        "Data Component":"Command Execution",
        "Detects":"Monitor executed commands and arguments that may establish persistence and\/or elevate privileges by executing malicious content triggered by accessibility features. Command line invocation of tools capable of modifying the Registry for associated keys are also suspicious. Utility arguments and the binaries themselves should be monitored for changes.Note: Event ID 4104 (from the Microsoft-Windows-Powershell\/Operational log) captures Powershell script blocks, which can be analyzed and used to detect on abuse of Accessibility Features."
    },
    {
        "ID":"DS0022",
        "Data Source":"File",
        "Data Component":"File Creation",
        "Detects":"Monitor newly constructed files that may establish persistence and\/or elevate privileges by executing malicious content triggered by accessibility features."
    },
    {
        "ID":"",
        "Data Source":"",
        "Data Component":"File Modification",
        "Detects":"Monitor for changes made to files that may establish persistence and\/or elevate privileges by executing malicious content triggered by accessibility features. Changes to accessibility utility binaries or binary paths that do not correlate with known software, patch cycles, etc., are suspicious."
    },
    {
        "ID":"DS0009",
        "Data Source":"Process",
        "Data Component":"Process Creation",
        "Detects":"Monitor newly executed processes that may establish persistence and\/or elevate privileges by executing malicious content triggered by accessibility features.An adversary can use accessibility features (Ease of Access), such as StickyKeys or Utilman, to launch a command shell from the logon screen and gain SYSTEM access. Since an adversary does not have physical access to the machine, this technique must be run within Remote Desktop. To prevent an adversary from getting to the login screen without first authenticating, Network-Level Authentication (NLA) must be enabled. If a debugger is set up for one of the accessibility features, then it will intercept the process launch of the feature and instead execute a new command line. This analytic looks for instances of cmd.exe or powershell.exe launched directly from the logon process, winlogon.exe.Several accessibility programs can be run using the Ease of Access centersethc.exe handles StickyKeysutilman.exe is the Ease of Access menuosk.exe runs the On-Screen Keyboardnarrator.exe reads screen text over audiomagnify.exe magnifies the view of the screen near the cursorOne simple way to implement this technique is to note that in a default Windows configuration there are no spaces in the path to the system32 folder. If the accessibility programs are ever run with a Debugger set, then Windows will launch the Debugger process and append the command line to the accessibility program. As a result, a space is inserted in the command line before the path. Looking for any instances of a space in the command line before the name of an accessibility program will help identify when Debuggers are set.The Windows Registry location HKLM\\Software\\Microsoft\\Windows NT\\CurrentVersion\\Image File Execution Options allows for parameters to be set for applications during execution. One feature used by malicious actors is the \"Debugger\" option. When a key has this value enabled, a Debugging command line can be specified. Windows will launch the Debugging command line, and pass the original command line in as an argument. Adversaries can set a Debugger for Accessibility Applications. The analytic looks for the original command line as an argument to the Debugger. When the strings \"sethc.exe\", \"utilman.exe\", \"osk.exe\", \"narrator.exe\", and \"Magnify.exe\" are detected in the arguments, but not as the main executable, it is very likely that a Debugger is set.Note: Event IDs are for Sysmon (Event ID 1 - process create) and Windows Security Log (Event ID 4688 - a new process has been created). The Analytic example looks for any creation of common accessibility processes such as sethc.exe but does no other filtering, which may result in false positives. Therefore, we recommend tuning any such analytics by including additional logic (e.g., testing the name of the parent process) that helps reduce false positives.Analytic 2 could depend on the possibility of the known strings used as arguments for other applications used in the day-to-day environment. Although the chance of the string \"sethc.exe\" being used as an argument for another application is unlikely, it still is a possibility.Analytic 1 - Command Launched from Winlogon(source=\"WinEventLog:Microsoft-Windows-Sysmon\/Operational\" EventCode=\"1\") OR (source=\"WinEventLog:Security\" EventCode=\"4688\") AND ParentImage=\"winlogon.exe\" AND Image=\"cmd.exe\"AND (CommandLine=\"sethc.exe\"OR CommandLine=\"utilman.exe\"OR CommandLine=\"osk.exe\" OR CommandLine=\"narrator.exe\" OR CommandLine=\"*magnify.exe\"Analytic 2 - Debuggers for Accessibility Applications(source=\"WinEventLog:Microsoft-Windows-Sysmon\/Operational\" EventCode=\"1\") OR (source=\"WinEventLog:Security\" EventCode=\"4688\") | where CommandLine match \"$..(sethcutilmanosknarratormagnify).exe\""
    },
    {
        "ID":"DS0024",
        "Data Source":"Windows Registry",
        "Data Component":"Windows Registry Key Modification",
        "Detects":"Monitor Registry keys withinHKEY_LOCAL_MACHINE\\SOFTWARE\\Microsoft\\Windows NT\\CurrentVersion\\Image File Execution Options."
    }
]