[
    {
        "ID":"DS0025",
        "Data Source":"Cloud Service",
        "Data Component":"Cloud Service Enumeration",
        "Detects":"Monitor for API calls and CLI commands that attempt to enumerate and fetch credential material from cloud secrets managers, such asget-secret-valuein AWS,gcloud secrets describein GCP, andaz key vault secret showin Azure. Alert on any suspicious usages of these commands, such as an account or service generating an unusually high number of secret requests."
    },
    {
        "ID":"DS0017",
        "Data Source":"Command",
        "Data Component":"Command Execution",
        "Detects":"Monitor executed commands and arguments that may search for common password storage locations to obtain user credentials."
    },
    {
        "ID":"DS0022",
        "Data Source":"File",
        "Data Component":"File Access",
        "Detects":"Monitor for files being accessed that may search for common password storage locations to obtain user credentials."
    },
    {
        "ID":"DS0009",
        "Data Source":"Process",
        "Data Component":"OS API Execution",
        "Detects":"Monitor for API calls that may search for common password storage locations to obtain user credentials."
    },
    {
        "ID":"",
        "Data Source":"",
        "Data Component":"Process Access",
        "Detects":"Monitor for processes being accessed that may search for common password storage locations to obtain user credentials."
    },
    {
        "ID":"",
        "Data Source":"",
        "Data Component":"Process Creation",
        "Detects":"Monitor newly executed processes that may search for common password storage locations to obtain user credentials."
    }
]