[
    {
        "ID":"S0331",
        "Name":"Agent Tesla",
        "Description":"Agent Teslahas the ability to steal credentials from FTP clients and wireless profiles.[2]"
    },
    {
        "ID":"G0064",
        "Name":"APT33",
        "Description":"APT33has used a variety of publicly available tools likeLaZagneto gather credentials.[3][4]"
    },
    {
        "ID":"G0087",
        "Name":"APT39",
        "Description":"APT39has used the Smartftp Password Decryptor tool to decrypt FTP passwords.[5]"
    },
    {
        "ID":"S0373",
        "Name":"Astaroth",
        "Description":"Astarothuses an external software known as NetPass to recover passwords.[6]"
    },
    {
        "ID":"S0484",
        "Name":"Carberp",
        "Description":"Carberp's passw.plug plugin can gather account information from multiple instant messaging, email, and social media services, as well as FTP, VNC, and VPN clients.[7]"
    },
    {
        "ID":"S0050",
        "Name":"CosmicDuke",
        "Description":"CosmicDukecollects user credentials, including passwords, for various programs including popular instant messaging applications and email clients as well as WLAN keys.[1]"
    },
    {
        "ID":"S1111",
        "Name":"DarkGate",
        "Description":"DarkGateuse Nirsoft Network Password Recovery or NetPass tools to steal stored RDP credentials in some malware versions.[8]"
    },
    {
        "ID":"G0120",
        "Name":"Evilnum",
        "Description":"Evilnumcan collect email credentials from victims.[9]"
    },
    {
        "ID":"G0037",
        "Name":"FIN6",
        "Description":"FIN6has used the Stealer One credential stealer to target e-mail and file transfer utilities including FTP.[10]"
    },
    {
        "ID":"G1001",
        "Name":"HEXANE",
        "Description":"HEXANEhas runcmdkeyon victim machines to identify stored credentials.[11]"
    },
    {
        "ID":"S0526",
        "Name":"KGH_SPY",
        "Description":"KGH_SPYcan collect credentials from WINSCP.[12]"
    },
    {
        "ID":"S0349",
        "Name":"LaZagne",
        "Description":"LaZagnecan obtain credentials from databases, mail, and WiFi across multiple platforms.[13]"
    },
    {
        "ID":"G0077",
        "Name":"Leafminer",
        "Description":"Leafminerused several tools for retrieving login and password information, including LaZagne.[14]"
    },
    {
        "ID":"S0447",
        "Name":"Lokibot",
        "Description":"Lokibothas stolen credentials from multiple applications and data sources including Windows OS credentials, email clients, FTP, and SFTP clients.[15]"
    },
    {
        "ID":"G1026",
        "Name":"Malteiro",
        "Description":"Malteirohas obtained credentials from mail clients via NirSoft MailPassView.[16]"
    },
    {
        "ID":"S0167",
        "Name":"Matryoshka",
        "Description":"Matryoshkais capable of stealing Outlook passwords.[17][18]"
    },
    {
        "ID":"S0002",
        "Name":"Mimikatz",
        "Description":"Mimikatzperforms credential dumping to obtain account and password information useful in gaining access to additional systems and enterprise network resources. It contains functionality to acquire information about credentials in many ways, including from the credential vault and DPAPI.[19][20][21][22][23]"
    },
    {
        "ID":"S1122",
        "Name":"Mispadu",
        "Description":"Mispaduhas obtained credentials from mail clients via NirSoft MailPassView.[16][24][25]"
    },
    {
        "ID":"G0069",
        "Name":"MuddyWater",
        "Description":"MuddyWaterhas performed credential dumping withLaZagneand other tools, including by dumping passwords saved in victim email.[26][27][28]"
    },
    {
        "ID":"S0198",
        "Name":"NETWIRE",
        "Description":"NETWIREcan retrieve passwords from messaging and mail client applications.[29]"
    },
    {
        "ID":"G0049",
        "Name":"OilRig",
        "Description":"OilRighas used credential dumping tools such asLaZagneto steal credentials to accounts logged into the compromised system and to Outlook Web Access.[30][31][32][33]"
    },
    {
        "ID":"S0138",
        "Name":"OLDBAIT",
        "Description":"OLDBAITcollects credentials from several email clients.[34]"
    },
    {
        "ID":"S0048",
        "Name":"PinchDuke",
        "Description":"PinchDukesteals credentials from compromised hosts.PinchDuke's credential stealing functionality is believed to be based on the source code of the Pinch credential stealing malware (also known as LdPinch). Credentials targeted byPinchDukeinclude ones associated with many sources such as The Bat!, Yahoo!, Mail.ru, Passport.Net, Google Talk, and Microsoft Outlook.[1]"
    },
    {
        "ID":"S0435",
        "Name":"PLEAD",
        "Description":"PLEADhas the ability to steal saved passwords from Microsoft Outlook.[35]"
    },
    {
        "ID":"S0378",
        "Name":"PoshC2",
        "Description":"PoshC2can decrypt passwords stored in the RDCMan configuration file.[36]"
    },
    {
        "ID":"S0113",
        "Name":"Prikormka",
        "Description":"A module inPrikormkacollects passwords stored in applications installed on the victim.[37]"
    },
    {
        "ID":"S0192",
        "Name":"Pupy",
        "Description":"Pupycan use Lazagne for harvesting credentials.[38]"
    },
    {
        "ID":"S0262",
        "Name":"QuasarRAT",
        "Description":"QuasarRATcan obtain passwords from common FTP clients.[39][40]"
    },
    {
        "ID":"C0024",
        "Name":"SolarWinds Compromise",
        "Description":"During theSolarWinds Compromise,APT29used account credentials they obtained to attempt access to Group Managed Service Account (gMSA) passwords.[41]"
    },
    {
        "ID":"G0038",
        "Name":"Stealth Falcon",
        "Description":"Stealth Falconmalware gathers passwords from multiple sources, including Windows Credential Vault and Outlook.[42]"
    },
    {
        "ID":"G1017",
        "Name":"Volt Typhoon",
        "Description":"Volt Typhoonhas attempted to obtain credentials from OpenSSH, realvnc, and PuTTY.[43]"
    }
]