[
    {
        "ID":"M1047",
        "Mitigation":"Audit",
        "Description":"Administrators should perform an audit of all access lists and the permissions they have been granted to access web applications and services. This should be done extensively on all resources in order to establish a baseline, followed up on with periodic audits of new or updated resources. Suspicious accounts\/credentials should be investigated and removed."
    },
    {
        "ID":"M1054",
        "Mitigation":"Software Configuration",
        "Description":"Configure browsers\/applications to regularly delete persistent web cookies."
    }
]