[
    {
        "ID":"S0052",
        "Name":"OnionDuke",
        "Description":"OnionDukehas the capability to use a Denial of Service module.[6]"
    },
    {
        "ID":"G0034",
        "Name":"Sandworm Team",
        "Description":"Sandworm Teamtemporarily disrupted service to Georgian government, non-government, and private sector websites after compromising a Georgian web hosting provider in 2019.[7]"
    },
    {
        "ID":"S0412",
        "Name":"ZxShell",
        "Description":"ZxShellhas a feature to perform SYN flood attack on a host.[8][9]"
    }
]