[
    {
        "ID":"S0066",
        "Name":"3PARA RAT",
        "Description":"3PARA RATcommand and control commands are encrypted within the HTTP C2 channel using the DES algorithm in CBC mode with a key derived from the MD5 hash of the string HYF54&%9&jkMCXuiS.3PARA RATwill use an 8-byte XOR key derived from the string HYF54&%9&jkMCXuiS if the DES decoding fails[1]"
    },
    {
        "ID":"S0065",
        "Name":"4H RAT",
        "Description":"4H RATobfuscates C2 communication using a 1-byte XOR with the key 0xBE.[1]"
    },
    {
        "ID":"S0045",
        "Name":"ADVSTORESHELL",
        "Description":"A variant ofADVSTORESHELLencrypts some C2 with 3DES.[2]"
    },
    {
        "ID":"G0007",
        "Name":"APT28",
        "Description":"APT28installed a Delphi backdoor that used a custom algorithm for C2 communications.[3]"
    },
    {
        "ID":"G0064",
        "Name":"APT33",
        "Description":"APT33has used AES for encryption of command and control traffic.[4]"
    },
    {
        "ID":"S0438",
        "Name":"Attor",
        "Description":"Attorhas encrypted data symmetrically using a randomly generated Blowfish (OFB) key which is encrypted with a public RSA key.[5]"
    },
    {
        "ID":"S0344",
        "Name":"Azorult",
        "Description":"Azorultcan encrypt C2 traffic using XOR.[6][7]"
    },
    {
        "ID":"S0245",
        "Name":"BADCALL",
        "Description":"BADCALLencrypts C2 traffic using an XOR\/ADD cipher.[8]"
    },
    {
        "ID":"S0128",
        "Name":"BADNEWS",
        "Description":"BADNEWSencrypts C2 data with a ROR by 3 and an XOR by 0x23.[9][10]"
    },
    {
        "ID":"S0234",
        "Name":"Bandook",
        "Description":"Bandookhas used AES encryption for C2 communication.[11]"
    },
    {
        "ID":"S0534",
        "Name":"Bazar",
        "Description":"Bazarcan send C2 communications with XOR encryption.[12]"
    },
    {
        "ID":"S0127",
        "Name":"BBSRAT",
        "Description":"BBSRATuses a custom encryption algorithm on data sent back to the C2 server over HTTP.[13]"
    },
    {
        "ID":"S0574",
        "Name":"BendyBear",
        "Description":"BendyBearcommunicates to a C2 server over port 443 using modified RC4 and XOR-encrypted chunks.[14]"
    },
    {
        "ID":"S0268",
        "Name":"Bisonal",
        "Description":"Bisonalvariants reported on in 2014 and 2015 used a simple XOR cipher for C2. SomeBisonalsamples encrypt C2 communications with RC4.[15][16][17]"
    },
    {
        "ID":"S0520",
        "Name":"BLINDINGCAN",
        "Description":"BLINDINGCANhas encrypted its C2 traffic with RC4.[18]"
    },
    {
        "ID":"S0486",
        "Name":"Bonadan",
        "Description":"Bonadancan XOR-encrypt C2 communications.[19]"
    },
    {
        "ID":"G0060",
        "Name":"BRONZE BUTLER",
        "Description":"BRONZE BUTLERhas used RC4 encryption (for Datper malware) and AES (for xxmm malware) to obfuscate HTTP traffic.BRONZE BUTLERhas also used a tool called RarStar that encodes data with a custom XOR algorithm when posting it to a C2 server.[20]"
    },
    {
        "ID":"S1039",
        "Name":"Bumblebee",
        "Description":"Bumblebeecan encrypt C2 requests and responses with RC4[21]"
    },
    {
        "ID":"S0077",
        "Name":"CallMe",
        "Description":"CallMeuses AES to encrypt C2 traffic.[22]"
    },
    {
        "ID":"S0030",
        "Name":"Carbanak",
        "Description":"Carbanakencrypts the message body of HTTP traffic with RC2 (in CBC mode).Carbanakalso uses XOR with random keys for its communications.[23][24]"
    },
    {
        "ID":"S0348",
        "Name":"Cardinal RAT",
        "Description":"Cardinal RATuses a secret key with a series of XOR and addition operations to encrypt C2 traffic.[25]"
    },
    {
        "ID":"S0220",
        "Name":"Chaos",
        "Description":"Chaosprovides a reverse shell connection on 8338\/TCP, encrypted via AES.[26]"
    },
    {
        "ID":"S0674",
        "Name":"CharmPower",
        "Description":"CharmPowercan send additional modules over C2 encrypted with a simple substitution cipher.[27]"
    },
    {
        "ID":"S0144",
        "Name":"ChChes",
        "Description":"ChChescan encrypt C2 traffic with AES or RC4.[28][29]"
    },
    {
        "ID":"S0023",
        "Name":"CHOPSTICK",
        "Description":"CHOPSTICKencrypts C2 communications with RC4.[30]"
    },
    {
        "ID":"S0154",
        "Name":"Cobalt Strike",
        "Description":"Cobalt Strikehas the ability to use AES-256 symmetric encryption in CBC mode with HMAC-SHA-256 to encrypt task commands and XOR to encrypt shell code and configuration data.[31]"
    },
    {
        "ID":"S0244",
        "Name":"Comnie",
        "Description":"Comnieencrypts command and control communications with RC4.[32]"
    },
    {
        "ID":"S0137",
        "Name":"CORESHELL",
        "Description":"CORESHELLC2 messages are encrypted with custom stream ciphers using six-byte or eight-byte keys.[33]"
    },
    {
        "ID":"S0050",
        "Name":"CosmicDuke",
        "Description":"CosmicDukecontains a custom version of the RC4 algorithm that includes a programming error.[34]"
    },
    {
        "ID":"G0012",
        "Name":"Darkhotel",
        "Description":"Darkhotelhas used AES-256 and 3DES for C2 communications.[35]"
    },
    {
        "ID":"S0187",
        "Name":"Daserf",
        "Description":"Daserfuses RC4 encryption to obfuscate HTTP traffic.[20]"
    },
    {
        "ID":"S0021",
        "Name":"Derusbi",
        "Description":"Derusbiobfuscates C2 traffic with variable 4-byte XOR keys.[36]"
    },
    {
        "ID":"S0200",
        "Name":"Dipsind",
        "Description":"Dipsindencrypts C2 data with AES256 in ECB mode.[37]"
    },
    {
        "ID":"S0472",
        "Name":"down_new",
        "Description":"down_newhas the ability to AES encrypt C2 communications.[38]"
    },
    {
        "ID":"S0134",
        "Name":"Downdelph",
        "Description":"Downdelphuses RC4 to encrypt C2 responses.[39]"
    },
    {
        "ID":"S0384",
        "Name":"Dridex",
        "Description":"Dridexhas encrypted traffic with RC4.[40]"
    },
    {
        "ID":"S0038",
        "Name":"Duqu",
        "Description":"TheDuqucommand and control protocol's data stream can be encrypted with AES-CBC.[41]"
    },
    {
        "ID":"S0377",
        "Name":"Ebury",
        "Description":"Eburyhas encrypted C2 traffic using the client IP address, then encoded it as a hexadecimal string.[42]"
    },
    {
        "ID":"S0081",
        "Name":"Elise",
        "Description":"Eliseencrypts exfiltrated data with RC4.[43]"
    },
    {
        "ID":"S0082",
        "Name":"Emissary",
        "Description":"The C2 server response to a beacon sent by a variant ofEmissarycontains a 36-character GUID value that is used as an encryption key for subsequent network communications. Some variants ofEmissaryuse various XOR operations to encrypt C2 data.[44]"
    },
    {
        "ID":"S0091",
        "Name":"Epic",
        "Description":"Epicencrypts commands from the C2 server using a hardcoded key.[45]"
    },
    {
        "ID":"S0569",
        "Name":"Explosive",
        "Description":"Explosivehas encrypted communications with the RC4 method.[46]"
    },
    {
        "ID":"S0076",
        "Name":"FakeM",
        "Description":"The original variant ofFakeMencrypts C2 traffic using a custom encryption cipher that uses an XOR key of \"YHCRA\" and bit rotation between each XOR operation. Some variants ofFakeMuse RC4 to encrypt C2 traffic.[22]"
    },
    {
        "ID":"S0181",
        "Name":"FALLCHILL",
        "Description":"FALLCHILLencrypts C2 data with RC4 encryption.[47][48]"
    },
    {
        "ID":"S0512",
        "Name":"FatDuke",
        "Description":"FatDukecan AES encrypt C2 communications.[49]"
    },
    {
        "ID":"S0171",
        "Name":"Felismus",
        "Description":"SomeFelismussamples use a custom encryption method for C2 traffic that utilizes AES and multiple keys.[50]"
    },
    {
        "ID":"S0381",
        "Name":"FlawedAmmyy",
        "Description":"FlawedAmmyyhas used SEAL encryption during the initial C2 handshake.[51]"
    },
    {
        "ID":"S0661",
        "Name":"FoggyWeb",
        "Description":"FoggyWebhas used a dynamic XOR key and custom XOR methodology for C2 communications.[52]"
    },
    {
        "ID":"C0001",
        "Name":"Frankenstein",
        "Description":"DuringFrankenstein, the threat actors communicated with C2 via an encrypted RC4 byte stream and AES-CBC.[53]"
    },
    {
        "ID":"S0168",
        "Name":"Gazer",
        "Description":"Gazeruses custom encryption for C2 that uses 3DES.[54][55]"
    },
    {
        "ID":"S0032",
        "Name":"gh0st RAT",
        "Description":"gh0st RATuses RC4 and XOR to encrypt C2 traffic.[56]"
    },
    {
        "ID":"S0342",
        "Name":"GreyEnergy",
        "Description":"GreyEnergyencrypts communications using AES256.[57]"
    },
    {
        "ID":"S0632",
        "Name":"GrimAgent",
        "Description":"GrimAgentcan use an AES key to encrypt C2 communications.[58]"
    },
    {
        "ID":"S0132",
        "Name":"H1N1",
        "Description":"H1N1encrypts C2 traffic using an RC4 key.[59]"
    },
    {
        "ID":"S0037",
        "Name":"HAMMERTOSS",
        "Description":"Before being appended to image files,HAMMERTOSScommands are encrypted with a key composed of both a hard-coded value and a string contained on that day's tweet. To decrypt the commands, an investigator would need access to the intended malware sample, the day's tweet, and the image file containing the command.[60]"
    },
    {
        "ID":"S0170",
        "Name":"Helminth",
        "Description":"Helminthencrypts data sent to its C2 server over HTTP with RC4.[61]"
    },
    {
        "ID":"S0087",
        "Name":"Hi-Zor",
        "Description":"Hi-Zorencrypts C2 traffic with a double XOR using two distinct single-byte keys.[62]"
    },
    {
        "ID":"S0394",
        "Name":"HiddenWasp",
        "Description":"HiddenWaspuses an RC4-like algorithm with an already computed PRGA generated key-stream for network communication.[63]"
    },
    {
        "ID":"G0126",
        "Name":"Higaisa",
        "Description":"Higaisaused AES-128 to encrypt C2 traffic.[64]"
    },
    {
        "ID":"S0009",
        "Name":"Hikit",
        "Description":"Hikitperforms XOR encryption.[65]"
    },
    {
        "ID":"S0431",
        "Name":"HotCroissant",
        "Description":"HotCroissanthas compressed network communications and encrypted them with a custom stream cipher.[66][67]"
    },
    {
        "ID":"S0068",
        "Name":"httpclient",
        "Description":"httpclientencrypts C2 content with XOR using a single byte, 0x12.[1]"
    },
    {
        "ID":"S0203",
        "Name":"Hydraq",
        "Description":"HydraqC2 traffic is encrypted using bitwise NOT and XOR operations.[68]"
    },
    {
        "ID":"S0537",
        "Name":"HyperStack",
        "Description":"HyperStackhas used RSA encryption for C2 communications.[69]"
    },
    {
        "ID":"S1022",
        "Name":"IceApple",
        "Description":"TheIceAppleResult Retriever module can AES encrypt C2 responses.[70]"
    },
    {
        "ID":"G0100",
        "Name":"Inception",
        "Description":"Inceptionhas encrypted network communications with AES.[71]"
    },
    {
        "ID":"S0260",
        "Name":"InvisiMole",
        "Description":"InvisiMoleuses variations of a simple XOR encryption routine for C&C communications.[72]"
    },
    {
        "ID":"S0271",
        "Name":"KEYMARBLE",
        "Description":"KEYMARBLEuses a customized XOR algorithm to encrypt C2 communications.[73]"
    },
    {
        "ID":"S0641",
        "Name":"Kobalos",
        "Description":"Kobalos's post-authentication communication channel uses a 32-byte-long password with RC4 for inbound and outbound traffic.[74][75]"
    },
    {
        "ID":"S0162",
        "Name":"Komplex",
        "Description":"TheKomplexC2 channel uses an 11-byte XOR algorithm to hide data.[76]"
    },
    {
        "ID":"S0356",
        "Name":"KONNI",
        "Description":"KONNIhas used AES to encrypt C2 traffic.[77]"
    },
    {
        "ID":"G0032",
        "Name":"Lazarus Group",
        "Description":"SeveralLazarus Groupmalware families encrypt C2 traffic using custom code that uses XOR with an ADD operation and XOR with a SUB operation. AnotherLazarus Groupmalware sample XORs C2 traffic. OtherLazarus Groupmalware uses Caracachs encryption to encrypt C2 payloads.Lazarus Grouphas also used AES to encrypt C2 traffic.[78][79][80][81]"
    },
    {
        "ID":"S0395",
        "Name":"LightNeuron",
        "Description":"LightNeuronuses AES to encrypt C2 traffic.[82]"
    },
    {
        "ID":"S1119",
        "Name":"LIGHTWIRE",
        "Description":"LIGHTWIREcan RC4 encrypt C2 commands.[83]"
    },
    {
        "ID":"S0582",
        "Name":"LookBack",
        "Description":"LookBackuses a modified version of RC4 for data transfer.[84]"
    },
    {
        "ID":"S0532",
        "Name":"Lucifer",
        "Description":"Lucifercan perform a decremental-xor encryption on the initial C2 request before sending it over the wire.[85]"
    },
    {
        "ID":"S0010",
        "Name":"Lurid",
        "Description":"Luridperforms XOR encryption.[86]"
    },
    {
        "ID":"S0409",
        "Name":"Machete",
        "Description":"Machetehas used AES to exfiltrate documents.[87]"
    },
    {
        "ID":"S1060",
        "Name":"Mafalda",
        "Description":"Mafaldacan encrypt its C2 traffic with RC4.[88]"
    },
    {
        "ID":"S1059",
        "Name":"metaMain",
        "Description":"metaMaincan encrypt the data that it sends and receives from the C2 server using an RC4 encryption algorithm.[88][89]"
    },
    {
        "ID":"S0455",
        "Name":"Metamorfo",
        "Description":"Metamorfohas encrypted C2 commands with AES-256.[90]"
    },
    {
        "ID":"S1026",
        "Name":"Mongall",
        "Description":"Mongallhas the ability to RC4 encrypt C2 communications.[91]"
    },
    {
        "ID":"S0149",
        "Name":"MoonWind",
        "Description":"MoonWindencrypts C2 traffic using RC4 with a static key.[92]"
    },
    {
        "ID":"S0284",
        "Name":"More_eggs",
        "Description":"More_eggshas used an RC4-based encryption method for its C2 communications.[93]"
    },
    {
        "ID":"S0256",
        "Name":"Mosquito",
        "Description":"Mosquitouses a custom encryption algorithm, which consists of XOR and a stream that is similar to the Blum Blum Shub algorithm.[94]"
    },
    {
        "ID":"G0069",
        "Name":"MuddyWater",
        "Description":"MuddyWaterhas used AES to encrypt C2 responses.[95]"
    },
    {
        "ID":"G0129",
        "Name":"Mustang Panda",
        "Description":"Mustang Pandahas encrypted C2 communications with RC4.[96]"
    },
    {
        "ID":"S0336",
        "Name":"NanoCore",
        "Description":"NanoCoreuses DES to encrypt the C2 traffic.[97]"
    },
    {
        "ID":"S0272",
        "Name":"NDiskMonitor",
        "Description":"NDiskMonitoruses AES to encrypt certain information sent over its C2 channel.[10]"
    },
    {
        "ID":"S0630",
        "Name":"Nebulae",
        "Description":"Nebulaecan use RC4 and XOR to encrypt C2 communications.[98]"
    },
    {
        "ID":"S0034",
        "Name":"NETEAGLE",
        "Description":"NETEAGLEwill decrypt resources it downloads with HTTP requests by using RC4 with the key \"ScoutEagle.\"[99]"
    },
    {
        "ID":"S0198",
        "Name":"NETWIRE",
        "Description":"NETWIREcan use AES encryption for C2 data transferred.[100]"
    },
    {
        "ID":"S1106",
        "Name":"NGLite",
        "Description":"NGLitewill use an AES encrypted channel for command and control purposes, in one case using the keyWHATswrongwithUu.[101]"
    },
    {
        "ID":"S1100",
        "Name":"Ninja",
        "Description":"Ninjacan XOR and AES encrypt C2 messages.[102]"
    },
    {
        "ID":"S0439",
        "Name":"Okrum",
        "Description":"Okrumuses AES to encrypt network traffic. The key can be hardcoded or negotiated with the C2 server in the registration phase.[103]"
    },
    {
        "ID":"C0022",
        "Name":"Operation Dream Job",
        "Description":"DuringOperation Dream Job,Lazarus Groupused an AES key to communicate with their C2 server.[104]"
    },
    {
        "ID":"S0352",
        "Name":"OSX_OCEANLOTUS.D",
        "Description":"OSX_OCEANLOTUS.Dencrypts data sent back to the C2 using AES in CBC mode with a null initialization vector (IV) and a key sent from the server that is padded to 32 bytes.[105]"
    },
    {
        "ID":"S0664",
        "Name":"Pandora",
        "Description":"Pandorahas the ability to encrypt communications with D3DES.[106]"
    },
    {
        "ID":"S1031",
        "Name":"PingPull",
        "Description":"PingPullcan use AES, in cipher block chaining (CBC) mode padded with PKCS5, to encrypt C2 server communications.[107]"
    },
    {
        "ID":"S0501",
        "Name":"PipeMon",
        "Description":"PipeMoncommunications are RC4 encrypted.[108]"
    },
    {
        "ID":"S0254",
        "Name":"PLAINTEE",
        "Description":"PLAINTEEencodes C2 beacons using XOR.[109]"
    },
    {
        "ID":"S0435",
        "Name":"PLEAD",
        "Description":"PLEADhas used RC4 encryption to download modules.[110]"
    },
    {
        "ID":"S0013",
        "Name":"PlugX",
        "Description":"PlugXcan use RC4 encryption in C2 communications.[111]"
    },
    {
        "ID":"S0012",
        "Name":"PoisonIvy",
        "Description":"PoisonIvyuses the Camellia cipher to encrypt communications.[112]"
    },
    {
        "ID":"S0371",
        "Name":"POWERTON",
        "Description":"POWERTONhas used AES for encrypting C2 traffic.[4]"
    },
    {
        "ID":"S0113",
        "Name":"Prikormka",
        "Description":"Prikormkaencrypts some C2 traffic with the Blowfish cipher.[113]"
    },
    {
        "ID":"S0650",
        "Name":"QakBot",
        "Description":"QakBotcan RC4 encrypt strings in C2 communication.[114]"
    },
    {
        "ID":"S0262",
        "Name":"QuasarRAT",
        "Description":"QuasarRATuses AES with a hardcoded pre-shared key to encrypt network communication.[115][116][117]"
    },
    {
        "ID":"S1076",
        "Name":"QUIETCANARY",
        "Description":"QUIETCANARYcan RC4 encrypt C2 communications.[118]"
    },
    {
        "ID":"S0629",
        "Name":"RainyDay",
        "Description":"RainyDaycan use RC4 to encrypt C2 communications.[98]"
    },
    {
        "ID":"S0495",
        "Name":"RDAT",
        "Description":"RDAThas used AES ciphertext to encode C2 communications.[119]"
    },
    {
        "ID":"S0153",
        "Name":"RedLeaves",
        "Description":"RedLeaveshas encrypted C2 traffic with RC4, previously using keys of 88888888 and babybear.[120]"
    },
    {
        "ID":"S0433",
        "Name":"Rifdoor",
        "Description":"Rifdoorhas encrypted command and control (C2) communications with a stream cipher.[66]"
    },
    {
        "ID":"S0003",
        "Name":"RIPTIDE",
        "Description":"APT12has used theRIPTIDERAT, which communicates over HTTP with a payload encrypted with RC4.[121]"
    },
    {
        "ID":"S1078",
        "Name":"RotaJakiro",
        "Description":"RotaJakiroencrypts C2 communication using a combination of AES, XOR, ROTATE encryption, and ZLIB compression.[122]"
    },
    {
        "ID":"S0148",
        "Name":"RTM",
        "Description":"RTMencrypts C2 traffic with a custom RC4 variant.[123]"
    },
    {
        "ID":"S0074",
        "Name":"Sakula",
        "Description":"Sakulaencodes C2 traffic with single-byte XOR keys.[124]"
    },
    {
        "ID":"S1099",
        "Name":"Samurai",
        "Description":"Samuraican encrypt C2 communications with AES.[102]"
    },
    {
        "ID":"S1085",
        "Name":"Sardonic",
        "Description":"Sardonichas the ability to use an RC4 key to encrypt communications to and from actor-controlled C2 servers.[125]"
    },
    {
        "ID":"S0053",
        "Name":"SeaDuke",
        "Description":"SeaDukeC2 traffic has been encrypted with RC4 and AES.[126][127]"
    },
    {
        "ID":"S0610",
        "Name":"SideTwist",
        "Description":"SideTwistcan encrypt C2 communications with a randomly generated key.[128]"
    },
    {
        "ID":"S1110",
        "Name":"SLIGHTPULSE",
        "Description":"SLIGHTPULSEcan RC4 encrypt all incoming and outgoing C2 messages.[129]"
    },
    {
        "ID":"S0633",
        "Name":"Sliver",
        "Description":"Slivercan use AES-GCM-256 to encrypt a session key for C2 message exchange.[130]"
    },
    {
        "ID":"S0649",
        "Name":"SMOKEDHAM",
        "Description":"SMOKEDHAMhas encrypted its C2 traffic with RC4.[131]"
    },
    {
        "ID":"S0159",
        "Name":"SNUGRIDE",
        "Description":"SNUGRIDEencrypts C2 traffic using AES with a static key.[132]"
    },
    {
        "ID":"S0627",
        "Name":"SodaMaster",
        "Description":"SodaMastercan use RC4 to encrypt C2 communications.[133]"
    },
    {
        "ID":"S0615",
        "Name":"SombRAT",
        "Description":"SombRAThas encrypted its C2 communications with AES.[134]"
    },
    {
        "ID":"G0038",
        "Name":"Stealth Falcon",
        "Description":"Stealth Falconmalware encrypts C2 traffic using RC4 with a hard-coded key.[135]"
    },
    {
        "ID":"S1034",
        "Name":"StrifeWater",
        "Description":"StrifeWatercan encrypt C2 traffic using XOR with a hard coded key.[136]"
    },
    {
        "ID":"S0603",
        "Name":"Stuxnet",
        "Description":"Stuxnetencodes the payload of system information sent to the command and control servers using a one byte 0xFF XOR key.Stuxnetalso uses a 31-byte long static byte string to XOR data sent to command and control servers. The servers use a different static key to encrypt replies to the implant.[137]"
    },
    {
        "ID":"S0559",
        "Name":"SUNBURST",
        "Description":"SUNBURSTencrypted C2 traffic using a single-byte-XOR cipher.[138]"
    },
    {
        "ID":"S0060",
        "Name":"Sys10",
        "Description":"Sys10uses an XOR 0x1 loop to encrypt its C2 domain.[139]"
    },
    {
        "ID":"S0663",
        "Name":"SysUpdate",
        "Description":"SysUpdatehas used DES to encrypt all C2 communications.[140]"
    },
    {
        "ID":"S0011",
        "Name":"Taidoor",
        "Description":"Taidooruses RC4 to encrypt the message body of HTTP content.[141][142]"
    },
    {
        "ID":"S0586",
        "Name":"TAINTEDSCRIBE",
        "Description":"TAINTEDSCRIBEuses a Linear Feedback Shift Register (LFSR) algorithm for network encryption.[143]"
    },
    {
        "ID":"S0678",
        "Name":"Torisma",
        "Description":"Torismahas encrypted its C2 communications using XOR and VEST-32.[144]"
    },
    {
        "ID":"S0266",
        "Name":"TrickBot",
        "Description":"TrickBotuses a custom crypter leveraging Microsoft’s CryptoAPI to encrypt C2 traffic.[145]Newer versions ofTrickBothave been known to usebcryptto encrypt and digitally sign responses to their C2 server.[146]"
    },
    {
        "ID":"S0436",
        "Name":"TSCookie",
        "Description":"TSCookiehas encrypted network communications with RC4.[147]"
    },
    {
        "ID":"S0333",
        "Name":"UBoatRAT",
        "Description":"UBoatRATencrypts instructions in its C2 network payloads using a simple XOR cipher.[148]"
    },
    {
        "ID":"S0275",
        "Name":"UPPERCUT",
        "Description":"Some versions ofUPPERCUThave used the hard-coded string \"this is the encrypt key\" for Blowfish encryption when communicating with a C2. Later versions have hard-coded keys uniquely for each C2 address.[149]"
    },
    {
        "ID":"S0022",
        "Name":"Uroburos",
        "Description":"Uroburoscan encrypt the data beneath its http2 or tcp encryption at the session layer with CAST-128, using a different key for incoming and outgoing data.[150]"
    },
    {
        "ID":"S0180",
        "Name":"Volgmer",
        "Description":"Volgmeruses a simple XOR cipher to encrypt traffic and files.[151]"
    },
    {
        "ID":"G1017",
        "Name":"Volt Typhoon",
        "Description":"Volt Typhoonhas used a version of the Awen web shell that employed AES encryption and decryption for C2 communications.[152]"
    },
    {
        "ID":"S0670",
        "Name":"WarzoneRAT",
        "Description":"WarzoneRATcan encrypt its C2 with RC4 with the passwordwarzone160\\x00.[153]"
    },
    {
        "ID":"S0514",
        "Name":"WellMess",
        "Description":"WellMesscan encrypt HTTP POST data using RC6 and a dynamically generated AES key encrypted with a hard coded RSA public key.[154][155][156]"
    },
    {
        "ID":"S0430",
        "Name":"Winnti for Linux",
        "Description":"Winnti for Linuxhas used a custom TCP protocol with four-byte XOR for command and control (C2).[157]"
    },
    {
        "ID":"S0141",
        "Name":"Winnti for Windows",
        "Description":"Winnti for Windowscan XOR encrypt C2 traffic.[158]"
    },
    {
        "ID":"S1115",
        "Name":"WIREFIRE",
        "Description":"WIREFIREcan AES encrypt process output sent from compromised devices to C2.[159]"
    },
    {
        "ID":"S1065",
        "Name":"Woody RAT",
        "Description":"Woody RATcan use AES-CBC to encrypt data sent to its C2 server.[160]"
    },
    {
        "ID":"S0653",
        "Name":"xCaon",
        "Description":"xCaonhas encrypted data sent to the C2 server using a XOR key.[161]"
    },
    {
        "ID":"S0658",
        "Name":"XCSSET",
        "Description":"XCSSETuses RC4 encryption over TCP to communicate with its C2 server.[162]"
    },
    {
        "ID":"S0230",
        "Name":"ZeroT",
        "Description":"ZeroThas used RC4 to encrypt C2 traffic.[163][164]"
    },
    {
        "ID":"S1114",
        "Name":"ZIPLINE",
        "Description":"ZIPLINEcan use AES-128-CBC to encrypt data for both upload and download.[83]"
    },
    {
        "ID":"G0128",
        "Name":"ZIRCONIUM",
        "Description":"ZIRCONIUMhas used AES encrypted communications in C2.[165]"
    }
]