[
    {
        "ID":"M1057",
        "Mitigation":"Data Loss Prevention",
        "Description":"Data loss prevention can detect and block sensitive data being uploaded via web browsers."
    },
    {
        "ID":"M1037",
        "Mitigation":"Filter Network Traffic",
        "Description":"Enforce proxies and use dedicated servers for services such as DNS and only allow those systems to communicate over respective ports\/protocols, instead of all systems within a network."
    },
    {
        "ID":"M1031",
        "Mitigation":"Network Intrusion Prevention",
        "Description":"Network intrusion detection and prevention systems that use network signatures to identify traffic for specific adversary command and control infrastructure and malware can be used to mitigate activity at the network level."
    },
    {
        "ID":"M1030",
        "Mitigation":"Network Segmentation",
        "Description":"Follow best practices for network firewall configurations to allow only necessary ports and traffic to enter and exit the network.[4]"
    }
]