[
    {
        "ID":"DS0017",
        "Data Source":"Command",
        "Data Component":"Command Execution",
        "Detects":"Monitor executed commands with arguments that may be used to collect Keychain data from a system to acquire credentials."
    },
    {
        "ID":"DS0022",
        "Data Source":"File",
        "Data Component":"File Access",
        "Detects":"Monitor for Keychain files being accessed that may be related to malicious credential collection."
    },
    {
        "ID":"DS0009",
        "Data Source":"Process",
        "Data Component":"OS API Execution",
        "Detects":"Monitor for Keychain Services API calls, specifically legacy extensions such asSecKeychainFindInternetPassword, that may collect Keychain data from a system to acquire credentials.[13]"
    },
    {
        "ID":"",
        "Data Source":"",
        "Data Component":"Process Creation",
        "Detects":"Monitor processes spawned by command line utilities to manipulate keychains directly, such assecurity, combined with arguments to collect passwords, such asdump-keychain -d."
    }
]