[
    {
        "ID":"G0050",
        "Name":"APT32",
        "Description":"APT32's macOS backdoor changes the permission of the file it wants to execute to 755.[4]"
    },
    {
        "ID":"S1070",
        "Name":"Black Basta",
        "Description":"TheBlack Bastabinary can usechmodto gain full permissions to targeted files.[5]"
    },
    {
        "ID":"S0482",
        "Name":"Bundlore",
        "Description":"Bundlorechanges the permissions of a payload using the commandchmod -R 755.[3]"
    },
    {
        "ID":"S1105",
        "Name":"COATHANGER",
        "Description":"COATHANGERwill set the GID ofhttpsdto 90 when infected.[6]"
    },
    {
        "ID":"S0281",
        "Name":"Dok",
        "Description":"Dokgives all users execute permissions for the application using the commandchmod +x \/Users\/Shared\/AppStore.app.[7]"
    },
    {
        "ID":"S0599",
        "Name":"Kinsing",
        "Description":"Kinsinghas used chmod to modify permissions on key files for use.[8]"
    },
    {
        "ID":"S0402",
        "Name":"OSX\/Shlayer",
        "Description":"OSX\/Shlayercan use thechmodutility to set a file as executable, such aschmod 777orchmod +x.[3][9][10]"
    },
    {
        "ID":"S0352",
        "Name":"OSX_OCEANLOTUS.D",
        "Description":"OSX_OCEANLOTUS.Dhas changed permissions of a second-stage payload to an executable viachmod.[11]"
    },
    {
        "ID":"S0598",
        "Name":"P.A.S. Webshell",
        "Description":"P.A.S. Webshellhas the ability to modify file permissions.[12]"
    },
    {
        "ID":"S0587",
        "Name":"Penquin",
        "Description":"Penquincan add the executable flag to a downloaded file.[13]"
    },
    {
        "ID":"G0106",
        "Name":"Rocke",
        "Description":"Rockehas changed file permissions of files so they could not be modified.[14]"
    },
    {
        "ID":"G0139",
        "Name":"TeamTNT",
        "Description":"TeamTNThas modified the permissions on binaries withchattr.[15][16]"
    },
    {
        "ID":"S0658",
        "Name":"XCSSET",
        "Description":"XCSSETuses thechmod +xcommand to grant executable permissions to the malicious file.[3]"
    }
]