[
    {
        "ID":"DS0025",
        "Data Source":"Cloud Service",
        "Data Component":"Cloud Service Modification",
        "Detects":"Monitor the creation and modification of cloud resources that may be abused for persistence, such as functions and workflows monitoring cloud events."
    },
    {
        "ID":"DS0017",
        "Data Source":"Command",
        "Data Component":"Command Execution",
        "Detects":"Monitor executed commands and arguments that may establish persistence and\/or elevate privileges using system mechanisms that trigger execution based on specific events."
    },
    {
        "ID":"DS0022",
        "Data Source":"File",
        "Data Component":"File Creation",
        "Detects":"Monitor newly constructed files that may establish persistence and\/or elevate privileges using system mechanisms that trigger execution based on specific events."
    },
    {
        "ID":"",
        "Data Source":"",
        "Data Component":"File Metadata",
        "Detects":"Monitor for contextual data about a file, which may include information such as name, the content (ex: signature, headers, or data\/media), user\/owner, permissions, etc."
    },
    {
        "ID":"",
        "Data Source":"",
        "Data Component":"File Modification",
        "Detects":"Monitor for changes made to files that may establish persistence and\/or elevate privileges using system mechanisms that trigger execution based on specific events."
    },
    {
        "ID":"DS0011",
        "Data Source":"Module",
        "Data Component":"Module Load",
        "Detects":"Monitor DLL loads by processes, specifically looking for DLLs that are not recognized or not normally loaded into a process. Look for abnormal process behavior that may be due to a process loading a malicious DLL. Data and events should not be viewed in isolation, but as part of a chain of behavior that could lead to other activities, such as making network connections for Command and Control, learning details about the environment through Discovery, and conducting Lateral Movement."
    },
    {
        "ID":"DS0009",
        "Data Source":"Process",
        "Data Component":"Process Creation",
        "Detects":"Tools such as Sysinternals Autoruns can be used to detect changes to execution triggers that could be attempts at persistence. Also look for abnormal process call trees for execution of other commands that could relate to Discovery actions or other techniques."
    },
    {
        "ID":"DS0024",
        "Data Source":"Windows Registry",
        "Data Component":"Windows Registry Key Modification",
        "Detects":"Monitor for changes made to windows registry keys and\/or values that may establish persistence and\/or elevate privileges using system mechanisms that trigger execution based on specific events."
    },
    {
        "ID":"DS0005",
        "Data Source":"WMI",
        "Data Component":"WMI Creation",
        "Detects":"Monitor for newly constructed WMI Objects that may establish persistence and\/or elevate privileges using system mechanisms that trigger execution based on specific events."
    }
]