[
    {
        "ID":"C0022",
        "Name":"Operation Dream Job",
        "Description":"DuringOperation Dream Job,Lazarus Groupdigitally signed their malware and the dbxcli utility.[2]"
    },
    {
        "ID":"G0040",
        "Name":"Patchwork",
        "Description":"Patchworkhas created self-signed certificates from fictitious and spoofed legitimate software companies that were later used to sign malware.[3]"
    },
    {
        "ID":"G0056",
        "Name":"PROMETHIUM",
        "Description":"PROMETHIUMhas created self-signed certificates to sign malicious installers.[4]"
    }
]