[
    {
        "ID":"G0016",
        "Name":"APT29",
        "Description":"APT29used sticky-keys to obtain unauthenticated, privileged console access.[5][6]"
    },
    {
        "ID":"G0022",
        "Name":"APT3",
        "Description":"APT3replaces the Sticky Keys binaryC:\\Windows\\System32\\sethc.exefor persistence.[7]"
    },
    {
        "ID":"G0096",
        "Name":"APT41",
        "Description":"APT41leveraged sticky keys to establish persistence.[8]"
    },
    {
        "ID":"G0001",
        "Name":"Axiom",
        "Description":"Axiomactors have been known to use the Sticky Keys replacement within RDP sessions to obtain persistence.[9]"
    },
    {
        "ID":"G0009",
        "Name":"Deep Panda",
        "Description":"Deep Pandahas used the sticky-keys technique to bypass the RDP login screen on remote systems during intrusions.[10]"
    },
    {
        "ID":"S0363",
        "Name":"Empire",
        "Description":"Empirecan leverage WMI debugging to remotely replace binaries like sethc.exe, Utilman.exe, and Magnify.exe with cmd.exe.[11]"
    },
    {
        "ID":"G0117",
        "Name":"Fox Kitten",
        "Description":"Fox Kittenhas used sticky keys to launch a command prompt.[12]"
    }
]