[
    {
        "ID":"M1031",
        "Mitigation":"Network Intrusion Prevention",
        "Description":"Network intrusion detection and prevention systems that use network signatures to identify traffic for specific adversary malware can be used to mitigate activity at the network level."
    },
    {
        "ID":"M1020",
        "Mitigation":"SSL\/TLS Inspection",
        "Description":"SSL\/TLS inspection can be used to see the contents of encrypted sessions to look for network-based indicators of malware communication protocols."
    }
]