[
    {
        "ID":"S0245",
        "Name":"BADCALL",
        "Description":"BADCALLuses a FakeTLS method during C2.[1]"
    },
    {
        "ID":"S0239",
        "Name":"Bankshot",
        "Description":"Bankshotgenerates a false TLS handshake using a public certificate to disguise C2 network communications.[2]"
    },
    {
        "ID":"C0017",
        "Name":"C0017",
        "Description":"DuringC0017,APT41frequently configured the URL endpoints of their stealthy passive backdoor LOWKEY.PASSIVE to masquerade as normal web application traffic on an infected server.[3]"
    },
    {
        "ID":"S0154",
        "Name":"Cobalt Strike",
        "Description":"Cobalt Strikecan mimic the HTTP protocol for C2 communication, while hiding the actual data in either an HTTP header, URI parameter, the transaction body, or appending it to the URI.[4]"
    },
    {
        "ID":"S0076",
        "Name":"FakeM",
        "Description":"FakeMC2 traffic attempts to evade detection by resembling data generated by legitimate messenger applications, such as MSN and Yahoo! messengers. Additionally, some variants ofFakeMuse modified SSL code for communications back to C2 servers, making SSL decryption ineffective.[5]"
    },
    {
        "ID":"S0181",
        "Name":"FALLCHILL",
        "Description":"FALLCHILLuses fake Transport Layer Security (TLS) to communicate with its C2 server.[6]"
    },
    {
        "ID":"S1120",
        "Name":"FRAMESTING",
        "Description":"FRAMESTINGuses a cookie namedDSIDto mimic the name of a cookie used by Ivanti Connect Secure appliances for maintaining VPN sessions.[7]"
    },
    {
        "ID":"S0246",
        "Name":"HARDRAIN",
        "Description":"HARDRAINuses FakeTLS to communicate with its C2 server.[8]"
    },
    {
        "ID":"G0126",
        "Name":"Higaisa",
        "Description":"Higaisaused a FakeTLS session for C2 communications.[9]"
    },
    {
        "ID":"S0260",
        "Name":"InvisiMole",
        "Description":"InvisiMolecan mimic HTTP protocol with custom HTTP \"verbs\" HIDE, ZVVP, and NOP.[10][11]"
    },
    {
        "ID":"S0387",
        "Name":"KeyBoy",
        "Description":"KeyBoyuses custom SSL libraries to impersonate SSL in C2 traffic.[12]"
    },
    {
        "ID":"G0032",
        "Name":"Lazarus Group",
        "Description":"Lazarus Groupmalware also uses a unique form of communication encryption known as FakeTLS that mimics TLS but uses a different encryption method, potentially evading SSL traffic inspection\/decryption.[13][14][15][16]"
    },
    {
        "ID":"S1100",
        "Name":"Ninja",
        "Description":"Ninjahas the ability to mimic legitimate services with customized HTTP URL paths and headers to hide malicious traffic.[17]"
    },
    {
        "ID":"S0439",
        "Name":"Okrum",
        "Description":"Okrummimics HTTP protocol for C2 communication, while hiding the actual messages in the Cookie and Set-Cookie headers of the HTTP requests.[18]"
    },
    {
        "ID":"S0559",
        "Name":"SUNBURST",
        "Description":"SUNBURSTmasqueraded its network traffic as the Orion Improvement Program (OIP) protocol.[19]"
    },
    {
        "ID":"S0586",
        "Name":"TAINTEDSCRIBE",
        "Description":"TAINTEDSCRIBEhas used FakeTLS for session authentication.[20]"
    },
    {
        "ID":"S0022",
        "Name":"Uroburos",
        "Description":"Uroburoscan use custom communication methodologies that ride over common  protocols including TCP, UDP, HTTP, SMTP, and DNS in order to blend with normal network traffic.[21]"
    }
]