[
    {
        "ID":"DS0029",
        "Data Source":"Network Traffic",
        "Data Component":"Network Traffic Content",
        "Detects":"Monitor and analyze traffic patterns and packet inspection associated to protocol(s) that do not follow the expected protocol standards and traffic flows (e.g extraneous packets that do not belong to established flows, gratuitous or anomalous traffic patterns, anomalous syntax, or structure). Consider correlation with process monitoring and command line to detect anomalous processes execution and command line arguments associated to traffic patterns (e.g. monitor anomalies in use of files that do not normally initiate connections for respective protocol(s))."
    },
    {
        "ID":"",
        "Data Source":"",
        "Data Component":"Network Traffic Flow",
        "Detects":"Monitor network data for uncommon data flows. Processes utilizing the network that do not normally have network communication or have never been seen before are suspicious."
    },
    {
        "ID":"DS0013",
        "Data Source":"Sensor Health",
        "Data Component":"Host Status",
        "Detects":"Detection of Endpoint DoS can sometimes be achieved before the effect is sufficient to cause significant impact to the availability of the service, but such response time typically requires very aggressive monitoring and responsiveness. Monitor for logging, messaging, and other artifacts highlighting the health of host sensors (ex: metrics, errors, and\/or exceptions from logging applications)"
    }
]