[
    {
        "ID":"M1047",
        "Mitigation":"Audit",
        "Description":"Consider periodic review of accounts and privileges for critical and sensitive Confluence repositories."
    },
    {
        "ID":"M1018",
        "Mitigation":"User Account Management",
        "Description":"Enforce the principle of least-privilege. Consider implementing access control mechanisms that include both authentication and authorization."
    },
    {
        "ID":"M1017",
        "Mitigation":"User Training",
        "Description":"Develop and publish policies that define acceptable information to be stored in Confluence repositories."
    }
]