[
    {
        "ID":"M1013",
        "Mitigation":"Application Developer Guidance",
        "Description":"Consider implementing token binding strategies, such as Azure AD token protection or OAuth Proof of Possession, that cryptographically bind a token to a secret. This may prevent the token from being used without knowledge of the secret or possession of the device the token is tied to.[13][14]"
    },
    {
        "ID":"M1047",
        "Mitigation":"Audit",
        "Description":"Administrators should audit all cloud and container accounts to ensure that they are necessary and that the permissions granted to them are appropriate. Where possible, the ability to request temporary account tokens on behalf of another accounts should be disabled. Additionally, administrators can leverage audit tools to monitor actions that can be conducted as a result of OAuth 2.0 access. For instance, audit reports enable admins to identify privilege escalation actions such as role creations or policy modifications, which could be actions performed after initial access."
    },
    {
        "ID":"M1041",
        "Mitigation":"Encrypt Sensitive Information",
        "Description":"File encryption should be enforced across email communications containing sensitive information that may be obtained through access to email services."
    },
    {
        "ID":"M1021",
        "Mitigation":"Restrict Web-Based Content",
        "Description":"Update corporate policies to restrict what types of third-party applications may be added to any online service or tool that is linked to the company's information, accounts or network (e.g., Google, Microsoft, Dropbox, Basecamp, GitHub). However, rather than providing high-level guidance on this, be extremely specific—include a list of per-approved applications and deny all others not on the list. Administrators may also block end-user consent through administrative portals, such as the Azure Portal, disabling users from authorizing third-party apps through OAuth and forcing administrative consent.[15]"
    }
]