[
    {
        "Domain":"Enterprise",
        "ID":"T1482",
        "Name":"Domain Trust Discovery",
        "Use":"Nltestmay be used to enumerate trusted domains by using commands such asnltest \/domain_trusts.[1][2]"
    },
    {
        "Domain":"Enterprise",
        "ID":"T1018",
        "Name":"Remote System Discovery",
        "Use":"Nltestmay be used to enumerate remote domain controllers using options such as\/dclistand\/dsgetdc.[1]"
    },
    {
        "Domain":"Enterprise",
        "ID":"T1016",
        "Name":"System Network Configuration Discovery",
        "Use":"Nltestmay be used to enumerate the parent domain of a local machine using\/parentdomain.[1]"
    }
]