[
    {
        "ID":"S0484",
        "Name":"Carberp",
        "Description":"Carberpcan start a remote VNC session by downloading a new plugin.[10]"
    },
    {
        "ID":"S1014",
        "Name":"DanBot",
        "Description":"DanBotcan use VNC for remote access to targeted systems.[11]"
    },
    {
        "ID":"G0046",
        "Name":"FIN7",
        "Description":"FIN7has used TightVNC to control compromised hosts.[12]"
    },
    {
        "ID":"G0117",
        "Name":"Fox Kitten",
        "Description":"Fox Kittenhas installed TightVNC server and client on compromised servers and endpoints for lateral movement.[13]"
    },
    {
        "ID":"G0047",
        "Name":"Gamaredon Group",
        "Description":"Gamaredon Grouphas used VNC tools, including UltraVNC, to remotely interact with compromised hosts.[14][15][16]"
    },
    {
        "ID":"G0036",
        "Name":"GCMAN",
        "Description":"GCMANuses VNC for lateral movement.[17]"
    },
    {
        "ID":"S0279",
        "Name":"Proton",
        "Description":"Protonuses VNC to connect into systems.[18]"
    },
    {
        "ID":"S0266",
        "Name":"TrickBot",
        "Description":"TrickBothas used a VNC module to monitor the victim and collect information to pivot to valuable systems on the network[19][20]"
    },
    {
        "ID":"S0670",
        "Name":"WarzoneRAT",
        "Description":"WarzoneRAThas the ability of performing remote desktop access via a VNC console.[21]"
    },
    {
        "ID":"S0412",
        "Name":"ZxShell",
        "Description":"ZxShellsupports functionality for VNC sessions.[22]"
    }
]