[
    {
        "ID":"G0087",
        "Name":"APT39",
        "Description":"APT39has used malware to setLoadAppInit_DLLsin the Registry keySOFTWARE\\Microsoft\\Windows NT\\CurrentVersion\\Windowsin order to establish persistence.[4]"
    },
    {
        "ID":"S0107",
        "Name":"Cherry Picker",
        "Description":"Some variants ofCherry Pickeruse AppInit_DLLs to achieve persistence by creating the following Registry key:HKEY_LOCAL_MACHINE\\SOFTWARE\\Microsoft\\Windows NT\\CurrentVersion\\Windows \"AppInit_DLLs\"=\"pserver32.dll\"[5]"
    },
    {
        "ID":"S0458",
        "Name":"Ramsay",
        "Description":"Ramsaycan insert itself into the address space of other applications using the AppInit DLL Registry key.[6]"
    },
    {
        "ID":"S0098",
        "Name":"T9000",
        "Description":"If a victim meets certain criteria,T9000uses the AppInit_DLL functionality to achieve persistence by ensuring that every user mode process that is spawned will load its malicious DLL, ResN32.dll. It does this by creating the following Registry keys:HKLM\\Software\\Microsoft\\Windows NT\\CurrentVersion\\Windows\\AppInit_DLLs – %APPDATA%\\Intel\\ResN32.dllandHKLM\\Software\\Microsoft\\Windows NT\\CurrentVersion\\Windows\\LoadAppInit_DLLs – 0x1.[7]"
    }
]