[
    {
        "ID":"S0504",
        "Name":"Anchor",
        "Description":"Anchorcan use secondary C2 servers for communication after establishing connectivity and relaying victim information to primary C2 servers.[1]"
    },
    {
        "ID":"S0622",
        "Name":"AppleSeed",
        "Description":"AppleSeedcan use a second channel for C2 when the primary channel is in upload mode.[2]"
    },
    {
        "ID":"G0096",
        "Name":"APT41",
        "Description":"APT41used the Steam community page as a fallback mechanism for C2.[3]"
    },
    {
        "ID":"S0534",
        "Name":"Bazar",
        "Description":"Bazarhas the ability to use an alternative C2 server if the primary server fails.[4]"
    },
    {
        "ID":"S0017",
        "Name":"BISCUIT",
        "Description":"BISCUITmalware contains a secondary fallback command and control server that is contacted after the primary command and control server.[5][6]"
    },
    {
        "ID":"S0089",
        "Name":"BlackEnergy",
        "Description":"BlackEnergyhas the capability to communicate over a backup channel via plus.google.com.[7]"
    },
    {
        "ID":"S1039",
        "Name":"Bumblebee",
        "Description":"Bumblebeecan use backup C2 servers if the primary server fails.[8]"
    },
    {
        "ID":"S0348",
        "Name":"Cardinal RAT",
        "Description":"Cardinal RATcan communicate over multiple C2 host and port combinations.[9]"
    },
    {
        "ID":"S0674",
        "Name":"CharmPower",
        "Description":"CharmPowercan change its C2 channel once every 360 loops by retrieving a new domain from the actors’ S3 bucket.[10]"
    },
    {
        "ID":"S0023",
        "Name":"CHOPSTICK",
        "Description":"CHOPSTICKcan switch to a new C2 channel if the current one is broken.[11]"
    },
    {
        "ID":"S0538",
        "Name":"Crutch",
        "Description":"Crutchhas used a hardcoded GitHub repository as a fallback channel.[12]"
    },
    {
        "ID":"S0021",
        "Name":"Derusbi",
        "Description":"Derusbiuses a backup communication method with an HTTP beacon.[13]"
    },
    {
        "ID":"S0062",
        "Name":"DustySky",
        "Description":"DustySkyhas two hard-coded domains for C2 servers; if the first does not respond, it will try the second.[14]"
    },
    {
        "ID":"S0377",
        "Name":"Ebury",
        "Description":"Eburyhas implemented a fallback mechanism to begin using a DGA when the attacker hasn't connected to the infected system for three days.[15]"
    },
    {
        "ID":"S0401",
        "Name":"Exaramel for Linux",
        "Description":"Exaramel for Linuxcan attempt to find a new C2 server if it receives an error.[16]"
    },
    {
        "ID":"S0512",
        "Name":"FatDuke",
        "Description":"FatDukehas used several C2 servers per targeted organization.[17]"
    },
    {
        "ID":"G0046",
        "Name":"FIN7",
        "Description":"FIN7's Harpy backdoor malware can use DNS as a backup channel for C2 if HTTP fails.[18]"
    },
    {
        "ID":"S0666",
        "Name":"Gelsemium",
        "Description":"Gelsemiumcan use multiple domains and protocols in C2.[19]"
    },
    {
        "ID":"S0376",
        "Name":"HOPLIGHT",
        "Description":"HOPLIGHThas multiple C2 channels in place in case one fails.[20]"
    },
    {
        "ID":"S0260",
        "Name":"InvisiMole",
        "Description":"InvisiMolehas been configured with several servers available for alternate C2 communications.[21][22]"
    },
    {
        "ID":"S0044",
        "Name":"JHUHUGIT",
        "Description":"JHUHUGITtests if it can reach its C2 server by first attempting a direct connection, and if it fails, obtaining proxy settings and sending the connection through a proxy, and finally injecting code into a running browser if the proxy method fails.[23]"
    },
    {
        "ID":"S0265",
        "Name":"Kazuar",
        "Description":"Kazuarcan accept multiple URLs for C2 servers.[24]"
    },
    {
        "ID":"S1020",
        "Name":"Kevin",
        "Description":"Kevincan assign hard-coded fallback domains for C2.[25]"
    },
    {
        "ID":"S0236",
        "Name":"Kwampirs",
        "Description":"Kwampirsuses a large list of C2 servers that it cycles through until a successful connection is established.[26]"
    },
    {
        "ID":"G0032",
        "Name":"Lazarus Group",
        "Description":"Lazarus Groupmalware SierraAlfa sends data to one of the hard-coded C2 servers chosen at random, and if the transmission fails, chooses a new C2 server to attempt the transmission again.[27][28]"
    },
    {
        "ID":"S0211",
        "Name":"Linfo",
        "Description":"Linfocreates a backdoor through which remote attackers can change C2 servers.[29]"
    },
    {
        "ID":"S0409",
        "Name":"Machete",
        "Description":"Machetehas sent data over HTTP if FTP failed, and has also used a fallback server.[30]"
    },
    {
        "ID":"S0051",
        "Name":"MiniDuke",
        "Description":"MiniDukeuses Google Search to identify C2 servers if its primary C2 method via Twitter is not working.[31]"
    },
    {
        "ID":"S0084",
        "Name":"Mis-Type",
        "Description":"Mis-Typefirst attempts to use a Base64-encoded network protocol over a raw TCP socket for C2, and if that method fails, falls back to a secondary HTTP-based protocol to communicate to an alternate C2 server.[32]"
    },
    {
        "ID":"S0699",
        "Name":"Mythic",
        "Description":"Mythiccan use a list of C2 URLs as fallback mechanisms in case one IP or domain gets blocked.[33]"
    },
    {
        "ID":"S0034",
        "Name":"NETEAGLE",
        "Description":"NETEAGLEwill attempt to detect if the infected host is configured to a proxy. If so,NETEAGLEwill send beacons via an HTTP POST request; otherwise it will send beacons via UDP\/6000.[34]"
    },
    {
        "ID":"C0002",
        "Name":"Night Dragon",
        "Description":"DuringNight Dragon, threat actors used company extranet servers as secondary C2 servers.[35]"
    },
    {
        "ID":"G0049",
        "Name":"OilRig",
        "Description":"OilRigmalware ISMAgent falls back to its DNS tunneling mechanism if it is unable to reach the C2 server over HTTP.[36]"
    },
    {
        "ID":"S0501",
        "Name":"PipeMon",
        "Description":"PipeMoncan switch to an alternate C2 domain when a particular date has been reached.[37]"
    },
    {
        "ID":"S0269",
        "Name":"QUADAGENT",
        "Description":"QUADAGENTuses multiple protocols (HTTPS, HTTP, DNS) for its C2 server as fallback channels if communication with one is unsuccessful.[38]"
    },
    {
        "ID":"S1084",
        "Name":"QUIETEXIT",
        "Description":"QUIETEXITcan attempt to connect to a second hard-coded C2 if the first hard-coded C2 address fails.[39]"
    },
    {
        "ID":"S0629",
        "Name":"RainyDay",
        "Description":"RainyDayhas the ability to switch between TCP and HTTP for C2 if one method is not working.[40]"
    },
    {
        "ID":"S0495",
        "Name":"RDAT",
        "Description":"RDAThas used HTTP if DNS C2 communications were not functioning.[41]"
    },
    {
        "ID":"S0085",
        "Name":"S-Type",
        "Description":"S-Typeprimarily uses port 80 for C2, but falls back to ports 443 or 8080 if initial communication fails.[32]"
    },
    {
        "ID":"S1019",
        "Name":"Shark",
        "Description":"Sharkcan update its configuration to use a different C2 server.[42]"
    },
    {
        "ID":"S0444",
        "Name":"ShimRat",
        "Description":"ShimRathas used a secondary C2 location if the first was unavailable.[43]"
    },
    {
        "ID":"S0610",
        "Name":"SideTwist",
        "Description":"SideTwisthas primarily used port 443 for C2 but can use port 80 as a fallback.[44]"
    },
    {
        "ID":"S0058",
        "Name":"SslMM",
        "Description":"SslMMhas a hard-coded primary and backup C2 string.[45]"
    },
    {
        "ID":"S0603",
        "Name":"Stuxnet",
        "Description":"Stuxnethas the ability to generate new C2 domains.[46]"
    },
    {
        "ID":"S0586",
        "Name":"TAINTEDSCRIBE",
        "Description":"TAINTEDSCRIBEcan randomly pick one of five hard-coded IP addresses for C2 communication; if one of the IP fails, it will wait 60 seconds and then try another IP address.[47]"
    },
    {
        "ID":"S0668",
        "Name":"TinyTurla",
        "Description":"TinyTurlacan go through a list of C2 server IPs and will try to register with each until one responds.[48]"
    },
    {
        "ID":"S0266",
        "Name":"TrickBot",
        "Description":"TrickBotcan use secondary C2 servers for communication after establishing connectivity and relaying victim information to primary C2 servers.[1]"
    },
    {
        "ID":"S0022",
        "Name":"Uroburos",
        "Description":"Uroburoscan use up to 10 channels to communicate between implants.[49]"
    },
    {
        "ID":"S0476",
        "Name":"Valak",
        "Description":"Valakcan communicate over multiple C2 hosts.[50]"
    },
    {
        "ID":"S0059",
        "Name":"WinMM",
        "Description":"WinMMis usually configured with primary and backup domains for C2 communications.[45]"
    },
    {
        "ID":"S0117",
        "Name":"XTunnel",
        "Description":"The C2 server used byXTunnelprovides a port number to the victim to use as a fallback in case the connection closes on the currently used port.[11]"
    }
]