[
    {
        "ID":"DS0022",
        "Data Source":"File",
        "Data Component":"File Modification",
        "Detects":"Monitor for changes made to files for unexpected modifications that attempt to hide artifacts. On Windows, Event ID 4663 (Security Log - An attempt was made to access an object) can be used to alert on suspicious file accesses (e.g., attempting to write to a file which shouldn’t be further modified) that may coincide with attempts to hide artifacts."
    },
    {
        "ID":"DS0009",
        "Data Source":"Process",
        "Data Component":"Process Creation",
        "Detects":"Monitor for newly executed processes that attempt to hide artifacts of an intrusion, such as common archive file applications and extensions (ex: Zip and RAR archive tools), and correlate with other suspicious behavior to reduce false positives from normal user and administrator behavior.CertUtil.exe may be used to encode and decode a file, including PE and script code. Encoding will convert a file to base64 with -----BEGIN CERTIFICATE----- and -----END CERTIFICATE----- tags. Malicious usage will include decoding an encoded file that was downloaded. Once decoded, it will be loaded by a parallel process. Note that there are two additional command switches that may be used - encodehex and decodehex. Similarly, the file will be encoded in HEX and later decoded for further execution. During triage, identify the source of the file being decoded. Review its contents or execution behavior for further analysis.Analytic Event IDs are for Sysmon (Event ID 1 - process create) and Windows Security Log (Event ID 4688 - a new process has been created). The analytic is oriented around the creation of CertUtil.exe processes, which may be used to encode and decode files, including PE and script code. Malicious usage will include decoding a encoded file that was downloaded. Once decoded, it will be loaded by a parallel process.Analytic 1 - CertUtil with Decode Argument(source=\"WinEventLog:Microsoft-Windows-Sysmon\/Operational\" EventCode=\"1\") OR (source=\"WinEventLog:Security\" EventCode=\"4688\") Image=\"C:\\Windows\\System32\\certutil.exe\" AND  CommandLine=decode)"
    },
    {
        "ID":"DS0012",
        "Data Source":"Script",
        "Data Component":"Script Execution",
        "Detects":"Monitor for any attempts to enable scripts running on a system would be considered suspicious. If scripts are not commonly used on a system, but enabled, scripts running out of cycle from patching or other administrator functions are suspicious. Scripts should be captured from the file system when possible to determine their actions and intent."
    }
]