[
    {
        "ID":"DS0017",
        "Data Source":"Command",
        "Data Component":"Command Execution",
        "Detects":"Monitor executed commands and arguments that can be used to register WMI persistence, such as theRegister-WmiEventPowerShellcmdlet[29]"
    },
    {
        "ID":"DS0022",
        "Data Source":"File",
        "Data Component":"File Creation",
        "Detects":"Monitor for MOF files outside of theHKLM\\SOFTWARE\\Microsoft\\WBEMfolder, as almost all legitimate MOF files will be stored in the WBEM folder.[30]Adversaries may create modified MOF files to be complied into WMI event subscriptions."
    },
    {
        "ID":"DS0009",
        "Data Source":"Process",
        "Data Component":"Process Creation",
        "Detects":"Monitor newly executed processes that result from the execution of subscriptions (i.e. spawning from the WmiPrvSe.exe WMI Provider Host process).Note: Windows Event ID 4688 (A new process has been created) and Sysmon Event ID 1 (Process creation) can be used to alert on processes created by WMI event subscription triggers by filtering on events with a parent process name ofWmiPrvSe.exe.Monitor for execution of mofcomp.exe as a child of a suspicious shell or script running utility –\\powershell.exeor\\cmd.exe– or by having a suspicious path in the command line, such as%temp%.[31][32]Adversaries may compile modified MOF files using mofcomp.exe to create malicious WMI event subscriptions."
    },
    {
        "ID":"DS0005",
        "Data Source":"WMI",
        "Data Component":"WMI Creation",
        "Detects":"Monitor WMI event subscription entries, comparing current WMI event subscriptions to known good subscriptions for each host. Tools such as Sysinternals Autoruns may also be used to detect WMI changes that could be attempts at persistence.[33][34]Monitor for the creation of new WMIEventFilter,EventConsumer, andFilterToConsumerBindingevents. Event ID 5861 is logged on Windows 10 systems when newEventFilterToConsumerBindingevents are created.[35]"
    }
]