[
    {
        "ID":"DS0026",
        "Data Source":"Active Directory",
        "Data Component":"Active Directory Object Creation",
        "Detects":"Monitor for newly constructed active directory objects, such as Windows EID 5137."
    },
    {
        "ID":"",
        "Data Source":"",
        "Data Component":"Active Directory Object Deletion",
        "Detects":"Monitor for unexpected deletion of an active directory object, such as Windows EID 5141."
    },
    {
        "ID":"",
        "Data Source":"",
        "Data Component":"Active Directory Object Modification",
        "Detects":"Monitor for changes made to AD settings for unexpected modifications to user accounts, such as deletions or potentially malicious changes to user attributes (credentials, status, etc.)."
    },
    {
        "ID":"DS0017",
        "Data Source":"Command",
        "Data Component":"Command Execution",
        "Detects":"Monitor executed commands and arguments that may modify Group Policy Objects (GPOs) to subvert the intended discretionary access controls for a domain, usually with the intention of escalating privileges on the domain."
    }
]