[
    {
        "ID":"G1024",
        "Name":"Akira",
        "Description":"Akiraengages in double-extortion ransomware, exfiltrating files then encrypting them, in order to prompt victims to pay a ransom.[12]"
    },
    {
        "ID":"G1021",
        "Name":"Cinnamon Tempest",
        "Description":"Cinnamon Tempesthas maintained leak sites for exfiltrated data in attempt to extort victims into paying a ransom.[13]"
    },
    {
        "ID":"S1111",
        "Name":"DarkGate",
        "Description":"DarkGatecan deploy payloads capable of capturing credentials related to cryptocurrency wallets.[14]"
    },
    {
        "ID":"G1016",
        "Name":"FIN13",
        "Description":"FIN13has observed the victim's software and infrastructure over several months to understand the technical process of legitimate financial transactions, prior to attempting to conduct fraudulent transactions.[15]"
    },
    {
        "ID":"G1026",
        "Name":"Malteiro",
        "Description":"Malteirotargets organizations in a wide variety of sectors via the use ofMispadubanking trojan with the goal of financial theft.[16]"
    },
    {
        "ID":"G1015",
        "Name":"Scattered Spider",
        "Description":"Scattered Spiderhas deployed ransomware on compromised hosts for financial gain.[17][18]"
    },
    {
        "ID":"G0083",
        "Name":"SilverTerrier",
        "Description":"SilverTerriertargets organizations in high technology, higher education, and manufacturing for business email compromise (BEC) campaigns with the goal of financial theft.[19][20]"
    }
]