[
    {
        "ID":"S0331",
        "Name":"Agent Tesla",
        "Description":"Agent Teslacan gather credentials from a number of browsers.[6]"
    },
    {
        "ID":"G0130",
        "Name":"Ajax Security Team",
        "Description":"Ajax Security Teamhas used FireMalv custom-developed malware, which collected passwords from the Firefox browser storage.[7]"
    },
    {
        "ID":"G0022",
        "Name":"APT3",
        "Description":"APT3has used tools to dump passwords from browsers.[8]"
    },
    {
        "ID":"G0064",
        "Name":"APT33",
        "Description":"APT33has used a variety of publicly available tools likeLaZagneto gather credentials.[9][10]"
    },
    {
        "ID":"G0067",
        "Name":"APT37",
        "Description":"APT37has used a credential stealer known as ZUMKONG that can harvest usernames and passwords stored in browsers.[11]"
    },
    {
        "ID":"G0096",
        "Name":"APT41",
        "Description":"APT41used BrowserGhost, a tool designed to obtain credentials from browsers, to retrieve information from password stores.[12]"
    },
    {
        "ID":"S0344",
        "Name":"Azorult",
        "Description":"Azorultcan steal credentials from the victim's browser.[13]"
    },
    {
        "ID":"S0093",
        "Name":"Backdoor.Oldrea",
        "Description":"SomeBackdoor.Oldreasamples contain a publicly available Web browser password recovery tool.[14]"
    },
    {
        "ID":"S0089",
        "Name":"BlackEnergy",
        "Description":"BlackEnergyhas used a plug-in to gather credentials from web browsers including FireFox, Google Chrome, and Internet Explorer.[15][16]"
    },
    {
        "ID":"S0657",
        "Name":"BLUELIGHT",
        "Description":"BLUELIGHTcan collect passwords stored in web browers, including Internet Explorer, Edge, Chrome, and Naver Whale.[17]"
    },
    {
        "ID":"S0484",
        "Name":"Carberp",
        "Description":"Carberp's passw.plug plugin can gather passwords saved in Opera, Internet Explorer, Safari, Firefox, and Chrome.[18]"
    },
    {
        "ID":"S0631",
        "Name":"Chaes",
        "Description":"Chaescan steal login credentials and stored financial information from the browser.[19]"
    },
    {
        "ID":"S0144",
        "Name":"ChChes",
        "Description":"ChChessteals credentials stored inside Internet Explorer.[20]"
    },
    {
        "ID":"S0492",
        "Name":"CookieMiner",
        "Description":"CookieMinercan steal saved usernames and passwords in Chrome as well as credit card credentials.[21]"
    },
    {
        "ID":"S0050",
        "Name":"CosmicDuke",
        "Description":"CosmicDukecollects user credentials, including passwords, for various programs including Web browsers.[22]"
    },
    {
        "ID":"S0115",
        "Name":"Crimson",
        "Description":"Crimsoncontains a module to steal credentials from Web browsers on the victim machine.[23][24]"
    },
    {
        "ID":"S0367",
        "Name":"Emotet",
        "Description":"Emotethas been observed dropping browser password grabber modules.[25][26]"
    },
    {
        "ID":"S0363",
        "Name":"Empire",
        "Description":"Empirecan use modules that extract passwords from common web browsers such as Firefox and Chrome.[27]"
    },
    {
        "ID":"G0037",
        "Name":"FIN6",
        "Description":"FIN6has used the Stealer One credential stealer to target web browsers.[28]"
    },
    {
        "ID":"S0531",
        "Name":"Grandoreiro",
        "Description":"Grandoreirocan steal cookie data and credentials from Google Chrome.[29][30]"
    },
    {
        "ID":"S0132",
        "Name":"H1N1",
        "Description":"H1N1dumps usernames and passwords from Firefox, Internet Explorer, and Outlook.[31]"
    },
    {
        "ID":"G1001",
        "Name":"HEXANE",
        "Description":"HEXANEhas used aMimikatz-based tool and a PowerShell script to steal passwords from Google Chrome.[32]"
    },
    {
        "ID":"S0434",
        "Name":"Imminent Monitor",
        "Description":"Imminent Monitorhas a PasswordRecoveryPacket module for recovering browser passwords.[33]"
    },
    {
        "ID":"G0100",
        "Name":"Inception",
        "Description":"Inceptionused a browser plugin to steal passwords and sessions from Internet Explorer, Chrome, Opera, Firefox, Torch, and Yandex.[34]"
    },
    {
        "ID":"S0528",
        "Name":"Javali",
        "Description":"Javalican capture login credentials from open browsers including Firefox, Chrome, Internet Explorer, and Edge.[35]"
    },
    {
        "ID":"S0283",
        "Name":"jRAT",
        "Description":"jRATcan capture passwords from common web browsers such as Internet Explorer, Google Chrome, and Firefox.[36]"
    },
    {
        "ID":"S0387",
        "Name":"KeyBoy",
        "Description":"KeyBoyattempts to collect passwords from browsers.[37]"
    },
    {
        "ID":"S0526",
        "Name":"KGH_SPY",
        "Description":"KGH_SPYhas the ability to steal data from the Chrome, Edge, Firefox, Thunderbird, and Opera browsers.[38]"
    },
    {
        "ID":"G0094",
        "Name":"Kimsuky",
        "Description":"Kimsukyhas used browser extensions including Google Chrome to steal passwords and cookies from browsers.Kimsukyhas also used Nirsoft's WebBrowserPassView tool to dump the passwords obtained from victims.[39][40][41][42]"
    },
    {
        "ID":"S0356",
        "Name":"KONNI",
        "Description":"KONNIcan steal profiles (containing credential information) from Firefox, Chrome, and Opera.[43]"
    },
    {
        "ID":"G1004",
        "Name":"LAPSUS$",
        "Description":"LAPSUS$has obtained passwords and session tokens with the use of the Redline password stealer.[44]"
    },
    {
        "ID":"S0349",
        "Name":"LaZagne",
        "Description":"LaZagnecan obtain credentials from web browsers such as Google Chrome, Internet Explorer, and Firefox.[45]"
    },
    {
        "ID":"G0077",
        "Name":"Leafminer",
        "Description":"Leafminerused several tools for retrieving login and password information, including LaZagne.[46]"
    },
    {
        "ID":"S0681",
        "Name":"Lizar",
        "Description":"Lizarhas a module to collect usernames and passwords stored in browsers.[47]"
    },
    {
        "ID":"S0447",
        "Name":"Lokibot",
        "Description":"Lokibothas demonstrated the ability to steal credentials from multiple applications and data sources including Safari and the Chromium and Mozilla Firefox-based web browsers.[48]"
    },
    {
        "ID":"S0409",
        "Name":"Machete",
        "Description":"Machetecollects stored credentials from several web browsers.[49]"
    },
    {
        "ID":"G1026",
        "Name":"Malteiro",
        "Description":"Malteirohas stolen credentials stored in the victim’s browsers via software tool NirSoft WebBrowserPassView.[50]"
    },
    {
        "ID":"S0530",
        "Name":"Melcoz",
        "Description":"Melcozhas the ability to steal credentials from web browsers.[35]"
    },
    {
        "ID":"S0002",
        "Name":"Mimikatz",
        "Description":"Mimikatzperforms credential dumping to obtain account and password information useful in gaining access to additional systems and enterprise network resources. It contains functionality to acquire information about credentials in many ways, including from DPAPI.[51][52][53][54]"
    },
    {
        "ID":"S1122",
        "Name":"Mispadu",
        "Description":"Mispaducan steal credentials from Google Chrome.[50][55][56]"
    },
    {
        "ID":"G0021",
        "Name":"Molerats",
        "Description":"Moleratsused the public tool BrowserPasswordDump10 to dump passwords saved in browsers on victims.[57]"
    },
    {
        "ID":"G0069",
        "Name":"MuddyWater",
        "Description":"MuddyWaterhas run tools including Browser64 to steal passwords saved in victim web browsers.[58][59]"
    },
    {
        "ID":"S0198",
        "Name":"NETWIRE",
        "Description":"NETWIREhas the ability to steal credentials from web browsers including Internet Explorer, Opera, Yandex, and Chrome.[60][61][62]"
    },
    {
        "ID":"S0385",
        "Name":"njRAT",
        "Description":"njRAThas a module that steals passwords saved in victim web browsers.[63][64][65]"
    },
    {
        "ID":"G0049",
        "Name":"OilRig",
        "Description":"OilRighas used credential dumping tools such asLaZagneto steal credentials to accounts logged into the compromised system and to Outlook Web Access.[66][67][68][69]OilRighas also used tool named PICKPOCKET to dump passwords from web browsers.[69]"
    },
    {
        "ID":"S0138",
        "Name":"OLDBAIT",
        "Description":"OLDBAITcollects credentials from Internet Explorer, Mozilla Firefox, and Eudora.[70]"
    },
    {
        "ID":"S0365",
        "Name":"Olympic Destroyer",
        "Description":"Olympic Destroyercontains a module that tries to obtain stored credentials from web browsers.[1]"
    },
    {
        "ID":"G0040",
        "Name":"Patchwork",
        "Description":"Patchworkdumped the login data database from\\AppData\\Local\\Google\\Chrome\\User Data\\Default\\Login Data.[71]"
    },
    {
        "ID":"S0048",
        "Name":"PinchDuke",
        "Description":"PinchDukesteals credentials from compromised hosts.PinchDuke's credential stealing functionality is believed to be based on the source code of the Pinch credential stealing malware (also known as LdPinch). Credentials targeted byPinchDukeinclude ones associated with many sources such as Netscape Navigator, Mozilla Firefox, Mozilla Thunderbird, and Internet Explorer.[22]"
    },
    {
        "ID":"S0435",
        "Name":"PLEAD",
        "Description":"PLEADcan harvest saved credentials from browsers such as Google Chrome, Microsoft Internet Explorer, and Mozilla Firefox.[72][73]"
    },
    {
        "ID":"S0428",
        "Name":"PoetRAT",
        "Description":"PoetRAThas used a Python tool named Browdec.exe to steal browser credentials.[74]"
    },
    {
        "ID":"S0113",
        "Name":"Prikormka",
        "Description":"A module inPrikormkagathers logins and passwords stored in applications on the victims, including Google Chrome, Mozilla Firefox, and several other browsers.[75]"
    },
    {
        "ID":"S0279",
        "Name":"Proton",
        "Description":"Protongathers credentials for Google Chrome.[76]"
    },
    {
        "ID":"S0192",
        "Name":"Pupy",
        "Description":"Pupycan use Lazagne for harvesting credentials.[77]"
    },
    {
        "ID":"S0650",
        "Name":"QakBot",
        "Description":"QakBothas collected usernames and passwords from Firefox and Chrome.[78]"
    },
    {
        "ID":"S0262",
        "Name":"QuasarRAT",
        "Description":"QuasarRATcan obtain passwords from common web browsers.[79][80]"
    },
    {
        "ID":"S0629",
        "Name":"RainyDay",
        "Description":"RainyDaycan use tools to collect credentials from web browsers.[81]"
    },
    {
        "ID":"S0153",
        "Name":"RedLeaves",
        "Description":"RedLeavescan gather browser usernames and passwords.[82]"
    },
    {
        "ID":"S0240",
        "Name":"ROKRAT",
        "Description":"ROKRATcan steal credentials stored in Web browsers by querying the sqlite database.[83]"
    },
    {
        "ID":"G0034",
        "Name":"Sandworm Team",
        "Description":"Sandworm Team's CredRaptor tool can collect saved passwords from various internet browsers.[84]"
    },
    {
        "ID":"S0692",
        "Name":"SILENTTRINITY",
        "Description":"SILENTTRINITYcan collect clear text web credentials for Internet Explorer\/Edge.[85]"
    },
    {
        "ID":"S0226",
        "Name":"Smoke Loader",
        "Description":"Smoke Loadersearches for credentials stored from web browsers.[86]"
    },
    {
        "ID":"C0024",
        "Name":"SolarWinds Compromise",
        "Description":"During theSolarWinds Compromise,APT29stole users' saved passwords from Chrome.[87]"
    },
    {
        "ID":"G0038",
        "Name":"Stealth Falcon",
        "Description":"Stealth Falconmalware gathers passwords from multiple sources, including Internet Explorer, Firefox, and Chrome.[88]"
    },
    {
        "ID":"S1042",
        "Name":"SUGARDUMP",
        "Description":"SUGARDUMPvariants have harvested credentials from browsers such as Firefox, Chrome, Opera, and Edge.[89]"
    },
    {
        "ID":"G0092",
        "Name":"TA505",
        "Description":"TA505has used malware to gather credentials from Internet Explorer.[90]"
    },
    {
        "ID":"S0266",
        "Name":"TrickBot",
        "Description":"TrickBotcan obtain passwords stored in files from web browsers such as Chrome, Firefox, Internet Explorer, and Microsoft Edge, sometimes usingesentutl.[91][92][93]"
    },
    {
        "ID":"S0094",
        "Name":"Trojan.Karagany",
        "Description":"Trojan.Karaganycan steal data and credentials from browsers.[94]"
    },
    {
        "ID":"S0436",
        "Name":"TSCookie",
        "Description":"TSCookiehas the ability to steal saved passwords from the Internet Explorer, Edge, Firefox, and Chrome browsers.[95]"
    },
    {
        "ID":"S0130",
        "Name":"Unknown Logger",
        "Description":"Unknown Loggeris capable of stealing usernames and passwords from browsers on the victim machine.[96]"
    },
    {
        "ID":"S0670",
        "Name":"WarzoneRAT",
        "Description":"WarzoneRAThas the capability to grab passwords from numerous web browsers as well as from Outlook and Thunderbird email clients.[97][98]"
    },
    {
        "ID":"S0161",
        "Name":"XAgentOSX",
        "Description":"XAgentOSXcontains the getFirefoxPassword function to attempt to locate Firefox passwords.[99]"
    },
    {
        "ID":"S0251",
        "Name":"Zebrocy",
        "Description":"Zebrocyhas the capability to upload dumper tools that extract credentials from web browsers and store them in database files.[100]"
    },
    {
        "ID":"G0128",
        "Name":"ZIRCONIUM",
        "Description":"ZIRCONIUMhas used a tool to steal credentials from installed web browsers including Microsoft Internet Explorer and Google Chrome.[101]"
    }
]