[
    {
        "ID":"M1030",
        "Mitigation":"Network Segmentation",
        "Description":"Identify critical business and system processes that may be targeted by adversaries and work to isolate and secure those systems against unauthorized access and tampering."
    },
    {
        "ID":"M1022",
        "Mitigation":"Restrict File and Directory Permissions",
        "Description":"Prevent critical business and system processes from being replaced, overwritten, or reconfigured to load potentially malicious code."
    }
]