[
    {
        "ID":"T1021.001",
        "Name":"Remote Desktop Protocol"
    },
    {
        "ID":"T1021.002",
        "Name":"SMB\/Windows Admin Shares"
    },
    {
        "ID":"T1021.003",
        "Name":"Distributed Component Object Model"
    },
    {
        "ID":"T1021.004",
        "Name":"SSH"
    },
    {
        "ID":"T1021.005",
        "Name":"VNC"
    },
    {
        "ID":"T1021.006",
        "Name":"Windows Remote Management"
    },
    {
        "ID":"T1021.007",
        "Name":"Cloud Services"
    },
    {
        "ID":"T1021.008",
        "Name":"Direct Cloud VM Connections"
    }
]