[
    {
        "ID":"G0117",
        "Name":"Fox Kitten",
        "Description":"Fox Kittenhas used scripts to access credential information from the KeePass database.[6]"
    },
    {
        "ID":"G1004",
        "Name":"LAPSUS$",
        "Description":"LAPSUS$has accessed local password managers and databases to obtain further credentials from a compromised network.[7]"
    },
    {
        "ID":"S0652",
        "Name":"MarkiRAT",
        "Description":"MarkiRATcan gather information from the Keepass password manager.[8]"
    },
    {
        "ID":"C0014",
        "Name":"Operation Wocao",
        "Description":"DuringOperation Wocao, threat actors accessed and collected credentials from password managers.[2]"
    },
    {
        "ID":"S0279",
        "Name":"Proton",
        "Description":"Protongathers credentials in files for 1password.[9]"
    },
    {
        "ID":"G0027",
        "Name":"Threat Group-3390",
        "Description":"Threat Group-3390obtained a KeePass database from a compromised host.[10]"
    },
    {
        "ID":"S0266",
        "Name":"TrickBot",
        "Description":"TrickBotcan steal passwords from the KeePass open source password manager.[5]"
    }
]