[
    {
        "ID":"G0067",
        "Name":"APT37",
        "Description":"APT37has access to destructive malware that is capable of overwriting a machine's Master Boot Record (MBR).[7][8]"
    },
    {
        "ID":"G0082",
        "Name":"APT38",
        "Description":"APT38has used a custom MBR wiper named BOOTWRECK to render systems inoperable.[9]"
    },
    {
        "ID":"S0693",
        "Name":"CaddyWiper",
        "Description":"CaddyWiperhas the ability to destroy information about a physical drive's partitions including the MBR, GPT, and partition entries.[10][11]"
    },
    {
        "ID":"S0697",
        "Name":"HermeticWiper",
        "Description":"HermeticWiperhas the ability to corrupt disk partitions, damage the Master Boot Record (MBR), and overwrite the Master File Table (MFT) of all available physical drives.[12][13][14][15]"
    },
    {
        "ID":"S0607",
        "Name":"KillDisk",
        "Description":"KillDiskoverwrites the first sector of the Master Boot Record with \"0x00\".[16]"
    },
    {
        "ID":"G0032",
        "Name":"Lazarus Group",
        "Description":"Lazarus Groupmalware SHARPKNOT overwrites and deletes the Master Boot Record (MBR) on the victim's machine and has possessed MBR wiper malware since at least 2009.[17][18]"
    },
    {
        "ID":"S0364",
        "Name":"RawDisk",
        "Description":"RawDiskwas used inShamoonto help overwrite components of disk structure like the MBR and disk partitions.[3][5]"
    },
    {
        "ID":"G0034",
        "Name":"Sandworm Team",
        "Description":"Sandworm Teamhas used theBlackEnergyKillDisk component to corrupt the infected system's master boot record.[19][20]"
    },
    {
        "ID":"S0140",
        "Name":"Shamoon",
        "Description":"Shamoonhas been seen overwriting features of disk structure such as the MBR.[1][2][3][5]"
    },
    {
        "ID":"S0380",
        "Name":"StoneDrill",
        "Description":"StoneDrillcan wipe the master boot record of an infected computer.[21]"
    },
    {
        "ID":"S0689",
        "Name":"WhisperGate",
        "Description":"WhisperGatecan overwrite the Master Book Record (MBR) on victim systems with a malicious 16-bit bootloader.[22][23][24][25][26][27]"
    }
]