[
    {
        "ID":"M1057",
        "Mitigation":"Data Loss Prevention",
        "Description":"Data loss prevention can detect and block sensitive data being uploaded via web browsers."
    },
    {
        "ID":"M1037",
        "Mitigation":"Filter Network Traffic",
        "Description":"Enforce proxies and use dedicated servers for services such as DNS and only allow those systems to communicate over respective ports\/protocols, instead of all systems within a network. Cloud service providers support IP-based restrictions when accessing cloud resources. Consider using IP allowlisting along with user account management to ensure that data access is restricted not only to valid users but only from expected IP ranges to mitigate the use of stolen credentials to access data."
    },
    {
        "ID":"M1031",
        "Mitigation":"Network Intrusion Prevention",
        "Description":"Network intrusion detection and prevention systems that use network signatures to identify traffic for specific adversary command and control infrastructure and malware can be used to mitigate activity at the network level."
    },
    {
        "ID":"M1030",
        "Mitigation":"Network Segmentation",
        "Description":"Follow best practices for network firewall configurations to allow only necessary ports and traffic to enter and exit the network.[10]"
    },
    {
        "ID":"M1022",
        "Mitigation":"Restrict File and Directory Permissions",
        "Description":"Use access control lists on cloud storage systems and objects."
    },
    {
        "ID":"M1018",
        "Mitigation":"User Account Management",
        "Description":"Configure user permissions groups and roles for access to cloud storage.[11]Implement strict Identity and Access Management (IAM) controls to prevent access to storage solutions except for the applications, users, and services that require access.[12]Ensure that temporary access tokens are issued rather than permanent credentials, especially when access is being granted to entities outside of the internal security boundary.[13]"
    }
]