[
    {
        "ID":"G0018",
        "Name":"admin@338",
        "Description":"admin@338has exploited client software vulnerabilities for execution, such as Microsoft Word CVE-2012-0158.[1]"
    },
    {
        "ID":"S0331",
        "Name":"Agent Tesla",
        "Description":"Agent Teslahas exploited Office vulnerabilities such as CVE-2017-11882 and CVE-2017-8570 for execution during delivery.[2]"
    },
    {
        "ID":"G0138",
        "Name":"Andariel",
        "Description":"Andarielhas exploited numerous ActiveX vulnerabilities, including zero-days.[3][4][5]"
    },
    {
        "ID":"G1007",
        "Name":"Aoqin Dragon",
        "Description":"Aoqin Dragonhas exploited CVE-2012-0158 and CVE-2010-3333 for execution against targeted systems.[6]"
    },
    {
        "ID":"G0005",
        "Name":"APT12",
        "Description":"APT12has exploited multiple vulnerabilities for execution, including Microsoft Office vulnerabilities (CVE-2009-3129, CVE-2012-0158) and vulnerabilities in Adobe Reader and Flash (CVE-2009-4324, CVE-2009-0927, CVE-2011-0609, CVE-2011-0611).[7][8]"
    },
    {
        "ID":"G0007",
        "Name":"APT28",
        "Description":"APT28has exploited Microsoft Office vulnerability CVE-2017-0262 for execution.[9]"
    },
    {
        "ID":"G0016",
        "Name":"APT29",
        "Description":"APT29has used multiple software exploits for common client software, like Microsoft Word, Exchange, and Adobe Reader, to gain code execution.[10][11][12]"
    },
    {
        "ID":"G0022",
        "Name":"APT3",
        "Description":"APT3has exploited the Adobe Flash Player vulnerability CVE-2015-3113 and Internet Explorer vulnerability CVE-2014-1776.[13][14]"
    },
    {
        "ID":"G0050",
        "Name":"APT32",
        "Description":"APT32has used RTF document that includes an exploit to execute malicious code. (CVE-2017-11882)[15]"
    },
    {
        "ID":"G0064",
        "Name":"APT33",
        "Description":"APT33has attempted to exploit a known vulnerability in WinRAR (CVE-2018-20250), and attempted to gain remote code execution via a security bypass vulnerability (CVE-2017-11774).[16][17]"
    },
    {
        "ID":"G0067",
        "Name":"APT37",
        "Description":"APT37has used exploits for Flash Player (CVE-2016-4117, CVE-2018-4878), Word (CVE-2017-0199), Internet Explorer (CVE-2020-1380 and CVE-2020-26411), and Microsoft Edge (CVE-2021-26411) for execution.[18][19][20][21]"
    },
    {
        "ID":"G0096",
        "Name":"APT41",
        "Description":"APT41leveraged the follow exploits in their operations: CVE-2012-0158, CVE-2015-1641, CVE-2017-0199, CVE-2017-11882, and CVE-2019-3396.[22]"
    },
    {
        "ID":"G0001",
        "Name":"Axiom",
        "Description":"Axiomhas used exploits for multiple vulnerabilities including CVE-2014-0322, CVE-2012-4792, CVE-2012-1889, and CVE-2013-3893.[23]"
    },
    {
        "ID":"S0239",
        "Name":"Bankshot",
        "Description":"Bankshotleverages a known zero-day vulnerability in Adobe Flash to execute the implant into the victims’ machines.[24]"
    },
    {
        "ID":"G1002",
        "Name":"BITTER",
        "Description":"BITTERhas exploited Microsoft Office vulnerabilities CVE-2012-0158, CVE-2017-11882, CVE-2018-0798, and CVE-2018-0802.[25][26]"
    },
    {
        "ID":"G0098",
        "Name":"BlackTech",
        "Description":"BlackTechhas exploited multiple vulnerabilities for execution, including Microsoft Office vulnerabilities CVE-2012-0158, CVE-2014-6352, CVE-2017-0199, and Adobe Flash CVE-2015-5119.[27]"
    },
    {
        "ID":"G0060",
        "Name":"BRONZE BUTLER",
        "Description":"BRONZE BUTLERhas exploited Microsoft Office vulnerabilities CVE-2014-4114, CVE-2018-0802, and CVE-2018-0798 for execution.[28][29]"
    },
    {
        "ID":"G0080",
        "Name":"Cobalt Group",
        "Description":"Cobalt Grouphad exploited multiple vulnerabilities for execution, including Microsoft’s Equation Editor (CVE-2017-11882), an Internet Explorer vulnerability (CVE-2018-8174), CVE-2017-8570, CVE-2017-0199, and CVE-2017-8759.[30][31][32][33][34][35][36][37]"
    },
    {
        "ID":"S0154",
        "Name":"Cobalt Strike",
        "Description":"Cobalt Strikecan exploit Oracle Java vulnerabilities for execution, including CVE-2011-3544, CVE-2013-2465, CVE-2012-4681, and CVE-2013-2460.[38][39]"
    },
    {
        "ID":"G0142",
        "Name":"Confucius",
        "Description":"Confuciushas exploited Microsoft Office vulnerabilities, including CVE-2015-1641, CVE-2017-11882, and CVE-2018-0802.[40][41]"
    },
    {
        "ID":"G0012",
        "Name":"Darkhotel",
        "Description":"Darkhotelhas exploited Adobe Flash vulnerability CVE-2015-8651 for execution.[42]"
    },
    {
        "ID":"S0243",
        "Name":"DealersChoice",
        "Description":"DealersChoiceleverages vulnerable versions of Flash to perform execution.[43]"
    },
    {
        "ID":"G0035",
        "Name":"Dragonfly",
        "Description":"Dragonflyhas exploited CVE-2011-0611 in Adobe Flash Player to gain execution on a targeted system.[44]"
    },
    {
        "ID":"G0066",
        "Name":"Elderwood",
        "Description":"Elderwoodhas used exploitation of endpoint software, including Microsoft Internet Explorer Adobe Flash vulnerabilities, to gain execution. They have also used zero-day exploits.[45]"
    },
    {
        "ID":"G1003",
        "Name":"Ember Bear",
        "Description":"Ember Bearhas exploited Microsoft Office vulnerability CVE-2017-11882.[46]"
    },
    {
        "ID":"S0396",
        "Name":"EvilBunny",
        "Description":"EvilBunnyhas exploited CVE-2011-4369, a vulnerability in the PRC component in Adobe Reader.[47]"
    },
    {
        "ID":"G1011",
        "Name":"EXOTIC LILY",
        "Description":"EXOTIC LILYhas used malicious documents containing exploits for CVE-2021-40444 affecting Microsoft MSHTML.[48]"
    },
    {
        "ID":"C0001",
        "Name":"Frankenstein",
        "Description":"DuringFrankenstein, the threat actors exploited CVE-2017-11882 to execute code on the victim's machine.[49]"
    },
    {
        "ID":"S0391",
        "Name":"HAWKBALL",
        "Description":"HAWKBALLhas exploited Microsoft Office vulnerabilities CVE-2017-11882 and CVE-2018-0802 to deliver the payload.[50]"
    },
    {
        "ID":"G0126",
        "Name":"Higaisa",
        "Description":"Higaisahas exploited CVE-2018-0798 for execution.[51]"
    },
    {
        "ID":"G0100",
        "Name":"Inception",
        "Description":"Inceptionhas exploited CVE-2012-0158, CVE-2014-1761, CVE-2017-11882 and CVE-2018-0802 for execution.[52][53][54][55]"
    },
    {
        "ID":"S0260",
        "Name":"InvisiMole",
        "Description":"InvisiMolehas installed legitimate but vulnerable Total Video Player software and wdigest.dll library drivers on compromised hosts to exploit stack overflow and input validation vulnerabilities for code execution.[56]"
    },
    {
        "ID":"G0032",
        "Name":"Lazarus Group",
        "Description":"Lazarus Grouphas exploited Adobe Flash vulnerability CVE-2018-4878 for execution.[24]"
    },
    {
        "ID":"G0065",
        "Name":"Leviathan",
        "Description":"Leviathanhas exploited multiple Microsoft Office and .NET vulnerabilities for execution, including CVE-2017-0199, CVE-2017-8759, and CVE-2017-11882.[57][58][59][60]"
    },
    {
        "ID":"G0069",
        "Name":"MuddyWater",
        "Description":"MuddyWaterhas exploited the Office vulnerability CVE-2017-0199 for execution.[61]"
    },
    {
        "ID":"G0129",
        "Name":"Mustang Panda",
        "Description":"Mustang Pandahas exploited CVE-2017-0199 in Microsoft Word to execute code.[62]"
    },
    {
        "ID":"C0016",
        "Name":"Operation Dust Storm",
        "Description":"DuringOperation Dust Storm, the threat actors exploited Adobe Flash vulnerability CVE-2011-0611, Microsoft Windows Help vulnerability CVE-2010-1885, and several Internet Explorer vulnerabilities, including CVE-2011-1255, CVE-2012-1889, and CVE-2014-0322.[63]"
    },
    {
        "ID":"G0040",
        "Name":"Patchwork",
        "Description":"Patchworkuses malicious documents to deliver remote execution exploits as part of. The group has previously exploited CVE-2017-8570, CVE-2012-1856, CVE-2014-4114, CVE-2017-0199, CVE-2017-11882, and CVE-2015-1641.[64][65][66][67][68][69][70]"
    },
    {
        "ID":"S0458",
        "Name":"Ramsay",
        "Description":"Ramsayhas been embedded in documents exploiting CVE-2017-0199, CVE-2017-11882, and CVE-2017-8570.[71][72]"
    },
    {
        "ID":"G0034",
        "Name":"Sandworm Team",
        "Description":"Sandworm Teamhas exploited vulnerabilities in Microsoft PowerPoint via OLE objects (CVE-2014-4114) and Microsoft Word via crafted TIFF images (CVE-2013-3906).[73][74][75]"
    },
    {
        "ID":"G0121",
        "Name":"Sidewinder",
        "Description":"Sidewinderhas exploited vulnerabilities to gain execution including CVE-2017-11882 and CVE-2020-0674.[76][77]"
    },
    {
        "ID":"S0374",
        "Name":"SpeakUp",
        "Description":"SpeakUpattempts to exploit the following vulnerabilities in order to execute its malicious script: CVE-2012-0874, CVE-2010-1871, CVE-2017-10271, CVE-2018-2894, CVE-2016-3088, JBoss AS 3\/4\/5\/6, and the Hadoop YARN ResourceManager.[78]"
    },
    {
        "ID":"S0578",
        "Name":"SUPERNOVA",
        "Description":"SUPERNOVAwas installed via exploitation of a SolarWinds Orion API authentication bypass vulnerability (CVE-2020-10148).[79][80]"
    },
    {
        "ID":"G0062",
        "Name":"TA459",
        "Description":"TA459has exploited Microsoft Word vulnerability CVE-2017-0199 for execution.[81]"
    },
    {
        "ID":"G0089",
        "Name":"The White Company",
        "Description":"The White Companyhas taken advantage of a known vulnerability in Microsoft Word (CVE 2012-0158) to execute code.[82]"
    },
    {
        "ID":"G0027",
        "Name":"Threat Group-3390",
        "Description":"Threat Group-3390has exploited CVE-2018-0798 in Equation Editor.[83]"
    },
    {
        "ID":"G0131",
        "Name":"Tonto Team",
        "Description":"Tonto Teamhas exploited Microsoft vulnerabilities, including CVE-2018-0798, CVE-2018-8174, CVE-2018-0802, CVE-2017-11882, CVE-2019-9489 CVE-2020-8468, and CVE-2018-0798 to enable execution of their delivered malicious payloads.[84][85][86][87]"
    },
    {
        "ID":"G0134",
        "Name":"Transparent Tribe",
        "Description":"Transparent Tribehas crafted malicious files to exploit CVE-2012-0158 and CVE-2010-3333 for execution.[88]"
    },
    {
        "ID":"G0081",
        "Name":"Tropic Trooper",
        "Description":"Tropic Trooperhas executed commands through Microsoft security vulnerabilities, including CVE-2017-11882, CVE-2018-0802, and CVE-2012-0158.[89][90]"
    },
    {
        "ID":"S1065",
        "Name":"Woody RAT",
        "Description":"Woody RAThas relied on CVE-2022-30190 (Follina) for execution during delivery.[91]"
    },
    {
        "ID":"S0341",
        "Name":"Xbash",
        "Description":"Xbashcan attempt to exploit known vulnerabilities in Hadoop, Redis, or ActiveMQ when it finds those services running in order to conduct further execution.[92][93]"
    }
]