[
    {
        "ID":"G0016",
        "Name":"APT29",
        "Description":"APT29has used multiple layers of encryption within malware to protect C2 communication.[1]"
    },
    {
        "ID":"G1002",
        "Name":"BITTER",
        "Description":"BITTERhas encrypted their C2 communications.[2]"
    },
    {
        "ID":"S0631",
        "Name":"Chaes",
        "Description":"Chaeshas used encryption for its C2 channel.[3]"
    },
    {
        "ID":"S0498",
        "Name":"Cryptoistic",
        "Description":"Cryptoisticcan engage in encrypted communications with C2.[4]"
    },
    {
        "ID":"S0032",
        "Name":"gh0st RAT",
        "Description":"gh0st RAThas encrypted TCP communications to evade detection.[5]"
    },
    {
        "ID":"S0681",
        "Name":"Lizar",
        "Description":"Lizarcan support encrypted communications between the client and server.[6][7]"
    },
    {
        "ID":"S1016",
        "Name":"MacMa",
        "Description":"MacMahas used TLS encryption to initialize a custom protocol for C2 communications.[8]"
    },
    {
        "ID":"G0059",
        "Name":"Magic Hound",
        "Description":"Magic Houndhas used an encrypted http proxy in C2 communications.[9]"
    },
    {
        "ID":"S0198",
        "Name":"NETWIRE",
        "Description":"NETWIREcan encrypt C2 communications.[10]"
    },
    {
        "ID":"S1012",
        "Name":"PowerLess",
        "Description":"PowerLesscan use an encrypted channel for C2 communications.[11]"
    },
    {
        "ID":"S1046",
        "Name":"PowGoop",
        "Description":"PowGoopcan receive encrypted commands from C2.[12]"
    },
    {
        "ID":"S0662",
        "Name":"RCSession",
        "Description":"RCSessioncan use an encrypted beacon to check in with C2.[13]"
    },
    {
        "ID":"C0030",
        "Name":"Triton Safety Instrumented System Attack",
        "Description":"In theTriton Safety Instrumented System Attack,TEMP.Velesused cryptcat binaries to encrypt their traffic.[14]"
    },
    {
        "ID":"G0081",
        "Name":"Tropic Trooper",
        "Description":"Tropic Trooperhas encrypted traffic with the C2 to prevent network detection.[15]"
    }
]