[
    {
        "ID":"M1048",
        "Mitigation":"Application Isolation and Sandboxing",
        "Description":"Consider utilizing seccomp, seccomp-bpf, or a similar solution that restricts certain system calls such as mount. In Kubernetes environments, consider defining Pod Security Standards that limit container access to host process namespaces, the host network, and the host file system.[14]"
    },
    {
        "ID":"M1042",
        "Mitigation":"Disable or Remove Feature or Program",
        "Description":"Remove unnecessary tools and software from containers."
    },
    {
        "ID":"M1038",
        "Mitigation":"Execution Prevention",
        "Description":"Use read-only containers, read-only file systems, and minimal images when possible to prevent the running of commands.[14]Where possible, also consider using application control and software restriction tools (such as those provided by SELinux) to restrict access to files, processes, and system calls in containers.[15]"
    },
    {
        "ID":"M1026",
        "Mitigation":"Privileged Account Management",
        "Description":"Ensure containers are not running as root by default and do not use unnecessary privileges or mounted components. In Kubernetes environments, consider defining Pod Security Standards that prevent pods from running privileged containers.[14]"
    }
]