[
    {
        "ID":"M1048",
        "Mitigation":"Application Isolation and Sandboxing",
        "Description":"Browser sandboxes can be used to mitigate some of the impact of exploitation, but sandbox escapes may still exist.[94][95]Other types of virtualization and application microsegmentation may also mitigate the impact of client-side exploitation. Risks of additional exploits and weaknesses in those systems may still exist.[95]"
    },
    {
        "ID":"M1050",
        "Mitigation":"Exploit Protection",
        "Description":"Security applications that look for behavior used during exploitation such as Windows Defender Exploit Guard (WDEG) and the Enhanced Mitigation Experience Toolkit (EMET) can be used to mitigate some exploitation behavior.[96]Control flow integrity checking is another way to potentially identify and stop a software exploit from occurring.[97]Many of these protections depend on the architecture and target application binary for compatibility."
    }
]