[
    {
        "ID":"M1046",
        "Mitigation":"Boot Integrity",
        "Description":"Check the integrity of the existing BIOS and device firmware to determine if it is vulnerable to modification."
    },
    {
        "ID":"M1026",
        "Mitigation":"Privileged Account Management",
        "Description":"Prevent adversary access to privileged accounts or access necessary to replace system firmware."
    },
    {
        "ID":"M1051",
        "Mitigation":"Update Software",
        "Description":"Patch the BIOS and other firmware as necessary to prevent successful use of known vulnerabilities."
    }
]