[
    {
        "ID":"DS0017",
        "Data Source":"Command",
        "Data Component":"Command Execution",
        "Detects":"Monitor executed commands and arguments that may establish persistence and\/or elevate privileges by executing malicious content triggered by AppCert DLLs loaded into processes."
    },
    {
        "ID":"DS0011",
        "Data Source":"Module",
        "Data Component":"Module Load",
        "Detects":"Monitor DLL loads by processes, specifically looking for DLLs that are not recognized or not normally loaded into a process. Tools such as Sysinternals Autoruns may overlook AppCert DLLs as an auto-starting location.[9][10]"
    },
    {
        "ID":"DS0009",
        "Data Source":"Process",
        "Data Component":"OS API Execution",
        "Detects":"Monitor and analyze application programming interface (API) calls that are indicative of Registry edits, such asRegCreateKeyExandRegSetValueEx.[1]"
    },
    {
        "ID":"",
        "Data Source":"",
        "Data Component":"Process Creation",
        "Detects":"Monitor newly executed processes that may establish persistence and\/or elevate privileges by executing malicious content triggered by AppCert DLLs loaded into processes."
    },
    {
        "ID":"DS0024",
        "Data Source":"Windows Registry",
        "Data Component":"Windows Registry Key Modification",
        "Detects":"Monitor the AppCertDLLs Registry value for modifications that do not correlate with known software, patch cycles, etc."
    }
]