[
    {
        "ID":"M1031",
        "Mitigation":"Network Intrusion Prevention",
        "Description":"Network intrusion detection and prevention systems that use network signatures to identify traffic for specific adversary malware can be used to mitigate activity at the network level. Malware researchers can reverse engineer malware variants that use dynamic resolution and determine future C2 infrastructure that the malware will attempt to contact, but this is a time and resource intensive effort.[23][24]"
    },
    {
        "ID":"M1021",
        "Mitigation":"Restrict Web-Based Content",
        "Description":"In some cases a local DNS sinkhole may be used to help prevent behaviors associated with dynamic resolution."
    }
]