[
    {
        "ID":"DS0022",
        "Data Source":"File",
        "Data Component":"File Access",
        "Detects":"Monitor for unexpected files used to gather credentials when the files are rendered"
    },
    {
        "ID":"",
        "Data Source":"",
        "Data Component":"File Creation",
        "Detects":"Monitor for newly constructed .LNK, .SCF, or any other files on systems and within virtual environments that contain resources that point to external network resources"
    },
    {
        "ID":"",
        "Data Source":"",
        "Data Component":"File Modification",
        "Detects":"Monitor for changes made to the .LNK, .SCF, or any other files on systems and within virtual environments that contain resources that point to external network resources"
    },
    {
        "ID":"DS0029",
        "Data Source":"Network Traffic",
        "Data Component":"Network Traffic Content",
        "Detects":"For internal traffic, monitor the workstation-to-workstation unusual (vs. baseline) SMB traffic. For many networks there should not be any, but it depends on how systems on the network are configured and where resources are located."
    },
    {
        "ID":"",
        "Data Source":"",
        "Data Component":"Network Traffic Flow",
        "Detects":"Monitor for SMB traffic on TCP ports 139, 445 and UDP port 137 and WebDAV traffic attempting to exit the network to unknown external systems.If attempts are detected, then investigate endpoint data sources to find the root cause."
    }
]