[
    {
        "ID":"M1041",
        "Mitigation":"Encrypt Sensitive Information",
        "Description":"Configure SNMPv3 to use the highest level of security (authPriv) available.[3]"
    },
    {
        "ID":"M1037",
        "Mitigation":"Filter Network Traffic",
        "Description":"Apply extended ACLs to block unauthorized protocols outside the trusted network.[3]"
    },
    {
        "ID":"M1031",
        "Mitigation":"Network Intrusion Prevention",
        "Description":"Configure intrusion prevention devices to detect SNMP queries and commands from unauthorized sources. Create signatures to detect Smart Install (SMI) usage from sources other than trusted director.[1]"
    },
    {
        "ID":"M1030",
        "Mitigation":"Network Segmentation",
        "Description":"Segregate SNMP traffic on a separate management network.[3]"
    },
    {
        "ID":"M1054",
        "Mitigation":"Software Configuration",
        "Description":"Allowlist MIB objects and implement SNMP views. Disable Smart Install (SMI) if not used.[4][1]"
    },
    {
        "ID":"M1051",
        "Mitigation":"Update Software",
        "Description":"Keep system images and software updated and migrate to SNMPv3.[2]"
    }
]