[
    {
        "ID":"DS0017",
        "Data Source":"Command",
        "Data Component":"Command Execution",
        "Detects":"Monitor executed commands and arguments that may be related to abuse of installer packages, including malicious commands triggered by application installations."
    },
    {
        "ID":"DS0022",
        "Data Source":"File",
        "Data Component":"File Creation",
        "Detects":"Monitor creation of files associated with installer packages that may be abused for malicious execution."
    },
    {
        "ID":"DS0009",
        "Data Source":"Process",
        "Data Component":"Process Creation",
        "Detects":"Monitor processes with arguments that may be related to abuse of installer packages, including malicious, likely elevated processes triggered by application installations."
    }
]