[
    {
        "ID":"C0034",
        "Name":"2022 Ukraine Electric Power Attack",
        "Description":"During the2022 Ukraine Electric Power Attack,Sandworm Teamleveraged Group Policy Objects (GPOs) to deploy and execute malware.[8]"
    },
    {
        "ID":"G1021",
        "Name":"Cinnamon Tempest",
        "Description":"Cinnamon Tempesthas used Group Policy to deploy batch scripts for ransomware deployment.[9]"
    },
    {
        "ID":"S0554",
        "Name":"Egregor",
        "Description":"Egregorcan modify the GPO to evade detection.[10][11]"
    },
    {
        "ID":"S0363",
        "Name":"Empire",
        "Description":"Empirecan useNew-GPOImmediateTaskto modify a GPO that will install and execute a maliciousScheduled Task\/Job.[12]"
    },
    {
        "ID":"S0697",
        "Name":"HermeticWiper",
        "Description":"HermeticWiperhas the ability to deploy through an infected system's default domain policy.[13]"
    },
    {
        "ID":"G0119",
        "Name":"Indrik Spider",
        "Description":"Indrik Spiderhas used Group Policy Objects to deploy batch scripts.[14]"
    },
    {
        "ID":"S0688",
        "Name":"Meteor",
        "Description":"Meteorcan use group policy to push a scheduled task from the AD to all network machines.[15]"
    },
    {
        "ID":"S1058",
        "Name":"Prestige",
        "Description":"Prestigehas been deployed using the Default Domain Group Policy Object from an Active Directory Domain Controller.[16]"
    }
]