[
    {
        "ID":"DS0017",
        "Data Source":"Command",
        "Data Component":"Command Execution",
        "Detects":"Some legitimate LaunchDaemons point to unsigned code that could be exploited. For Launch Daemons with theRunAtLoadparameter set to true, ensure theProgramparameter points to signed code or executables are in alignment with enterprise policy. Some parameters are interchangeable with others, such asProgramandProgramArgumentsparameters but one must be present.[3]"
    },
    {
        "ID":"DS0022",
        "Data Source":"File",
        "Data Component":"File Creation",
        "Detects":"Monitor for new files added to the\/Library\/LaunchDaemons\/folder. The System LaunchDaemons are protected by SIP."
    },
    {
        "ID":"",
        "Data Source":"",
        "Data Component":"File Modification",
        "Detects":"Monitor files for changes that may create or modify Launch Daemons to execute malicious payloads as part of persistence."
    },
    {
        "ID":"DS0009",
        "Data Source":"Process",
        "Data Component":"Process Creation",
        "Detects":"Monitor for newly executed processes that may create or modify Launch Daemons to execute malicious payloads as part of persistence."
    },
    {
        "ID":"DS0019",
        "Data Source":"Service",
        "Data Component":"Service Creation",
        "Detects":"Monitor for newly constructed services may create or modify Launch Daemons to execute malicious payloads as part of persistence."
    },
    {
        "ID":"",
        "Data Source":"",
        "Data Component":"Service Modification",
        "Detects":"Monitor services for changes made to Launch Daemons to execute malicious payloads as part of persistence."
    }
]