[
    {
        "ID":"S1125",
        "Name":"AcidRain",
        "Description":"AcidRainiterates over device file identifiers on the target, opens the device file, and either overwrites the file or calls various IOCTLS commands to erase it.[4]"
    },
    {
        "ID":"S1068",
        "Name":"BlackCat",
        "Description":"BlackCathas the ability to wipe VM snapshots on compromised networks.[5][6]"
    },
    {
        "ID":"S0697",
        "Name":"HermeticWiper",
        "Description":"HermeticWiperhas the ability to corrupt disk partitions and obtain raw disk access to destroy data.[7][8]"
    },
    {
        "ID":"G0032",
        "Name":"Lazarus Group",
        "Description":"Lazarus Grouphas used malware like WhiskeyAlfa to overwrite the first 64MB of every drive with a mix of static and random buffers. A similar process is then used to wipe content in logical drives and, finally, attempt to wipe every byte of every sector on every drive. WhiskeyBravo can be used to overwrite the first 4.9MB of physical drives. WhiskeyDelta can overwrite the first 132MB or 1.5MB of each drive with random data from heap memory.[2]"
    },
    {
        "ID":"S0576",
        "Name":"MegaCortex",
        "Description":"MegaCortexcan wipe deleted data from all drives usingcipher.exe.[9]"
    },
    {
        "ID":"S0364",
        "Name":"RawDisk",
        "Description":"RawDiskhas been used to directly access the hard disk to help overwrite arbitrarily sized portions of disk content.[2]"
    },
    {
        "ID":"S0380",
        "Name":"StoneDrill",
        "Description":"StoneDrillcan wipe the accessible physical or logical drives of the infected machine.[10]"
    },
    {
        "ID":"S0689",
        "Name":"WhisperGate",
        "Description":"WhisperGatecan overwrite sectors of a victim host's hard drive at periodic offsets.[11][12][13]"
    }
]