[
    {
        "ID":"S0045",
        "Name":"ADVSTORESHELL",
        "Description":"ADVSTORESHELLstores output from command execution in a .dat file in the %TEMP% directory.[2]"
    },
    {
        "ID":"S0622",
        "Name":"AppleSeed",
        "Description":"AppleSeedcan stage files in a central location prior to exfiltration.[3]"
    },
    {
        "ID":"G0007",
        "Name":"APT28",
        "Description":"APT28has stored captured credential information in a file named pi.log.[4]"
    },
    {
        "ID":"G0022",
        "Name":"APT3",
        "Description":"APT3has been known to stage files for exfiltration in a single location.[5]"
    },
    {
        "ID":"G0087",
        "Name":"APT39",
        "Description":"APT39has utilized tools to aggregate data prior to exfiltration.[6]"
    },
    {
        "ID":"G1023",
        "Name":"APT5",
        "Description":"APT5has staged data on compromised systems prior to exfiltration often inC:\\Users\\Public.[7]"
    },
    {
        "ID":"S0373",
        "Name":"Astaroth",
        "Description":"Astarothcollects data in a plaintext file named r1.log before exfiltration.[8]"
    },
    {
        "ID":"S0438",
        "Name":"Attor",
        "Description":"Attorhas staged collected data in a central upload directory prior to exfiltration.[9]"
    },
    {
        "ID":"S1029",
        "Name":"AuTo Stealer",
        "Description":"AuTo Stealercan store collected data from an infected host to a file namedHostname_UserName.txtprior to exfiltration.[10]"
    },
    {
        "ID":"G0135",
        "Name":"BackdoorDiplomacy",
        "Description":"BackdoorDiplomacyhas copied files of interest to the main drive's recycle bin.[11]"
    },
    {
        "ID":"S0128",
        "Name":"BADNEWS",
        "Description":"BADNEWScopies documents under 15MB found on the victim system to is the user's%temp%\\SMB\\folder. It also copies files from USB devices to a predefined directory.[12][13]"
    },
    {
        "ID":"S0337",
        "Name":"BadPatch",
        "Description":"BadPatchstores collected data in log files before exfiltration.[14]"
    },
    {
        "ID":"S0651",
        "Name":"BoxCaon",
        "Description":"BoxCaonhas created a working folder for collected files that it sends to the C2 server.[15]"
    },
    {
        "ID":"C0015",
        "Name":"C0015",
        "Description":"DuringC0015, PowerView's file share enumeration results were stored in the filec:\\ProgramData\\found_shares.txt.[16]"
    },
    {
        "ID":"C0017",
        "Name":"C0017",
        "Description":"DuringC0017,APT41copied the localSAMandSYSTEMRegistry hives to a staging directory.[17]"
    },
    {
        "ID":"C0032",
        "Name":"C0032",
        "Description":"During theC0032campaign,TEMP.Velesused staging folders that are infrequently used by legitimate users or processes to store data for exfiltration and tool deployment.[18]"
    },
    {
        "ID":"S0274",
        "Name":"Calisto",
        "Description":"Calistouses a hidden directory named .calisto to store data from the victim’s machine before exfiltration.[19][20]"
    },
    {
        "ID":"S0335",
        "Name":"Carbon",
        "Description":"Carboncreates a base directory that contains the files and folders that are collected.[21]"
    },
    {
        "ID":"S0261",
        "Name":"Catchamas",
        "Description":"Catchamasstores the gathered data from the machine in .db files and .bmp files under four separate locations.[22]"
    },
    {
        "ID":"S1043",
        "Name":"ccf32",
        "Description":"ccf32can temporarily store files in a hidden directory on the local host.[23]"
    },
    {
        "ID":"G0114",
        "Name":"Chimera",
        "Description":"Chimerahas staged stolen data locally on compromised hosts.[24]"
    },
    {
        "ID":"S0667",
        "Name":"Chrommme",
        "Description":"Chrommmecan store captured system information locally prior to exfiltration.[25]"
    },
    {
        "ID":"S0538",
        "Name":"Crutch",
        "Description":"Crutchhas staged stolen files in theC:\\AMD\\Tempdirectory.[26]"
    },
    {
        "ID":"S0673",
        "Name":"DarkWatchman",
        "Description":"DarkWatchmancan stage local data in the Windows Registry.[1]"
    },
    {
        "ID":"G0035",
        "Name":"Dragonfly",
        "Description":"Dragonflyhas created a directory named \"out\" in the user's %AppData% folder and copied files to it.[27]"
    },
    {
        "ID":"S0567",
        "Name":"Dtrack",
        "Description":"Dtrackcan save collected data to disk, different file formats, and network shares.[28][29]"
    },
    {
        "ID":"S0038",
        "Name":"Duqu",
        "Description":"Modules can be pushed to and executed byDuquthat copy data to a staging area, compress it, and XOR encrypt it.[30]"
    },
    {
        "ID":"S0062",
        "Name":"DustySky",
        "Description":"DustySkycreated folders in temp directories to host collected files before exfiltration.[31]"
    },
    {
        "ID":"S0024",
        "Name":"Dyre",
        "Description":"Dyrehas the ability to create files in a TEMP folder to act as a database to store information.[32]"
    },
    {
        "ID":"S0593",
        "Name":"ECCENTRICBANDWAGON",
        "Description":"ECCENTRICBANDWAGONhas stored keystrokes and screenshots within the%temp%\\GoogleChrome,%temp%\\Downloads, and%temp%\\TrendMicroUpdatedirectories.[33]"
    },
    {
        "ID":"S0081",
        "Name":"Elise",
        "Description":"Elisecreates a file inAppData\\Local\\Microsoft\\Windows\\Explorerand stores all harvested data in that file.[34]"
    },
    {
        "ID":"S0343",
        "Name":"Exaramel for Windows",
        "Description":"Exaramel for Windowsspecifies a path to store files scheduled for exfiltration.[35]"
    },
    {
        "ID":"G1016",
        "Name":"FIN13",
        "Description":"FIN13has utilized the following temporary folders on compromised Windows and Linux systems for their operations prior to exfiltration:C:\\Windows\\Tempand\/tmp.[36][37]"
    },
    {
        "ID":"G0053",
        "Name":"FIN5",
        "Description":"FIN5scripts save memory dump data into a specific directory on hosts in the victim environment.[38]"
    },
    {
        "ID":"S0036",
        "Name":"FLASHFLOOD",
        "Description":"FLASHFLOODstages data it copies from the local system or removable drives in the \"%WINDIR%\\$NtUninstallKB885884$\\\" directory.[39]"
    },
    {
        "ID":"S0503",
        "Name":"FrameworkPOS",
        "Description":"FrameworkPOScan identifiy payment card track data on the victim and copy it to a local file in a subdirectory of C:\\Windows.[40]"
    },
    {
        "ID":"S1044",
        "Name":"FunnyDream",
        "Description":"FunnyDreamcan stage collected information including screen captures and logged keystrokes locally.[23]"
    },
    {
        "ID":"G0093",
        "Name":"GALLIUM",
        "Description":"GALLIUMcompressed and staged files in multi-part archives in the Recycle Bin prior to exfiltration.[41]"
    },
    {
        "ID":"S0249",
        "Name":"Gold Dragon",
        "Description":"Gold Dragonstores information gathered from the endpoint in a file named 1.hwp.[42]"
    },
    {
        "ID":"S0170",
        "Name":"Helminth",
        "Description":"Helminthcreates folders to store output from batch scripts prior to sending the information to its C2 server.[43]"
    },
    {
        "ID":"G0119",
        "Name":"Indrik Spider",
        "Description":"Indrik Spiderhas stored collected date in a .tmp file.[44]"
    },
    {
        "ID":"S0260",
        "Name":"InvisiMole",
        "Description":"InvisiMoledetermines a working directory where it stores all the gathered data about the compromised machine.[45][46]"
    },
    {
        "ID":"S0265",
        "Name":"Kazuar",
        "Description":"Kazuarstages command output and collected data in files before exfiltration.[47]"
    },
    {
        "ID":"S0526",
        "Name":"KGH_SPY",
        "Description":"KGH_SPYcan save collected system information to a file named \"info\" before exfiltration.[48]"
    },
    {
        "ID":"G0094",
        "Name":"Kimsuky",
        "Description":"Kimsukyhas staged collected data files underC:\\Program Files\\Common Files\\System\\Ole DB\\.[49][50]"
    },
    {
        "ID":"S1075",
        "Name":"KOPILUWAK",
        "Description":"KOPILUWAKhas piped the results from executed C2 commands to%TEMP%\\result2.daton the local machine.[51]"
    },
    {
        "ID":"G0032",
        "Name":"Lazarus Group",
        "Description":"Lazarus Groupmalware IndiaIndia saves information gathered about the victim to a file that is saved in the %TEMP% directory, then compressed, encrypted, and uploaded to a C2 server.[52][53]"
    },
    {
        "ID":"G0065",
        "Name":"Leviathan",
        "Description":"Leviathanhas used C:\\Windows\\Debug and C:\\Perflogs as staging directories.[54][55]"
    },
    {
        "ID":"S0395",
        "Name":"LightNeuron",
        "Description":"LightNeuroncan store email data in files and directories specified in its configuration, such asC:\\Windows\\ServiceProfiles\\NetworkService\\appdata\\Local\\Temp\\.[56]"
    },
    {
        "ID":"S1101",
        "Name":"LoFiSe",
        "Description":"LoFiSecan save files to be evaluated for further exfiltration in theC:\\Programdata\\Microsoft\\andC:\\windows\\temp\\folders.[57]"
    },
    {
        "ID":"S0409",
        "Name":"Machete",
        "Description":"Machetestores files and logs in a folder on the local drive.[58][59]"
    },
    {
        "ID":"S1016",
        "Name":"MacMa",
        "Description":"MacMahas stored collected files locally before exfiltration.[60]"
    },
    {
        "ID":"S1060",
        "Name":"Mafalda",
        "Description":"Mafaldacan place retrieved files into a destination directory.[61]"
    },
    {
        "ID":"S0652",
        "Name":"MarkiRAT",
        "Description":"MarkiRATcan store collected data locally in a created .nfo file.[62]"
    },
    {
        "ID":"G0045",
        "Name":"menuPass",
        "Description":"menuPassstages data prior to exfiltration in multi-part archives, often saved in the Recycle Bin.[63]"
    },
    {
        "ID":"S0443",
        "Name":"MESSAGETAP",
        "Description":"MESSAGETAPstored targeted SMS messages that matched its target list in CSV files on the compromised system.[64]"
    },
    {
        "ID":"S1059",
        "Name":"metaMain",
        "Description":"metaMainhas stored the collected system files in a working directory.[61][65]"
    },
    {
        "ID":"S1015",
        "Name":"Milan",
        "Description":"Milanhas saved files prior to upload from a compromised host to folders beginning with the charactersa9850d2f.[66]"
    },
    {
        "ID":"S0084",
        "Name":"Mis-Type",
        "Description":"Mis-Typehas temporarily stored collected information to the files\"%AppData%\\{Unique Identifier}\\HOSTRURKLSR\"and\"%AppData%\\{Unique Identifier}\\NEWERSSEMP\".[67]"
    },
    {
        "ID":"S0149",
        "Name":"MoonWind",
        "Description":"MoonWindsaves information from its keylogging routine as a .zip file in the present working directory.[68]"
    },
    {
        "ID":"G0069",
        "Name":"MuddyWater",
        "Description":"MuddyWaterhas stored a decoy PDF file within a victim's%temp%folder.[69]"
    },
    {
        "ID":"G0129",
        "Name":"Mustang Panda",
        "Description":"Mustang Pandahas stored collected credential files inc:\\windows\\tempprior to exfiltration.Mustang Pandahas also stored documents for exfiltration in a hidden folder on USB drives.[70][71]"
    },
    {
        "ID":"S0247",
        "Name":"NavRAT",
        "Description":"NavRATwrites multiple outputs to a TMP file using the >> method.[72]"
    },
    {
        "ID":"S0198",
        "Name":"NETWIRE",
        "Description":"NETWIREhas the ability to write collected data to a file created in the.\/LOGSdirectory.[73]"
    },
    {
        "ID":"S1090",
        "Name":"NightClub",
        "Description":"NightClubhas copied captured files and keystrokes to the%TEMP%directory of compromised hosts.[74]"
    },
    {
        "ID":"S0353",
        "Name":"NOKKI",
        "Description":"NOKKIcan collect data from the victim and stage it inLOCALAPPDATA%\\MicroSoft Updatea\\uplog.tmp.[75]"
    },
    {
        "ID":"S0644",
        "Name":"ObliqueRAT",
        "Description":"ObliqueRATcan copy specific files, webcam captures, and screenshots to local directories.[76]"
    },
    {
        "ID":"S0340",
        "Name":"Octopus",
        "Description":"Octopushas stored collected information in the Application Data directory on a compromised host.[77][78]"
    },
    {
        "ID":"S0264",
        "Name":"OopsIE",
        "Description":"OopsIEstages the output from command execution and collected files in specific folders before exfiltration.[79]"
    },
    {
        "ID":"C0006",
        "Name":"Operation Honeybee",
        "Description":"DuringOperation Honeybee, stolen data was copied into a text file using the formatFrom <COMPUTER-NAME> (<Month>-<Day> <Hour>-<Minute>-<Second>).txtprior to compression, encoding, and exfiltration.[80]"
    },
    {
        "ID":"C0014",
        "Name":"Operation Wocao",
        "Description":"DuringOperation Wocao, threat actors staged archived files in a temporary directory prior to exfiltration.[81]"
    },
    {
        "ID":"S1109",
        "Name":"PACEMAKER",
        "Description":"PACEMAKERhas written extracted data totmp\/dsserver-check.statementcounters.[82]"
    },
    {
        "ID":"G0040",
        "Name":"Patchwork",
        "Description":"Patchworkcopied all targeted files to a directory called index that was eventually uploaded to the C&C server.[13]"
    },
    {
        "ID":"S0012",
        "Name":"PoisonIvy",
        "Description":"PoisonIvystages collected data in a text file.[83]"
    },
    {
        "ID":"S1012",
        "Name":"PowerLess",
        "Description":"PowerLesscan stage stolen browser data inC:\\\\Windows\\\\Temp\\\\cup.tmpand keylogger data inC:\\\\Windows\\\\Temp\\\\Report.06E17A5A-7325-4325-8E5D-E172EBA7FC5BK.[84]"
    },
    {
        "ID":"S0113",
        "Name":"Prikormka",
        "Description":"Prikormkacreates a directory,%USERPROFILE%\\AppData\\Local\\SKC\\, which is used to store collected log files.[85]"
    },
    {
        "ID":"S0147",
        "Name":"Pteranodon",
        "Description":"Pteranodoncreates various subdirectories under%Temp%\\reports\\%and copies files to those subdirectories. It also creates a folder atC:\\Users\\\\AppData\\Roaming\\Microsoft\\storeto store screenshot JPEG files.[86]"
    },
    {
        "ID":"S0196",
        "Name":"PUNCHBUGGY",
        "Description":"PUNCHBUGGYhas saved information to a random temp file before exfil.[87]"
    },
    {
        "ID":"S0197",
        "Name":"PUNCHTRACK",
        "Description":"PUNCHTRACKaggregates collected data in a tmp file.[88]"
    },
    {
        "ID":"S0650",
        "Name":"QakBot",
        "Description":"QakBothas stored stolen emails and other data into new folders prior to exfiltration.[89]"
    },
    {
        "ID":"S0629",
        "Name":"RainyDay",
        "Description":"RainyDaycan use a file exfiltration tool to copy files toC:\\ProgramData\\Adobe\\tempprior to exfiltration.[90]"
    },
    {
        "ID":"S0458",
        "Name":"Ramsay",
        "Description":"Ramsaycan stage data prior to exfiltration in%APPDATA%\\Microsoft\\UserSettingand%APPDATA%\\Microsoft\\UserSetting\\MediaCache.[91][92]"
    },
    {
        "ID":"S0169",
        "Name":"RawPOS",
        "Description":"Data captured byRawPOSis placed in a temporary file under a directory named \"memdump\".[93]"
    },
    {
        "ID":"S0090",
        "Name":"Rover",
        "Description":"Rovercopies files from removable drives toC:\\system.[94]"
    },
    {
        "ID":"G0121",
        "Name":"Sidewinder",
        "Description":"Sidewinderhas collected stolen files in a temporary folder in preparation for exfiltration.[95]"
    },
    {
        "ID":"S1110",
        "Name":"SLIGHTPULSE",
        "Description":"SLIGHTPULSEhas piped the output from executed commands to\/tmp\/1.[82]"
    },
    {
        "ID":"S1104",
        "Name":"SLOWPULSE",
        "Description":"SLOWPULSEcan write logged ACE credentials to\/home\/perl\/PAUS.pmin append mode, using the format string%s:%s\\n.[82]"
    },
    {
        "ID":"S1124",
        "Name":"SocGholish",
        "Description":"SocGholishcan send output fromwhoamito a local temp file using the naming conventionrad<5-hex-chars>.tmp.[96]"
    },
    {
        "ID":"S0615",
        "Name":"SombRAT",
        "Description":"SombRATcan store harvested data in a custom database under the %TEMP% directory.[97]"
    },
    {
        "ID":"S0035",
        "Name":"SPACESHIP",
        "Description":"SPACESHIPidentifies files with certain extensions and copies them to a directory in the user's profile.[39]"
    },
    {
        "ID":"S1037",
        "Name":"STARWHALE",
        "Description":"STARWHALEhas stored collected data in a file calledstari.txt.[98]"
    },
    {
        "ID":"S1042",
        "Name":"SUGARDUMP",
        "Description":"SUGARDUMPhas stored collected data under%<malware_execution_folder>%\\\\CrashLog.txt.[99]"
    },
    {
        "ID":"G0139",
        "Name":"TeamTNT",
        "Description":"TeamTNThas aggregated collected credentials in text files before exfiltrating.[100]"
    },
    {
        "ID":"G0027",
        "Name":"Threat Group-3390",
        "Description":"Threat Group-3390has locally staged encrypted archives for later exfiltration efforts.[101]"
    },
    {
        "ID":"S0094",
        "Name":"Trojan.Karagany",
        "Description":"Trojan.Karaganycan create directories to store plugin output and stage data for exfiltration.[102][103]"
    },
    {
        "ID":"S0647",
        "Name":"Turian",
        "Description":"Turiancan store copied files in a specific directory prior to exfiltration.[11]"
    },
    {
        "ID":"S0386",
        "Name":"Ursnif",
        "Description":"Ursnifhas used tmp files to stage gathered information.[104]"
    },
    {
        "ID":"S0136",
        "Name":"USBStealer",
        "Description":"USBStealercollects files matching certain criteria from the victim and stores them in a local directory for later exfiltration.[105][106]"
    },
    {
        "ID":"G1017",
        "Name":"Volt Typhoon",
        "Description":"Volt Typhoonhas saved stolen files including the ntds.dit database and theSYSTEMandSECURITYRegistry hives locally to theC:\\Windows\\Temp\\directory.[107][108]"
    },
    {
        "ID":"G0102",
        "Name":"Wizard Spider",
        "Description":"Wizard Spiderhas staged ZIP files in local directories such as,C:\\PerfLogs\\1\\andC:\\User\\1\\prior to exfiltration.[109]"
    },
    {
        "ID":"S0251",
        "Name":"Zebrocy",
        "Description":"Zebrocystores all collected information in a single file before exfiltration.[110]"
    }
]