[
    {
        "ID":"DS0017",
        "Data Source":"Command",
        "Data Component":"Command Execution",
        "Detects":"Monitor executed commands and arguments that could be taken to copy files from the logical drive and evade common file system protections. Since this technique may also be used throughPowerShell, additional logging of PowerShell scripts is recommended."
    },
    {
        "ID":"DS0016",
        "Data Source":"Drive",
        "Data Component":"Drive Access",
        "Detects":"Monitor handle opens on volumes that are made by processes to determine when they may be directly collecting data from logical drives.[2]"
    },
    {
        "ID":"DS0022",
        "Data Source":"File",
        "Data Component":"File Creation",
        "Detects":"Monitor for the creation of volume shadow copy and backup files, especially unexpected and irregular activity (relative to time, user, etc.)."
    }
]