[
    {
        "ID":"G0016",
        "Name":"APT29",
        "Description":"APT29has created self-signed digital certificates to enable mutual TLS authentication for malware.[1][2]"
    },
    {
        "ID":"C0011",
        "Name":"C0011",
        "Description":"ForC0011,Transparent Tribeestablished SSL certificates on the typo-squatted domains the group registered.[3]"
    },
    {
        "ID":"G0056",
        "Name":"PROMETHIUM",
        "Description":"PROMETHIUMhas created self-signed digital certificates for use in HTTPS C2 traffic.[4]"
    }
]