[
    {
        "ID":"G0007",
        "Name":"APT28",
        "Description":"APT28has collected files from network shared drives.[1]"
    },
    {
        "ID":"S0128",
        "Name":"BADNEWS",
        "Description":"When it first starts,BADNEWScrawls the victim's mapped drives and collects documents with the following extensions: .doc, .docx, .pdf, .ppt, .pptx, and .txt.[2]"
    },
    {
        "ID":"G0060",
        "Name":"BRONZE BUTLER",
        "Description":"BRONZE BUTLERhas exfiltrated files stolen from file shares.[3]"
    },
    {
        "ID":"C0015",
        "Name":"C0015",
        "Description":"DuringC0015, the threat actors collected files from network shared drives prior to network encryption.[4]"
    },
    {
        "ID":"G0114",
        "Name":"Chimera",
        "Description":"Chimerahas collected data of interest from network shares.[5]"
    },
    {
        "ID":"S0050",
        "Name":"CosmicDuke",
        "Description":"CosmicDukesteals user files from network shared drives with file extensions and keywords that match a predefined list.[6]"
    },
    {
        "ID":"S0554",
        "Name":"Egregor",
        "Description":"Egregorcan collect any files found in the enumerated drivers before sending it to its C2 channel.[7]"
    },
    {
        "ID":"G0117",
        "Name":"Fox Kitten",
        "Description":"Fox Kittenhas searched network shares to access sensitive documents.[8]"
    },
    {
        "ID":"G0047",
        "Name":"Gamaredon Group",
        "Description":"Gamaredon Groupmalware has collected Microsoft Office documents from mapped network drives.[9]"
    },
    {
        "ID":"G0045",
        "Name":"menuPass",
        "Description":"menuPasshas collected data from remote systems by mounting network shares withnet useand using Robocopy to transfer data.[10]"
    },
    {
        "ID":"S0458",
        "Name":"Ramsay",
        "Description":"Ramsaycan collect data from network drives and stage it for exfiltration.[11]"
    },
    {
        "ID":"G0054",
        "Name":"Sowbug",
        "Description":"Sowbugextracted Word documents from a file server on a victim network.[12]"
    }
]