[
    {
        "ID":"M1015",
        "Mitigation":"Active Directory Configuration",
        "Description":"To contain the impact of a previously generated golden ticket, reset the built-in KRBTGT account password twice, which will invalidate any existing golden tickets that have been created with the KRBTGT hash and other Kerberos tickets derived from it.[14]For each domain, change the KRBTGT account password once, force replication, and then change the password a second time. Consider rotating the KRBTGT account password every 180 days.[15]"
    },
    {
        "ID":"M1027",
        "Mitigation":"Password Policies",
        "Description":"Ensure that local administrator accounts have complex, unique passwords."
    },
    {
        "ID":"M1026",
        "Mitigation":"Privileged Account Management",
        "Description":"Limit domain admin account permissions to domain controllers and limited servers. Delegate other admin functions to separate accounts.[1]"
    },
    {
        "ID":"M1018",
        "Mitigation":"User Account Management",
        "Description":"Do not allow a user to be a local administrator for multiple systems."
    }
]