[
    {
        "ID":"DS0017",
        "Data Source":"Command",
        "Data Component":"Command Execution",
        "Detects":"Monitor executed commands and arguments that may establish persistence by executing malicious content triggered by a file type association."
    },
    {
        "ID":"DS0009",
        "Data Source":"Process",
        "Data Component":"Process Creation",
        "Detects":"Monitor for newly executed processes that may establish persistence by executing malicious content triggered by a file type association."
    },
    {
        "ID":"DS0024",
        "Data Source":"Windows Registry",
        "Data Component":"Windows Registry Key Modification",
        "Detects":"Collect and analyze changes to Registry keys that associate file extensions to default applications for execution and correlate with unknown process launch activity or unusual file types for that process. User file association preferences are stored under[HKEY_CURRENT_USER]\\Software\\Microsoft\\Windows\\CurrentVersion\\Explorer\\FileExtsand override associations configured under[HKEY_CLASSES_ROOT]. Changes to a user's preference will occur under this entry's subkeys."
    }
]