[
    {
        "ID":"C0034",
        "Name":"2022 Ukraine Electric Power Attack",
        "Description":"During the2022 Ukraine Electric Power Attack,Sandworm Teamconfigured Systemd to maintain persistence of GOGETTER, specifying theWantedBy=multi-user.targetconfiguration to run GOGETTER when the system begins accepting user logins.[7]"
    },
    {
        "ID":"S0401",
        "Name":"Exaramel for Linux",
        "Description":"Exaramel for Linuxhas a hardcoded location under systemd that it uses to achieve persistence if it is running as root.[8][9]"
    },
    {
        "ID":"S0410",
        "Name":"Fysbis",
        "Description":"Fysbishas established persistence using a systemd service.[10]"
    },
    {
        "ID":"S0601",
        "Name":"Hildegard",
        "Description":"Hildegardhas started a monero service.[11]"
    },
    {
        "ID":"S0192",
        "Name":"Pupy",
        "Description":"Pupycan be used to establish persistence using a systemd service.[12]"
    },
    {
        "ID":"G0106",
        "Name":"Rocke",
        "Description":"Rockehas installed a systemd service script to maintain persistence.[4]"
    },
    {
        "ID":"S1078",
        "Name":"RotaJakiro",
        "Description":"Depending on the Linux distribution and when executing with root permissions,RotaJakiromay install persistence using a.servicefile under the\/lib\/systemd\/system\/folder.[13]"
    },
    {
        "ID":"S0663",
        "Name":"SysUpdate",
        "Description":"SysUpdatecan copy a script to the user owned\/usr\/lib\/systemd\/system\/directory with a symlink mapped to arootowned directory,\/etc\/ystem\/system, in the unit configuration file'sExecStartdirective to establish persistence and elevate privileges.[14]"
    },
    {
        "ID":"G0139",
        "Name":"TeamTNT",
        "Description":"TeamTNThas established persistence through the creation of a cryptocurrency mining system service usingsystemctl.[15][16]"
    }
]