[
    {
        "ID":"DS0010",
        "Data Source":"Cloud Storage",
        "Data Component":"Cloud Storage Modification",
        "Detects":"Monitor for changes made in cloud environments for events that indicate storage objects have been anomalously modified."
    },
    {
        "ID":"DS0017",
        "Data Source":"Command",
        "Data Component":"Command Execution",
        "Detects":"Monitor executed commands and arguments for actions involved in data destruction activity, such as vssadmin, wbadmin, and bcdedit"
    },
    {
        "ID":"DS0022",
        "Data Source":"File",
        "Data Component":"File Creation",
        "Detects":"Monitor for newly constructed files in user directories."
    },
    {
        "ID":"",
        "Data Source":"",
        "Data Component":"File Modification",
        "Detects":"Monitor for changes made to files in user directories."
    },
    {
        "ID":"DS0033",
        "Data Source":"Network Share",
        "Data Component":"Network Share Access",
        "Detects":"Monitor for unexpected network shares being accessed on target systems or on large numbers of systems."
    },
    {
        "ID":"DS0009",
        "Data Source":"Process",
        "Data Component":"Process Creation",
        "Detects":"Monitor for newly constructed  processes and\/or command-lines involved in data destruction activity, such as vssadmin, wbadmin, and bcdedit."
    }
]