[
    {
        "ID":"S0128",
        "Name":"BADNEWS",
        "Description":"After encrypting C2 data,BADNEWSconverts it into a hexadecimal representation and then encodes it into base64.[3]"
    },
    {
        "ID":"S0132",
        "Name":"H1N1",
        "Description":"H1N1obfuscates C2 traffic with an altered version of base64.[4]"
    },
    {
        "ID":"S0362",
        "Name":"Linux Rabbit",
        "Description":"Linux Rabbitsends the payload from the C2 server as an encoded URL parameter.[5]"
    },
    {
        "ID":"S0699",
        "Name":"Mythic",
        "Description":"Mythicprovides various transform functions to encode and\/or randomize C2 data.[6]"
    },
    {
        "ID":"S0386",
        "Name":"Ursnif",
        "Description":"Ursnifhas used encoded data in HTTP URLs for C2.[7]"
    }
]