[
    {
        "ID":"S0677",
        "Name":"AADInternals",
        "Description":"AADInternalscan directly download cloud user data such as OneDrive files.[3]"
    },
    {
        "ID":"S0482",
        "Name":"Bundlore",
        "Description":"Bundloreuses thecurl -s -L -ocommand to exfiltrate archived data to a URL.[2]"
    },
    {
        "ID":"S0631",
        "Name":"Chaes",
        "Description":"Chaeshas exfiltrated its collected data from the infected machine to the C2, sometimes using the MIME protocol.[4]"
    },
    {
        "ID":"S0503",
        "Name":"FrameworkPOS",
        "Description":"FrameworkPOScan use DNS tunneling for exfiltration of credit card data.[5]"
    },
    {
        "ID":"S0203",
        "Name":"Hydraq",
        "Description":"Hydraqconnects to a predefined domain on port 443 to exfil gathered information.[6]"
    },
    {
        "ID":"S0641",
        "Name":"Kobalos",
        "Description":"Kobaloscan exfiltrate credentials over the network via UDP.[7]"
    },
    {
        "ID":"S0428",
        "Name":"PoetRAT",
        "Description":"PoetRAThas used a .NET tool named dog.exe to exiltrate information over an e-mail account.[8]"
    },
    {
        "ID":"G0139",
        "Name":"TeamTNT",
        "Description":"TeamTNThas sent locally staged files with collected credentials to C2 servers using cURL.[9]"
    }
]