[
    {
        "ID":"S0552",
        "Name":"AdFind",
        "Description":"AdFindcan gather information about organizational units (OUs) and domain trusts from Active Directory.[5][6][7][8]"
    },
    {
        "ID":"G1024",
        "Name":"Akira",
        "Description":"Akirauses the built-inNltestutility or tools such asAdFindto enumerate Active Directory trusts in victim environments.[9]"
    },
    {
        "ID":"S1081",
        "Name":"BADHATCH",
        "Description":"BADHATCHcan usenltest.exe \/domain_truststo discover domain trust relationships on a compromised machine.[10]"
    },
    {
        "ID":"S0534",
        "Name":"Bazar",
        "Description":"Bazarcan useNltesttools to obtain information about the domain.[11][12]"
    },
    {
        "ID":"S0521",
        "Name":"BloodHound",
        "Description":"BloodHoundhas the ability to map domain trusts and identify misconfigurations for potential abuse.[13]"
    },
    {
        "ID":"S1063",
        "Name":"Brute Ratel C4",
        "Description":"Brute Ratel C4can use LDAP queries andnltest \/domain_trustsfor domain trust discovery.[14][15]"
    },
    {
        "ID":"C0015",
        "Name":"C0015",
        "Description":"DuringC0015, the threat actors used the commandnltest \/domain_trusts \/all_truststo enumerate domain trusts.[16]"
    },
    {
        "ID":"G0114",
        "Name":"Chimera",
        "Description":"Chimerahasnltest \/domain_truststo identify domain trust relationships.[17]"
    },
    {
        "ID":"S0105",
        "Name":"dsquery",
        "Description":"dsquerycan be used to gather information on domain trusts withdsquery * -filter \"(objectClass=trustedDomain)\" -attr *.[3]"
    },
    {
        "ID":"G1006",
        "Name":"Earth Lusca",
        "Description":"Earth Luscahas usedNltestto obtain information about domain controllers.[18]"
    },
    {
        "ID":"S0363",
        "Name":"Empire",
        "Description":"Empirehas modules for enumerating domain trusts.[19]"
    },
    {
        "ID":"G0061",
        "Name":"FIN8",
        "Description":"FIN8has retrieved a list of trusted domains by usingnltest.exe \/domain_trusts.[20]"
    },
    {
        "ID":"G0059",
        "Name":"Magic Hound",
        "Description":"Magic Houndhas used a web shell to executenltest \/trusted_domainsto identify trust relationships.[21]"
    },
    {
        "ID":"S0359",
        "Name":"Nltest",
        "Description":"Nltestmay be used to enumerate trusted domains by using commands such asnltest \/domain_trusts.[22][23]"
    },
    {
        "ID":"S0378",
        "Name":"PoshC2",
        "Description":"PoshC2has modules for enumerating domain trusts.[24]"
    },
    {
        "ID":"S0194",
        "Name":"PowerSploit",
        "Description":"PowerSploithas modules such asGet-NetDomainTrustandGet-NetForestTrustto enumerate domain and forest trusts.[25][26]"
    },
    {
        "ID":"S0650",
        "Name":"QakBot",
        "Description":"QakBotcan runnltest \/domain_trusts \/all_trustsfor domain trust discovery.[27]"
    },
    {
        "ID":"S1071",
        "Name":"Rubeus",
        "Description":"Rubeuscan gather information about domain trusts.[28][29]"
    },
    {
        "ID":"S1124",
        "Name":"SocGholish",
        "Description":"SocGholishcan profile compromised systems to identify domain trust relationships.[30][31]"
    },
    {
        "ID":"C0024",
        "Name":"SolarWinds Compromise",
        "Description":"During theSolarWinds Compromise,APT29used theGet-AcceptedDomainPowerShell cmdlet to enumerate accepted domains through an Exchange Management Shell.[32]They also usedAdFindto enumerate domains and to discover trust between federated domains.[33][34]"
    },
    {
        "ID":"S0266",
        "Name":"TrickBot",
        "Description":"TrickBotcan gather information about domain trusts by utilizingNltest.[23][35]"
    }
]