[
    {
        "ID":"DS0017",
        "Data Source":"Command",
        "Data Component":"Command Execution",
        "Detects":"Monitor executed commands (lsmod,driverquery, etc.) with arguments highlighting potentially malicious attempts to enumerate device drivers."
    },
    {
        "ID":"DS0009",
        "Data Source":"Process",
        "Data Component":"OS API Execution",
        "Detects":"Monitor for API calls (such asEnumDeviceDrivers()) that may attempt to gather information about local device drivers."
    },
    {
        "ID":"",
        "Data Source":"",
        "Data Component":"Process Creation",
        "Detects":"Monitor processes (lsmod,driverquery.exe, etc.) for events that may highlight potentially malicious attempts to enumerate device drivers."
    },
    {
        "ID":"DS0024",
        "Data Source":"Windows Registry",
        "Data Component":"Windows Registry Key Access",
        "Detects":"Monitor for attempts to access information stored in the Registry about devices and their associated drivers, such as values underHKLM\\SYSTEM\\CurrentControlSet\\ServicesandHKLM\\SYSTEM\\CurrentControlSet\\HardwareProfiles.[3]"
    }
]