[
    {
        "ID":"DS0017",
        "Data Source":"Command",
        "Data Component":"Command Execution",
        "Detects":"Monitor executed commands and arguments that may establish persistence by executing malicious content triggered by the execution of tainted binaries."
    },
    {
        "ID":"DS0022",
        "Data Source":"File",
        "Data Component":"File Metadata",
        "Detects":"Changes to binaries that do not line up with application updates or patches are also extremely suspicious."
    },
    {
        "ID":"",
        "Data Source":"",
        "Data Component":"File Modification",
        "Detects":"Monitor file systems for changes to application binaries and invalid checksums\/signatures."
    },
    {
        "ID":"DS0011",
        "Data Source":"Module",
        "Data Component":"Module Load",
        "Detects":"Monitor DLL\/PE file events, specifically creation of these binary files as well as the loading of DLLs into processes. Look for DLLs that are not recognized or not normally loaded into a process."
    },
    {
        "ID":"DS0009",
        "Data Source":"Process",
        "Data Component":"Process Creation",
        "Detects":"Monitor processes for those that may be used to modify binary headers."
    }
]