[
    {
        "ID":"M1033",
        "Mitigation":"Limit Software Installation",
        "Description":"Restrict software installation to trusted repositories only and be cautious of orphaned software packages."
    },
    {
        "ID":"M1026",
        "Mitigation":"Privileged Account Management",
        "Description":"The creation and modification of systemd service unit files is generally reserved for administrators such as the Linux root user and other users with superuser privileges."
    },
    {
        "ID":"M1022",
        "Mitigation":"Restrict File and Directory Permissions",
        "Description":"Restrict read\/write access to systemd unit files to only select privileged users who have a legitimate need to manage system services."
    },
    {
        "ID":"M1018",
        "Mitigation":"User Account Management",
        "Description":"Limit user access to system utilities such assystemctlto only users who have a legitimate need."
    }
]