[
    {
        "ID":"M1047",
        "Mitigation":"Audit",
        "Description":"Administrators should perform an audit of all access lists and the permissions they have been granted to access web applications and services. This should be done extensively on all resources in order to establish a baseline, followed up on with periodic audits of new or updated resources. Suspicious accounts\/credentials should be investigated and removed.Enable advanced auditing on ADFS. Check the success and failure audit options in the ADFS Management snap-in. Enable Audit Application Generated events on the AD FS farm via Group Policy Object.[7]"
    },
    {
        "ID":"M1026",
        "Mitigation":"Privileged Account Management",
        "Description":"Restrict permissions and access to the AD FS server to only originate from privileged access workstations.[7]"
    },
    {
        "ID":"M1054",
        "Mitigation":"Software Configuration",
        "Description":"Configure browsers\/applications to regularly delete persistent web credentials (such as cookies)."
    },
    {
        "ID":"M1018",
        "Mitigation":"User Account Management",
        "Description":"Ensure that user accounts with administrative rights follow best practices, including use of privileged access workstations, Just in Time\/Just Enough Administration (JIT\/JEA), and strong authentication. Reduce the number of users that are members of highly privileged Directory Roles.[6]In AWS environments, prohibit users from calling thests:GetFederationTokenAPI unless explicitly required.[8]"
    }
]