[
    {
        "ID":"DS0026",
        "Data Source":"Active Directory",
        "Data Component":"Active Directory Object Modification",
        "Detects":"Monitor for changes made to ACLs and file\/directory ownership. Many of the commands used to modify ACLs and file\/directory ownership are built-in system utilities and may generate a high false positive alert rate, so compare against baseline knowledge for how systems are typically used and correlate modification events with other indications of malicious activity where possible."
    },
    {
        "ID":"DS0017",
        "Data Source":"Command",
        "Data Component":"Command Execution",
        "Detects":"Many of the commands used to modify ACLs and file\/directory ownership are built-in system utilities and may generate a high false positive alert rate, so compare against baseline knowledge for how systems are typically used and correlate modification events with other indications of malicious activity where possible."
    },
    {
        "ID":"DS0022",
        "Data Source":"File",
        "Data Component":"File Metadata",
        "Detects":"Monitor and investigate attempts to modify ACLs and file\/directory ownership."
    },
    {
        "ID":"DS0009",
        "Data Source":"Process",
        "Data Component":"Process Creation",
        "Detects":"Monitor for newly executed processes that may modify file or directory permissions\/attributes to evade access control lists (ACLs) and access protected files.[1][2]"
    }
]