[
    {
        "ID":"S1129",
        "Name":"Akira",
        "Description":"Akiraencrypts victim filesystems for financial extortion purposes.[8]"
    },
    {
        "ID":"G1024",
        "Name":"Akira",
        "Description":"Akiraencrypts files in victim environments as part of ransomware operations.[9]"
    },
    {
        "ID":"G0082",
        "Name":"APT38",
        "Description":"APT38has used Hermes ransomware to encrypt files with AES256.[10]"
    },
    {
        "ID":"G0096",
        "Name":"APT41",
        "Description":"APT41used a ransomware called Encryptor RaaS to encrypt files on the targeted systems and provide a ransom note to the user.[11]"
    },
    {
        "ID":"S0640",
        "Name":"Avaddon",
        "Description":"Avaddonencrypts the victim system using a combination of AES256 and RSA encryption schemes.[12]"
    },
    {
        "ID":"S1053",
        "Name":"AvosLocker",
        "Description":"AvosLockerhas encrypted files and network resources using AES-256 and added an.avos,.avos2, or.AvosLinuxextension to filenames.[13][14][15][16]"
    },
    {
        "ID":"S0638",
        "Name":"Babuk",
        "Description":"Babukcan use ChaCha8 and ECDH to encrypt data.[17][18][19][20]"
    },
    {
        "ID":"S0606",
        "Name":"Bad Rabbit",
        "Description":"Bad Rabbithas encrypted files and disks using AES-128-CBC and RSA-2048.[21]"
    },
    {
        "ID":"S0570",
        "Name":"BitPaymer",
        "Description":"BitPaymercan import a hard-coded RSA 1024-bit public key, generate a 128-bit RC4 key for each file, and encrypt the file in place, appending.lockedto the filename.[22]"
    },
    {
        "ID":"S1070",
        "Name":"Black Basta",
        "Description":"Black Bastacan encrypt files with the ChaCha20 cypher and using a multithreaded process to increase speed.[23][24][25][26][27][28][29][30][31]"
    },
    {
        "ID":"S1068",
        "Name":"BlackCat",
        "Description":"BlackCathas the ability to encrypt Windows devices, Linux devices, and VMWare instances.[32]"
    },
    {
        "ID":"C0015",
        "Name":"C0015",
        "Description":"DuringC0015, the threat actors usedContiransomware to encrypt a compromised network.[33]"
    },
    {
        "ID":"C0018",
        "Name":"C0018",
        "Description":"DuringC0018, the threat actors usedAvosLockerransomware to encrypt files on the compromised network.[15][34]"
    },
    {
        "ID":"S1096",
        "Name":"Cheerscrypt",
        "Description":"Cheerscryptcan encrypt data on victim machines using a Sosemanuk stream cipher with an Elliptic-curve Diffie–Hellman (ECDH) generated key.[35][36]"
    },
    {
        "ID":"S0611",
        "Name":"Clop",
        "Description":"Clopcan encrypt files using AES, RSA, and RC4 and will add the \".clop\" extension to encrypted files.[37][38][39]"
    },
    {
        "ID":"S0575",
        "Name":"Conti",
        "Description":"Contican useCreateIoCompletionPort(),PostQueuedCompletionStatus(), andGetQueuedCompletionPort()to rapidly encrypt files, excluding those with the extensions of .exe, .dll, and .lnk. It has used a different AES-256 encryption key per file with a bundled RAS-4096 public encryption key that is unique for each victim.Contican use \"Windows Restart Manager\" to ensure files are unlocked and open for encryption.[40][5][41][42][33]"
    },
    {
        "ID":"S0625",
        "Name":"Cuba",
        "Description":"Cubahas the ability to encrypt system data and add the \".cuba\" extension to encrypted files.[43]"
    },
    {
        "ID":"S1111",
        "Name":"DarkGate",
        "Description":"DarkGatecan deploy follow-on ransomware payloads.[44]"
    },
    {
        "ID":"S1033",
        "Name":"DCSrv",
        "Description":"DCSrvhas encrypted drives using the core encryption mechanism from DiskCryptor.[45]"
    },
    {
        "ID":"S0616",
        "Name":"DEATHRANSOM",
        "Description":"DEATHRANSOMcan use public and private key pair encryption to encrypt files for ransom payment.[46]"
    },
    {
        "ID":"S0659",
        "Name":"Diavol",
        "Description":"Diavolhas encrypted files using an RSA key though theCryptEncryptAPI and has appended filenames with \".lock64\".[47]"
    },
    {
        "ID":"S0554",
        "Name":"Egregor",
        "Description":"Egregorcan encrypt all non-system files using a hybrid AES-RSA algorithm prior to displaying a ransom note.[6][48]"
    },
    {
        "ID":"S0605",
        "Name":"EKANS",
        "Description":"EKANSuses standard encryption library functions to encrypt files.[49][50]"
    },
    {
        "ID":"G0046",
        "Name":"FIN7",
        "Description":"FIN7has encrypted virtual disk volumes on ESXi servers using a version of Darkside ransomware.[51][52]"
    },
    {
        "ID":"G0061",
        "Name":"FIN8",
        "Description":"FIN8has deployed ransomware such asRagnar Locker, White Rabbit, and attempted to execute Noberus on compromised networks.[53]"
    },
    {
        "ID":"S0618",
        "Name":"FIVEHANDS",
        "Description":"FIVEHANDScan use an embedded NTRU public key to encrypt data for ransom.[46][54][55]"
    },
    {
        "ID":"S0617",
        "Name":"HELLOKITTY",
        "Description":"HELLOKITTYcan use an embedded RSA-2048 public key to encrypt victim data for ransom.[46]"
    },
    {
        "ID":"G0119",
        "Name":"Indrik Spider",
        "Description":"Indrik Spiderhas encrypted domain-controlled systems usingBitPaymer.[22]"
    },
    {
        "ID":"S0389",
        "Name":"JCry",
        "Description":"JCryhas encrypted files and demanded Bitcoin to decrypt those files.[56]"
    },
    {
        "ID":"S0607",
        "Name":"KillDisk",
        "Description":"KillDiskhas a ransomware component that encrypts files with an AES key that is also RSA-1028 encrypted.[57]"
    },
    {
        "ID":"S0372",
        "Name":"LockerGoga",
        "Description":"LockerGogahas encrypted files, including core Windows OS files, using RSA-OAEP MGF1 and then demanded Bitcoin be paid for the decryption key.[58][59][60]"
    },
    {
        "ID":"G0059",
        "Name":"Magic Hound",
        "Description":"Magic Houndhas used BitLocker and DiskCryptor to encrypt targeted workstations.[61][62]"
    },
    {
        "ID":"S0449",
        "Name":"Maze",
        "Description":"Mazehas disrupted systems by encrypting files on targeted machines, claiming to decrypt files if a ransom payment is made.Mazehas used the ChaCha algorithm, based on Salsa20, and an RSA algorithm to encrypt files.[63]"
    },
    {
        "ID":"S0576",
        "Name":"MegaCortex",
        "Description":"MegaCortexhas used the open-source library, Mbed Crypto, and generated AES keys to carry out the file encryption process.[64][65]"
    },
    {
        "ID":"S0457",
        "Name":"Netwalker",
        "Description":"Netwalkercan encrypt files on infected machines to extort victims.[66]"
    },
    {
        "ID":"S0368",
        "Name":"NotPetya",
        "Description":"NotPetyaencrypts user files and disk structures like the MBR with 2048-bit RSA.[67][3][68]"
    },
    {
        "ID":"S0556",
        "Name":"Pay2Key",
        "Description":"Pay2Keycan encrypt data on victim's machines using RSA and AES algorithms in order to extort a ransom payment for decryption.[69][70]"
    },
    {
        "ID":"S1058",
        "Name":"Prestige",
        "Description":"Prestigehas leveraged the CryptoPP C++ library to encrypt files on target systems using AES and appended filenames with.enc.[71]"
    },
    {
        "ID":"S0654",
        "Name":"ProLock",
        "Description":"ProLockcan encrypt files on a compromised host with RC6, and encrypts the key with RSA-1024.[72]"
    },
    {
        "ID":"S0583",
        "Name":"Pysa",
        "Description":"Pysahas used RSA and AES-CBC encryption algorithm to encrypt a list of targeted file extensions.[73]"
    },
    {
        "ID":"S0481",
        "Name":"Ragnar Locker",
        "Description":"Ragnar Lockerencrypts files on the local machine and mapped drives prior to displaying a note demanding a ransom.[74][75]"
    },
    {
        "ID":"S0496",
        "Name":"REvil",
        "Description":"REvilcan encrypt files on victim systems and demands a ransom to decrypt the files.[76][77][78][79][80][81][82][83]"
    },
    {
        "ID":"S0400",
        "Name":"RobbinHood",
        "Description":"RobbinHoodwill search for an RSA encryption key and then perform its encryption process on the system files.[84]"
    },
    {
        "ID":"S1073",
        "Name":"Royal",
        "Description":"Royaluses a multi-threaded encryption process that can partially encrypt targeted files with the OpenSSL library and the AES256 algorithm.[85][86][87]"
    },
    {
        "ID":"S0446",
        "Name":"Ryuk",
        "Description":"Ryukhas used a combination of symmetric (AES) and asymmetric (RSA) encryption to encrypt files. Files have been encrypted with their own AES key and given a file extension of .RYK. Encrypted directories have had a ransom note of RyukReadMe.txt written to the directory.[88][42]"
    },
    {
        "ID":"S0370",
        "Name":"SamSam",
        "Description":"SamSamencrypts victim files using RSA-2048 encryption and demands a ransom be paid in Bitcoin to decrypt those files.[89]"
    },
    {
        "ID":"G0034",
        "Name":"Sandworm Team",
        "Description":"Sandworm Teamhas usedPrestigeransomware to encrypt data at targeted organizations in transportation and related logistics industries in Ukraine and Poland.[71]"
    },
    {
        "ID":"G1015",
        "Name":"Scattered Spider",
        "Description":"Scattered Spiderhas used BlackCat ransomware to encrypt files on VMWare ESXi servers.[90][91]"
    },
    {
        "ID":"S0639",
        "Name":"Seth-Locker",
        "Description":"Seth-Lockercan encrypt files on a targeted system, appending them with the suffix .seth.[20]"
    },
    {
        "ID":"S0140",
        "Name":"Shamoon",
        "Description":"Shamoonhas an operational mode for encrypting data instead of overwriting it.[92][93]"
    },
    {
        "ID":"S0242",
        "Name":"SynAck",
        "Description":"SynAckencrypts the victims machine followed by asking the victim to pay a ransom.[94]"
    },
    {
        "ID":"G0092",
        "Name":"TA505",
        "Description":"TA505has used a wide variety of ransomware, such asClop, Locky, Jaff, Bart, Philadelphia, and GlobeImposter, to encrypt victim files and demand a ransom payment.[95]"
    },
    {
        "ID":"S0595",
        "Name":"ThiefQuest",
        "Description":"ThiefQuestencrypts a set of file extensions on a host, deletes the original files, and provides a ransom note with no contact information.[96]"
    },
    {
        "ID":"S0366",
        "Name":"WannaCry",
        "Description":"WannaCryencrypts user files and demands that a ransom be paid in Bitcoin to decrypt those files.[97][2][98]"
    },
    {
        "ID":"S0612",
        "Name":"WastedLocker",
        "Description":"WastedLockercan encrypt data and leave a ransom note.[99][100][101]"
    },
    {
        "ID":"S0341",
        "Name":"Xbash",
        "Description":"Xbashhas maliciously encrypted victim's database systems and demanded a cryptocurrency ransom be paid.[102]"
    },
    {
        "ID":"S0658",
        "Name":"XCSSET",
        "Description":"XCSSETperforms AES-CBC encryption on files under~\/Documents,~\/Downloads, and~\/Desktopwith a fixed key and renames files to give them a.encextension. Only files with sizes less than 500MB are encrypted.[103]"
    }
]