[
    {
        "ID":"M1040",
        "Mitigation":"Behavior Prevention on Endpoint",
        "Description":"On Windows 10, enable cloud-delivered protection and Attack Surface Reduction (ASR) rules to block the execution of files that resemble ransomware.[104]"
    },
    {
        "ID":"M1053",
        "Mitigation":"Data Backup",
        "Description":"Consider implementing IT disaster recovery plans that contain procedures for regularly taking and testing data backups that can be used to restore organizational data.[105]Ensure backups are stored off system and is protected from common methods adversaries may use to gain access and destroy the backups to prevent recovery. Consider enabling versioning in cloud environments to maintain backup copies of storage objects.[106]"
    }
]