[
    {
        "ID":"S0600",
        "Name":"Doki",
        "Description":"Dokiwas run through a deployed container.[7]"
    },
    {
        "ID":"S0599",
        "Name":"Kinsing",
        "Description":"Kinsingwas run through a deployed Ubuntu container.[8]"
    },
    {
        "ID":"S0683",
        "Name":"Peirates",
        "Description":"Peiratescan deploy a pod that mounts its node’s root file system, then execute a command to create a reverse shell on the node.[9]"
    },
    {
        "ID":"G0139",
        "Name":"TeamTNT",
        "Description":"TeamTNThas deployed different types of containers into victim environments to facilitate execution.[10][11]TeamTNThas also transferred cryptocurrency mining software to Kubernetes clusters discovered within local IP address ranges.[12]"
    }
]