[
    {
        "ID":"S0690",
        "Name":"Green Lambert",
        "Description":"Green Lambertcan establish persistence on a compromised host through modifying theprofile,login, and run command (rc) files associated with thebash,csh, andtcshshells.[12][13]"
    },
    {
        "ID":"S0362",
        "Name":"Linux Rabbit",
        "Description":"Linux Rabbitmaintains persistence on an infected machine through rc.local and .bashrc files.[14]"
    },
    {
        "ID":"S1078",
        "Name":"RotaJakiro",
        "Description":"When executing with non-root level permissions,RotaJakirocan install persistence by adding a command to the .bashrc file that executes a binary in the${HOME}\/.gvfsd\/.profile\/folder.[15]"
    }
]