[
    {
        "ID":"M1015",
        "Mitigation":"Active Directory Configuration",
        "Description":"For containing the impact of a previously forged SAML token, rotate the token-signing AD FS certificate in rapid succession twice, which will invalidate any tokens generated using the previous certificate.[8]"
    },
    {
        "ID":"M1047",
        "Mitigation":"Audit",
        "Description":"Enable advanced auditing on AD FS. Check the success and failure audit options in the AD FS Management snap-in. Enable Audit Application Generated events on the AD FS farm via Group Policy Object.[9]"
    },
    {
        "ID":"M1026",
        "Mitigation":"Privileged Account Management",
        "Description":"Restrict permissions and access to the AD FS server to only originate from privileged access workstations.[9]"
    },
    {
        "ID":"M1018",
        "Mitigation":"User Account Management",
        "Description":"Ensure that user accounts with administrative rights follow best practices, including use of privileged access workstations, Just in Time\/Just Enough Administration (JIT\/JEA), and strong authentication. Reduce the number of users that are members of highly privileged Directory Roles.[4]"
    }
]