[
    {
        "ID":"G0082",
        "Name":"APT38",
        "Description":"APT38has used DYEPACK to create, delete, and alter records in databases used for SWIFT transactions.[1]"
    },
    {
        "ID":"S0562",
        "Name":"SUNSPOT",
        "Description":"SUNSPOTcreated a copy of the SolarWinds Orion software source file with a.bkextension to backup the original content, wroteSUNBURSTusing the same filename but with a.tmpextension, and then movedSUNBURSTusingMoveFileExto the original filename with a.csextension so it could be compiled within Orion software.[3]"
    }
]