[
    {
        "ID":"C0032",
        "Name":"C0032",
        "Description":"During theC0032campaign,TEMP.Velesmodified and added entries withinHKEY_LOCAL_MACHINE\\SOFTWARE\\Microsoft\\Windows NT\\CurrentVersion\\Image File Execution Optionsto maintain persistence.[9]"
    },
    {
        "ID":"S0461",
        "Name":"SDBbot",
        "Description":"SDBbothas the ability to use image file execution options for persistence if it detects it is running with admin privileges on a Windows version newer than Windows 7.[10]"
    },
    {
        "ID":"S0559",
        "Name":"SUNBURST",
        "Description":"SUNBURSTcreated an Image File Execution Options (IFEO) Debugger registry value for the processdllhost.exeto trigger the installation ofCobalt Strike.[11]"
    }
]