[
    {
        "ID":"DS0029",
        "Data Source":"Network Traffic",
        "Data Component":"Network Connection Creation",
        "Detects":"Monitor for newly constructed network connections that may use Fast Flux DNS to hide a command and control channel behind an array of rapidly changing IP addresses linked to a single domain resolution."
    },
    {
        "ID":"",
        "Data Source":"",
        "Data Component":"Network Traffic Flow",
        "Detects":"In general, detecting usage of fast flux DNS is difficult due to web traffic load balancing that services client requests quickly. In single flux cases only IP addresses change for static domain names. In double flux cases, nothing is static. Defenders such as domain registrars and service providers are likely in the best position for detection."
    }
]