[
    {
        "ID":"DS0015",
        "Data Source":"Application Log",
        "Data Component":"Application Log Content",
        "Detects":"Exploitation for defense evasion may happen shortly after the system has been compromised to prevent detection during later actions for for additional tools that may be brought in and used. Detecting software exploitation may be difficult depending on the tools available. Software exploits may not always succeed or may cause the exploited process to become unstable or crash."
    },
    {
        "ID":"DS0009",
        "Data Source":"Process",
        "Data Component":"Process Creation",
        "Detects":"Monitor for abnormal process creations, such as a Command and Scripting Interpreter spawning from a potentially exploited application. Also look for behavior on the system that might indicate successful compromise, such as abnormal behavior of processes."
    }
]