[
    {
        "ID":"S1025",
        "Name":"Amadey",
        "Description":"Amadeyhas used fast flux DNS for its C2.[4]"
    },
    {
        "ID":"S0032",
        "Name":"gh0st RAT",
        "Description":"gh0st RAToperators have used dynamic DNS to mask the true location of their C2 behind rapidly changing IP addresses.[5]"
    },
    {
        "ID":"G0045",
        "Name":"menuPass",
        "Description":"menuPasshas used dynamic DNS service providers to host malicious domains.[6]"
    },
    {
        "ID":"S0385",
        "Name":"njRAT",
        "Description":"njRAThas used a fast flux DNS for C2 IP resolution.[7]"
    },
    {
        "ID":"G0092",
        "Name":"TA505",
        "Description":"TA505has used fast flux to mask botnets by distributing payloads across multiple IPs.[8]"
    }
]