[
    {
        "ID":"G0007",
        "Name":"APT28",
        "Description":"APT28has exploited CVE-2014-4076, CVE-2015-2387, CVE-2015-1701, CVE-2017-0263 to escalate privileges.[3][4][5]"
    },
    {
        "ID":"G0016",
        "Name":"APT29",
        "Description":"APT29has exploited CVE-2021-36934 to escalate privileges on a compromised host.[6]"
    },
    {
        "ID":"G0050",
        "Name":"APT32",
        "Description":"APT32has used CVE-2016-7255 to escalate privileges.[7]"
    },
    {
        "ID":"G0064",
        "Name":"APT33",
        "Description":"APT33has used a publicly available exploit for CVE-2017-0213 to escalate privileges on a local system.[8]"
    },
    {
        "ID":"G1002",
        "Name":"BITTER",
        "Description":"BITTERhas exploited CVE-2021-1732 for privilege escalation.[9][10]"
    },
    {
        "ID":"C0017",
        "Name":"C0017",
        "Description":"DuringC0017,APT41abused named pipe impersonation for privilege escalation.[11]"
    },
    {
        "ID":"S0484",
        "Name":"Carberp",
        "Description":"Carberphas exploited multiple Windows vulnerabilities (CVE-2010-2743, CVE-2010-3338, CVE-2010-4398, CVE-2008-1084) and a .NET Runtime Optimization vulnerability for privilege escalation.[12][13]"
    },
    {
        "ID":"G0080",
        "Name":"Cobalt Group",
        "Description":"Cobalt Grouphas used exploits to increase their levels of rights and privileges.[14]"
    },
    {
        "ID":"S0154",
        "Name":"Cobalt Strike",
        "Description":"Cobalt Strikecan exploit vulnerabilities such as MS14-058.[15][16]"
    },
    {
        "ID":"S0050",
        "Name":"CosmicDuke",
        "Description":"CosmicDukeattempts to exploit privilege escalation vulnerabilities CVE-2010-0232 or CVE-2010-4398.[17]"
    },
    {
        "ID":"S0363",
        "Name":"Empire",
        "Description":"Empirecan exploit vulnerabilities such as MS16-032 and MS16-135.[18]"
    },
    {
        "ID":"G0037",
        "Name":"FIN6",
        "Description":"FIN6has used tools to exploit Windows vulnerabilities in order to escalate privileges. The tools targeted CVE-2013-3660, CVE-2011-2005, and CVE-2010-4398, all of which could allow local users to access kernel-level privileges.[19]"
    },
    {
        "ID":"G0061",
        "Name":"FIN8",
        "Description":"FIN8has exploited the CVE-2016-0167 local vulnerability.[20][21]"
    },
    {
        "ID":"S0601",
        "Name":"Hildegard",
        "Description":"Hildegardhas used the BOtB tool which exploits CVE-2019-5736.[22]"
    },
    {
        "ID":"S0260",
        "Name":"InvisiMole",
        "Description":"InvisiMolehas exploited CVE-2007-5633 vulnerability in the speedfan.sys driver to obtain kernel mode privileges.[1]"
    },
    {
        "ID":"S0044",
        "Name":"JHUHUGIT",
        "Description":"JHUHUGIThas exploited CVE-2015-1701 and CVE-2015-2387 to escalate privileges.[23][24]"
    },
    {
        "ID":"G1004",
        "Name":"LAPSUS$",
        "Description":"LAPSUS$has exploited unpatched vulnerabilities on internally accessible servers including JIRA, GitLab, and Confluence for privilege escalation.[25]"
    },
    {
        "ID":"G1019",
        "Name":"MoustachedBouncer",
        "Description":"MoustachedBouncerhas exploited CVE-2021-1732 to execute malware components with elevated rights.[26]"
    },
    {
        "ID":"S0664",
        "Name":"Pandora",
        "Description":"Pandoracan use CVE-2017-15303 to bypass Windows Driver Signature Enforcement (DSE) protection and load its driver.[27]"
    },
    {
        "ID":"G0068",
        "Name":"PLATINUM",
        "Description":"PLATINUMhas leveraged a zero-day vulnerability to escalate privileges.[28]"
    },
    {
        "ID":"S0378",
        "Name":"PoshC2",
        "Description":"PoshC2contains modules for local privilege escalation exploits such as CVE-2016-9192 and CVE-2016-0099.[29]"
    },
    {
        "ID":"S0654",
        "Name":"ProLock",
        "Description":"ProLockcan use CVE-2019-0859 to escalate privileges on a compromised host.[30]"
    },
    {
        "ID":"S0125",
        "Name":"Remsec",
        "Description":"Remsechas a plugin to drop and execute vulnerable Outpost Sandbox or avast! Virtualization drivers in order to gain kernel mode privileges.[31]"
    },
    {
        "ID":"G1015",
        "Name":"Scattered Spider",
        "Description":"Scattered Spiderhas deployed a malicious kernel driver through exploitation of CVE-2015-2291 in the Intel Ethernet diagnostics driver for Windows (iqvw64.sys).[32]"
    },
    {
        "ID":"S0623",
        "Name":"Siloscape",
        "Description":"Siloscapehas leveraged a vulnerability in Windows containers to perform anEscape to Host.[33]"
    },
    {
        "ID":"S0603",
        "Name":"Stuxnet",
        "Description":"Stuxnetused MS10-073 and an undisclosed Task Scheduler vulnerability to escalate privileges on local Windows machines.[34]"
    },
    {
        "ID":"G0027",
        "Name":"Threat Group-3390",
        "Description":"Threat Group-3390has used CVE-2014-6324 and CVE-2017-0213 to escalate privileges.[35][36]"
    },
    {
        "ID":"G0131",
        "Name":"Tonto Team",
        "Description":"Tonto Teamhas exploited CVE-2019-0803 and MS16-032 to escalate privileges.[37]"
    },
    {
        "ID":"G0010",
        "Name":"Turla",
        "Description":"Turlahas exploited vulnerabilities in the VBoxDrv.sys driver to obtain kernel mode privileges.[2]"
    },
    {
        "ID":"G0107",
        "Name":"Whitefly",
        "Description":"Whiteflyhas used an open-source tool to exploit a known Windows privilege escalation vulnerability (CVE-2016-0051) on unpatched computers.[38]"
    },
    {
        "ID":"S0176",
        "Name":"Wingbird",
        "Description":"Wingbirdexploits CVE-2016-4117 to allow an executable to gain escalated privileges.[39]"
    },
    {
        "ID":"S0658",
        "Name":"XCSSET",
        "Description":"XCSSEThas used a zero-day exploit in the ssh launchdaemon to elevate privileges and bypass SIP.[40]"
    },
    {
        "ID":"G0128",
        "Name":"ZIRCONIUM",
        "Description":"ZIRCONIUMhas exploited CVE-2017-0005 for local privilege escalation.[41]"
    },
    {
        "ID":"S0672",
        "Name":"Zox",
        "Description":"Zoxhas the ability to leverage local and remote exploits to escalate privileges.[42]"
    }
]