[
    {
        "ID":"M1045",
        "Mitigation":"Code Signing",
        "Description":"Enforce execution of only signed PowerShell scripts. Sign profiles to avoid them from being modified."
    },
    {
        "ID":"M1022",
        "Mitigation":"Restrict File and Directory Permissions",
        "Description":"Making PowerShell profiles immutable and only changeable by certain administrators will limit the ability for adversaries to easily create user level persistence."
    },
    {
        "ID":"M1054",
        "Mitigation":"Software Configuration",
        "Description":"Avoid PowerShell profiles if not needed. Use the -No Profile flag with when executing PowerShell scripts remotely to prevent local profiles and scripts from being executed."
    }
]