[
    {
        "ID":"S0482",
        "Name":"Bundlore",
        "Description":"Bundlorecan persist via a LaunchAgent.[9]"
    },
    {
        "ID":"S0274",
        "Name":"Calisto",
        "Description":"Calistoadds a .plist file to the \/Library\/LaunchAgents folder to maintain persistence.[10]"
    },
    {
        "ID":"S0369",
        "Name":"CoinTicker",
        "Description":"CoinTickercreates user launch agents named .espl.plist and com.apple.[random string].plist to establish persistence.[11]"
    },
    {
        "ID":"S0492",
        "Name":"CookieMiner",
        "Description":"CookieMinerhas installed multiple new Launch Agents in order to maintain persistence for cryptocurrency mining software.[12]"
    },
    {
        "ID":"S0235",
        "Name":"CrossRAT",
        "Description":"CrossRATcreates a Launch Agent on macOS.[13]"
    },
    {
        "ID":"S0497",
        "Name":"Dacls",
        "Description":"Daclscan establish persistence via a LaunchAgent.[14][15]"
    },
    {
        "ID":"S0281",
        "Name":"Dok",
        "Description":"Dokinstalls two LaunchAgents to redirect all network traffic with a randomly generated name for each plist file maintaining the formatcom.random.name.plist.[16][17]"
    },
    {
        "ID":"S0277",
        "Name":"FruitFly",
        "Description":"FruitFlypersists via a Launch Agent.[16]"
    },
    {
        "ID":"S0690",
        "Name":"Green Lambert",
        "Description":"Green Lambertcan create aLaunch Agentwith theRunAtLoadkey-value pair set totrue, ensuring thecom.apple.GrowlHelper.plistfile runs every time a user logs in.[18][19]"
    },
    {
        "ID":"S0276",
        "Name":"Keydnap",
        "Description":"Keydnapuses a Launch Agent to persist.[20]"
    },
    {
        "ID":"S0162",
        "Name":"Komplex",
        "Description":"TheKomplextrojan creates a persistent launch agent called with$HOME\/Library\/LaunchAgents\/com.apple.updates.plistwithlaunchctl load -w ~\/Library\/LaunchAgents\/com.apple.updates.plist.[5]"
    },
    {
        "ID":"S1016",
        "Name":"MacMa",
        "Description":"MacMainstalls acom.apple.softwareupdate.plistfile in the\/LaunchAgentsfolder with theRunAtLoadvalue set totrue. Upon user login,MacMais executed from\/var\/root\/.local\/softwareupdatewith root privileges. Some variations also include theLimitLoadToSessionTypekey with the valueAqua, ensuring theMacMaonly runs when there is a logged in GUI user.[21][22]"
    },
    {
        "ID":"S1048",
        "Name":"macOS.OSAMiner",
        "Description":"macOS.OSAMinerhas placed aStripped Payloadswith aplistextension in theLaunch Agent's folder.[23]"
    },
    {
        "ID":"S0282",
        "Name":"MacSpy",
        "Description":"MacSpypersists via a Launch Agent.[16]"
    },
    {
        "ID":"S0198",
        "Name":"NETWIRE",
        "Description":"NETWIREcan use launch agents for persistence.[24]"
    },
    {
        "ID":"S0352",
        "Name":"OSX_OCEANLOTUS.D",
        "Description":"OSX_OCEANLOTUS.Dcan create a persistence file in the folder\/Library\/LaunchAgents.[25][26]"
    },
    {
        "ID":"S0279",
        "Name":"Proton",
        "Description":"Protonpersists via Launch Agent.[16]"
    },
    {
        "ID":"S0595",
        "Name":"ThiefQuest",
        "Description":"ThiefQuestinstalls a launch item using an embedded encrypted launch agent property list template. The plist file is installed in the~\/Library\/LaunchAgents\/folder and configured with the path to the persistent binary located in the~\/Library\/folder.[27]"
    }
]