[
    {
        "ID":"DS0017",
        "Data Source":"Command",
        "Data Component":"Command Execution",
        "Detects":"Monitor executed commands and arguments of .scr files."
    },
    {
        "ID":"DS0022",
        "Data Source":"File",
        "Data Component":"File Creation",
        "Detects":"Monitor newly constructed files that may establish persistence by executing malicious content triggered by user inactivity.Analytic 1 - Created on disk that are being used as Screensaver files(source=\"WinEventLog:Microsoft-Windows-Sysmon\/Operational\" EventCode=\"11\") TargetObject=\"\\Software\\Policies\\Microsoft\\Windows\\Control Panel\\Desktop\\SCRNSAVE.EXE\""
    },
    {
        "ID":"",
        "Data Source":"",
        "Data Component":"File Modification",
        "Detects":"Monitor for changes made to files that may establish persistence by executing malicious content triggered by user inactivity.Note: Although there are no standard events for file modification, Windows Event ID 4663 (An Attempt Was Made to Access An Object) can be used to alert on attempted accesses of screensaver files (typically ending in a file extension of .scr)."
    },
    {
        "ID":"DS0009",
        "Data Source":"Process",
        "Data Component":"Process Creation",
        "Detects":"Monitor newly executed processes that may establish persistence by executing malicious content triggered by user inactivity.Analytic 1 - HKCU\\Control Panel\\Desktop registry key(source=\"WinEventLog:Microsoft-Windows-Sysmon\/Operational\" EventCode=\"1\") OR (source=\"WinEventLog:Security\" EventCode=\"4688\") | where CommandLine LIKE \"%reg%\" AND CommandLine LIKE \"%add%\" AND CommandLine LIKE \"%HKCU\\Control Panel\\Desktop\\%\""
    },
    {
        "ID":"DS0024",
        "Data Source":"Windows Registry",
        "Data Component":"Windows Registry Key Modification",
        "Detects":"Monitor changes to screensaver configuration changes in the Registry that may not correlate with typical user behavior. Tools such as Sysinternals Autoruns can be used to detect changes to the screensaver binary path in the Registry. Default screen saver files are stored in C:\\Windows\\System32. Use these files as a reference when defining list of not suspicious screen saver files.Analytic 1 - Registry Edit from Screensaversource=\"WinEventLog:Microsoft-Windows-Sysmon\/Operational\" EventCode IN (13, 14) TargetObject=\"\\Software\\Policies\\Microsoft\\Windows\\Control Panel\\Desktop\\SCRNSAVE.EXE\""
    }
]