[
    {
        "ID":"DS0017",
        "Data Source":"Command",
        "Data Component":"Command Execution",
        "Detects":"Monitor executed commands and arguments that may attempt to exfiltrate data via a physical medium, such as a removable drive."
    },
    {
        "ID":"DS0016",
        "Data Source":"Drive",
        "Data Component":"Drive Creation",
        "Detects":"Monitor for newly assigned drive letters or mount points to a data storage device that may attempt to exfiltrate data via a physical medium, such as a removable drive."
    },
    {
        "ID":"DS0022",
        "Data Source":"File",
        "Data Component":"File Access",
        "Detects":"Monitor file access on removable media that may attempt to exfiltrate data via a physical medium, such as a removable drive."
    },
    {
        "ID":"DS0009",
        "Data Source":"Process",
        "Data Component":"Process Creation",
        "Detects":"Monitor for newly executed processes when removable media is mounted."
    }
]