[
    {
        "ID":"S0622",
        "Name":"AppleSeed",
        "Description":"AppleSeedhas divided files if the size is 0x1000000 bytes or more.[1]"
    },
    {
        "ID":"G0007",
        "Name":"APT28",
        "Description":"APT28has split archived exfiltration files into chunks smaller than 1MB.[2]"
    },
    {
        "ID":"G0096",
        "Name":"APT41",
        "Description":"APT41transfers post-exploitation files dividing the payload into fixed-size chunks to evade detection.[3]"
    },
    {
        "ID":"C0015",
        "Name":"C0015",
        "Description":"DuringC0015, the threat actors limitedRclone's bandwidth setting during exfiltration.[4]"
    },
    {
        "ID":"C0026",
        "Name":"C0026",
        "Description":"DuringC0026, the threat actors split encrypted archives containing stolen files and information into 3MB parts prior to exfiltration.[5]"
    },
    {
        "ID":"S0030",
        "Name":"Carbanak",
        "Description":"Carbanakexfiltrates data in compressed chunks if a message is larger than 4096 bytes .[6]"
    },
    {
        "ID":"S0154",
        "Name":"Cobalt Strike",
        "Description":"Cobalt Strikewill break large data sets into smaller chunks for exfiltration.[7]"
    },
    {
        "ID":"S0170",
        "Name":"Helminth",
        "Description":"Helminthsplits data into chunks up to 23 bytes and sends the data in DNS queries to its C2 server.[8]"
    },
    {
        "ID":"S0487",
        "Name":"Kessel",
        "Description":"Kesselcan split the data to be exilftrated into chunks that will fit in subdomains of DNS queries.[9]"
    },
    {
        "ID":"S1020",
        "Name":"Kevin",
        "Description":"Kevincan exfiltrate data to the C2 server in 27-character chunks.[10]"
    },
    {
        "ID":"G1014",
        "Name":"LuminousMoth",
        "Description":"LuminousMothhas split archived files into multiple parts to bypass a 5MB limit.[11]"
    },
    {
        "ID":"S0699",
        "Name":"Mythic",
        "Description":"Mythicsupports custom chunk sizes used to upload\/download files.[12]"
    },
    {
        "ID":"S0644",
        "Name":"ObliqueRAT",
        "Description":"ObliqueRATcan break large files of interest into smaller chunks to prepare them for exfiltration.[13]"
    },
    {
        "ID":"S0264",
        "Name":"OopsIE",
        "Description":"OopsIEexfiltrates command output and collected files to its C2 server in 1500-byte blocks.[14]"
    },
    {
        "ID":"S0150",
        "Name":"POSHSPY",
        "Description":"POSHSPYuploads data in 2048-byte chunks.[15]"
    },
    {
        "ID":"S1040",
        "Name":"Rclone",
        "Description":"TheRclone\"chunker\" overlay supports splitting large files in smaller chunks during upload to circumvent size limits.[16][4]"
    },
    {
        "ID":"S0495",
        "Name":"RDAT",
        "Description":"RDATcan upload a file via HTTP POST response to the C2 split into 102,400-byte portions.RDATcan also download data from the C2 which is split into 81,920-byte portions.[17]"
    },
    {
        "ID":"G0027",
        "Name":"Threat Group-3390",
        "Description":"Threat Group-3390actors have split RAR files for exfiltration into parts.[18]"
    }
]