[
    {
        "ID":"M1051",
        "Mitigation":"Update Software",
        "Description":"Microsoft released an optional patch update - KB3045645 - that will remove the \"auto-elevate\" flag within the sdbinst.exe. This will prevent use of application shimming to bypass UAC."
    },
    {
        "ID":"M1052",
        "Mitigation":"User Account Control",
        "Description":"Changing UAC settings to \"Always Notify\" will give the user more visibility when UAC elevation is requested, however, this option will not be popular among users due to the constant UAC interruptions."
    }
]