[
    {
        "ID":"DS0015",
        "Data Source":"Application Log",
        "Data Component":"Application Log Content",
        "Detects":"Monitor cloud-based file hosting services, such as Google Drive and Microsoft OneDrive, for unusual instances of file downloads – for example, many downloads by a single user in a short period of time. In environments with high-maturity, it may be possible to leverage User-Behavioral Analytics (UBA) platforms to detect and alert on user-based anomalies. Additionally, data loss prevention policies can be defined to detect and alert on exfiltration events on particularly sensitive data."
    },
    {
        "ID":"DS0010",
        "Data Source":"Cloud Storage",
        "Data Component":"Cloud Storage Access",
        "Detects":"Monitor for unusual queries to the cloud provider's storage service. Activity originating from unexpected sources may indicate improper permissions are set and are allowing access to data. Additionally, detecting failed attempts by a user for a certain object, followed by escalation of privileges by the same user, and access to the same object may be an indication of suspicious activity."
    },
    {
        "ID":"DS0017",
        "Data Source":"Command",
        "Data Component":"Command Execution",
        "Detects":"Monitor executed commands and arguments that may steal data by exfiltrating it over a different protocol than that of the existing command and control channel."
    },
    {
        "ID":"DS0022",
        "Data Source":"File",
        "Data Component":"File Access",
        "Detects":"Monitor for suspicious files (i.e. .pdf, .docx, .jpg, etc.) viewed in isolation that may steal data by exfiltrating it over a different protocol than that of the existing command and control channel."
    },
    {
        "ID":"DS0029",
        "Data Source":"Network Traffic",
        "Data Component":"Network Connection Creation",
        "Detects":"Monitor for newly constructed network connections that are sent or received by untrusted hosts."
    },
    {
        "ID":"",
        "Data Source":"",
        "Data Component":"Network Traffic Content",
        "Detects":"Monitor and analyze traffic patterns and packet inspection associated to protocol(s) that do not follow the expected protocol standards and traffic flows (e.g extraneous packets that do not belong to established flows, gratuitous or anomalous traffic patterns, anomalous syntax, or structure). Consider correlation with process monitoring and command line to detect anomalous processes execution and command line arguments associated to traffic patterns (e.g. monitor anomalies in use of files that do not normally initiate connections for respective protocol(s))."
    },
    {
        "ID":"",
        "Data Source":"",
        "Data Component":"Network Traffic Flow",
        "Detects":"Monitor network data for uncommon data flows. Processes utilizing the network that do not normally have network communication or have never been seen before are suspicious."
    }
]