[
    {
        "ID":"G0096",
        "Name":"APT41",
        "Description":"APT41has encrypted payloads using the Data Protection API (DPAPI), which relies on keys tied to specific user accounts on specific machines.APT41has also environmentally keyed second stage malware with an RC5 key derived in part from the infected system's volume serial number.[8]"
    },
    {
        "ID":"G0020",
        "Name":"Equation",
        "Description":"Equationhas been observed utilizing environmental keying in payload delivery.[2][9]"
    },
    {
        "ID":"S0260",
        "Name":"InvisiMole",
        "Description":"InvisiMolecan use Data Protection API to encrypt its components on the victim’s computer, to evade detection, and to make sure the payload can only be decrypted and loaded on one specific compromised computer.[10]"
    },
    {
        "ID":"S1100",
        "Name":"Ninja",
        "Description":"Ninjacan store its final payload in the Registry under$HKLM\\SOFTWARE\\Classes\\Interface\\encrypted with a dynamically generated key based on the drive’s serial number.[11]"
    },
    {
        "ID":"S0685",
        "Name":"PowerPunch",
        "Description":"PowerPunchcan use the volume serial number from a target host to generate a unique XOR key for the next stage payload.[12]"
    },
    {
        "ID":"S0240",
        "Name":"ROKRAT",
        "Description":"ROKRATrelies on a specific victim hostname to execute and decrypt important strings.[13]"
    },
    {
        "ID":"S0141",
        "Name":"Winnti for Windows",
        "Description":"TheWinnti for Windowsdropper component can verify the existence of a single command line parameter and either terminate if it is not found or later use it as a decryption key.[14]"
    }
]