[
    {
        "ID":"M1042",
        "Mitigation":"Disable or Remove Feature or Program",
        "Description":"Disable the WinRM service."
    },
    {
        "ID":"M1030",
        "Mitigation":"Network Segmentation",
        "Description":"If the service is necessary, lock down critical enclaves with separate WinRM infrastructure and follow WinRM best practices on use of host firewalls to restrict WinRM access to allow communication only to\/from specific devices.[13]"
    },
    {
        "ID":"M1026",
        "Mitigation":"Privileged Account Management",
        "Description":"If the service is necessary, lock down critical enclaves with separate WinRM accounts and permissions."
    }
]