[
    {
        "ID":"S0202",
        "Name":"adbupd",
        "Description":"adbupdcontains a copy of the OpenSSL library to encrypt C2 traffic.[1]"
    },
    {
        "ID":"S0045",
        "Name":"ADVSTORESHELL",
        "Description":"A variant ofADVSTORESHELLencrypts some C2 with RSA.[2]"
    },
    {
        "ID":"S0438",
        "Name":"Attor",
        "Description":"Attor's Blowfish key is encrypted with a public RSA key.[3]"
    },
    {
        "ID":"S1081",
        "Name":"BADHATCH",
        "Description":"BADHATCHcan beacon to a hardcoded C2 IP address using TLS encryption every 5 minutes.[4]"
    },
    {
        "ID":"S0534",
        "Name":"Bazar",
        "Description":"Bazarcan use TLS in C2 communications.[5]"
    },
    {
        "ID":"S0017",
        "Name":"BISCUIT",
        "Description":"BISCUITuses SSL for encrypting C2 communications.[6]"
    },
    {
        "ID":"C0021",
        "Name":"C0021",
        "Description":"DuringC0021, the threat actors used SSL via TCP port 443 for C2 communications.[7]"
    },
    {
        "ID":"S0335",
        "Name":"Carbon",
        "Description":"Carbonhas used RSA encryption for C2 communications.[8]"
    },
    {
        "ID":"S0023",
        "Name":"CHOPSTICK",
        "Description":"CHOPSTICKencrypts C2 communications with TLS.[9]"
    },
    {
        "ID":"S1105",
        "Name":"COATHANGER",
        "Description":"COATHANGERconnects to command and control infrastructure using SSL.[10]"
    },
    {
        "ID":"G0080",
        "Name":"Cobalt Group",
        "Description":"Cobalt Grouphas used the Plink utility to create SSH tunnels.[11]"
    },
    {
        "ID":"S0154",
        "Name":"Cobalt Strike",
        "Description":"Cobalt Strikecan use RSA asymmetric encryption with PKCS1 padding to encrypt data sent to the C2 server.[12]"
    },
    {
        "ID":"S0126",
        "Name":"ComRAT",
        "Description":"ComRATcan use SSL\/TLS encryption for its HTTP-based C2 channel.ComRAThas used public key cryptography with RSA and AES encrypted email attachments for its Gmail C2 channel.[13][14]"
    },
    {
        "ID":"S0687",
        "Name":"Cyclops Blink",
        "Description":"Cyclops Blinkcan encrypt C2 messages with AES-256-CBC sent underneath TLS. OpenSSL library functions are also used to encrypt each message using a randomly generated key and IV, which are then encrypted using a hard-coded RSA public key.[15]"
    },
    {
        "ID":"S0673",
        "Name":"DarkWatchman",
        "Description":"DarkWatchmancan use TLS to encrypt its C2 channel.[16]"
    },
    {
        "ID":"S0600",
        "Name":"Doki",
        "Description":"Dokihas used the embedTLS library for network communications.[17]"
    },
    {
        "ID":"S0384",
        "Name":"Dridex",
        "Description":"Dridexhas encrypted traffic with RSA.[18]"
    },
    {
        "ID":"S0367",
        "Name":"Emotet",
        "Description":"Emotetis known to use RSA keys for encrypting C2 traffic.[19]"
    },
    {
        "ID":"S0363",
        "Name":"Empire",
        "Description":"Empirecan use TLS to encrypt its C2 channel.[20]"
    },
    {
        "ID":"G0037",
        "Name":"FIN6",
        "Description":"FIN6used the Plink command-line utility to create SSH tunnels to C2 servers.[21]"
    },
    {
        "ID":"G0061",
        "Name":"FIN8",
        "Description":"FIN8has used the Plink utility to tunnel RDP back to C2 infrastructure.[22]"
    },
    {
        "ID":"S0168",
        "Name":"Gazer",
        "Description":"Gazeruses custom encryption for C2 that uses RSA.[23][24]"
    },
    {
        "ID":"S0588",
        "Name":"GoldMax",
        "Description":"GoldMaxhas RSA-encrypted its communication with the C2 server.[25]"
    },
    {
        "ID":"S0531",
        "Name":"Grandoreiro",
        "Description":"Grandoreirocan use SSL in C2 communication.[26]"
    },
    {
        "ID":"S0342",
        "Name":"GreyEnergy",
        "Description":"GreyEnergyencrypts communications using RSA-2048.[27]"
    },
    {
        "ID":"S0632",
        "Name":"GrimAgent",
        "Description":"GrimAgentcan use a hardcoded server public RSA key to encrypt the first request to C2.[28]"
    },
    {
        "ID":"S0087",
        "Name":"Hi-Zor",
        "Description":"Hi-Zorencrypts C2 traffic with TLS.[29]"
    },
    {
        "ID":"S0483",
        "Name":"IcedID",
        "Description":"IcedIDhas used SSL and TLS in communications with C2.[30][31]"
    },
    {
        "ID":"S1051",
        "Name":"KEYPLUG",
        "Description":"KEYPLUGcan use TLS-encrypted WebSocket Protocol (WSS) for C2.[32]"
    },
    {
        "ID":"S0250",
        "Name":"Koadic",
        "Description":"Koadiccan use SSL and TLS for communications.[33]"
    },
    {
        "ID":"S0641",
        "Name":"Kobalos",
        "Description":"Kobalos's authentication and key exchange is performed using RSA-512.[34][35]"
    },
    {
        "ID":"S1121",
        "Name":"LITTLELAMB.WOOLTEA",
        "Description":"LITTLELAMB.WOOLTEAcan communicate over SSL using the private key from the Ivanti Connect Secure web server.[36]"
    },
    {
        "ID":"S0409",
        "Name":"Machete",
        "Description":"Machetehas used TLS-encrypted FTP to exfiltrate data.[37]"
    },
    {
        "ID":"S0455",
        "Name":"Metamorfo",
        "Description":"Metamorfo's C2 communication has been encrypted using OpenSSL.[38]"
    },
    {
        "ID":"S1122",
        "Name":"Mispadu",
        "Description":"Mispaducontains a copy of the OpenSSL library to encrypt C2 traffic.[39]"
    },
    {
        "ID":"S0699",
        "Name":"Mythic",
        "Description":"Mythicsupports SSL encrypted C2.[40]"
    },
    {
        "ID":"G0049",
        "Name":"OilRig",
        "Description":"OilRigused the Plink utility and other tools to create tunnels to C2 servers.[41]"
    },
    {
        "ID":"C0014",
        "Name":"Operation Wocao",
        "Description":"DuringOperation Wocao, threat actors' proxy implementation \"Agent\" upgraded the socket in use to a TLS socket.[42]"
    },
    {
        "ID":"S0556",
        "Name":"Pay2Key",
        "Description":"Pay2Keyhas used RSA encrypted communications with C2.[43]"
    },
    {
        "ID":"S0587",
        "Name":"Penquin",
        "Description":"Penquincan encrypt communications using the BlowFish algorithm and a symmetric key exchanged with Diffie Hellman.[44]"
    },
    {
        "ID":"S1123",
        "Name":"PITSTOP",
        "Description":"PITSTOPhas the ability to communicate over TLS.[36]"
    },
    {
        "ID":"S0428",
        "Name":"PoetRAT",
        "Description":"PoetRATused TLS to encrypt command and control (C2) communications.[45]"
    },
    {
        "ID":"S0150",
        "Name":"POSHSPY",
        "Description":"POSHSPYencrypts C2 traffic with AES and RSA.[46]"
    },
    {
        "ID":"S0223",
        "Name":"POWERSTATS",
        "Description":"POWERSTATShas encrypted C2 traffic with RSA.[47]"
    },
    {
        "ID":"S0192",
        "Name":"Pupy",
        "Description":"Pupy's default encryption for its C2 communication channel is SSL, but it also has transport options for RSA and AES.[48]"
    },
    {
        "ID":"S0496",
        "Name":"REvil",
        "Description":"REvilhas encrypted C2 communications with the ECIES algorithm.[49]"
    },
    {
        "ID":"S0448",
        "Name":"Rising Sun",
        "Description":"Rising Sunvariants can use SSL for encrypting C2 communications.[50]"
    },
    {
        "ID":"S1085",
        "Name":"Sardonic",
        "Description":"Sardonichas the ability to send a random 64-byte RC4 key to communicate with actor-controlled C2 servers by using an RSA public key.[51]"
    },
    {
        "ID":"S0382",
        "Name":"ServHelper",
        "Description":"ServHelpermay set up a reverse SSH tunnel to give the attacker access to services running on the victim, such as RDP.[52]"
    },
    {
        "ID":"S0633",
        "Name":"Sliver",
        "Description":"Slivercan use mutual TLS and RSA  cryptography to exchange a session key.[53][54][55]"
    },
    {
        "ID":"S1035",
        "Name":"Small Sieve",
        "Description":"Small Sievecan use SSL\/TLS for its HTTPS Telegram Bot API-based C2 channel.[56]"
    },
    {
        "ID":"S0627",
        "Name":"SodaMaster",
        "Description":"SodaMastercan use a hardcoded RSA key to encrypt some of its C2 traffic.[57]"
    },
    {
        "ID":"S0615",
        "Name":"SombRAT",
        "Description":"SombRATcan SSL encrypt C2 traffic.[58][59][60]"
    },
    {
        "ID":"S0491",
        "Name":"StrongPity",
        "Description":"StrongPityhas encrypted C2 traffic using SSL\/TLS.[61]"
    },
    {
        "ID":"S0018",
        "Name":"Sykipot",
        "Description":"Sykipotuses SSL for encrypting C2 communications.[62]"
    },
    {
        "ID":"G1018",
        "Name":"TA2541",
        "Description":"TA2541has used TLS encrypted C2 communications including for campaigns using AsyncRAT.[63]"
    },
    {
        "ID":"S0668",
        "Name":"TinyTurla",
        "Description":"TinyTurlahas the ability to encrypt C2 traffic with SSL\/TLS.[64]"
    },
    {
        "ID":"S0183",
        "Name":"Tor",
        "Description":"Torencapsulates traffic in multiple layers of encryption, using TLS by default.[65]"
    },
    {
        "ID":"S0094",
        "Name":"Trojan.Karagany",
        "Description":"Trojan.Karaganycan secure C2 communications with SSL and TLS.[66]"
    },
    {
        "ID":"G0081",
        "Name":"Tropic Trooper",
        "Description":"Tropic Trooperhas used SSL to connect to C2 servers.[67][68]"
    },
    {
        "ID":"S0022",
        "Name":"Uroburos",
        "Description":"Uroburoshas used a combination of a Diffie-Hellman key exchange mixed with a pre-shared key (PSK) to encrypt its top layer of C2 communications.[69]"
    },
    {
        "ID":"S0180",
        "Name":"Volgmer",
        "Description":"SomeVolgmervariants use SSL to encrypt C2 communications.[70]"
    },
    {
        "ID":"S0366",
        "Name":"WannaCry",
        "Description":"WannaCryusesTorfor command and control traffic and routes a custom cryptographic protocol over theTorcircuit.[71]"
    },
    {
        "ID":"S0515",
        "Name":"WellMail",
        "Description":"WellMailcan use hard coded client and certificate authority certificates to communicate with C2 over mutual TLS.[72][73]"
    },
    {
        "ID":"S0514",
        "Name":"WellMess",
        "Description":"WellMesscan communicate to C2 with mutual TLS where client and server mutually check certificates.[74][75][76][73]"
    },
    {
        "ID":"S1065",
        "Name":"Woody RAT",
        "Description":"Woody RATcan use RSA-4096 to encrypt data sent to its C2 server.[77]"
    },
    {
        "ID":"S0117",
        "Name":"XTunnel",
        "Description":"XTunneluses SSL\/TLS and RC4 to encrypt traffic.[78][9]"
    },
    {
        "ID":"S0251",
        "Name":"Zebrocy",
        "Description":"Zebrocyuses SSL and AES ECB for encrypting C2 communications.[79][80][81]"
    }
]