[
    {
        "ID":"M1038",
        "Mitigation":"Execution Prevention",
        "Description":"Adversaries can install new AppInit DLLs binaries to execute this technique. Identify and block potentially malicious software executed through AppInit DLLs functionality by using application control[8]tools, like Windows Defender Application Control[9], AppLocker,[10][11]or Software Restriction Policies[12]where appropriate.[13]"
    },
    {
        "ID":"M1051",
        "Mitigation":"Update Software",
        "Description":"Upgrade to Windows 8 or later and enable secure boot."
    }
]