[
    {
        "ID":"DS0017",
        "Data Source":"Command",
        "Data Component":"Command Execution",
        "Detects":"Monitor executed commands and arguments that may establish persistence and\/or elevate privileges by executing malicious content triggered by Image File Execution Options (IFEO) debuggers."
    },
    {
        "ID":"DS0009",
        "Data Source":"Process",
        "Data Component":"Process Creation",
        "Detects":"Monitor for abnormal usage of the GFlags tool as well as common processes spawned under abnormal parents and\/or with creation flags indicative of debugging such asDEBUG_PROCESSandDEBUG_ONLY_THIS_PROCESS.[1]"
    },
    {
        "ID":"DS0024",
        "Data Source":"Windows Registry",
        "Data Component":"Windows Registry Key Modification",
        "Detects":"Monitor Registry values associated with IFEOs, as well as silent process exit monitoring, for modifications that do not correlate with known software, patch cycles, etc."
    }
]