[
    {
        "ID":"DS0022",
        "Data Source":"File",
        "Data Component":"File Creation",
        "Detects":"Monitor for newly constructed files in order to manipulate external outcomes or hide activity"
    },
    {
        "ID":"",
        "Data Source":"",
        "Data Component":"File Deletion",
        "Detects":"Monitor for unexpected deletion of a file in order to manipulate external outcomes or hide activity"
    },
    {
        "ID":"",
        "Data Source":"",
        "Data Component":"File Metadata",
        "Detects":"Monitor for contextual data about a file, which may include information such as name, the content (ex: signature, headers, or data\/media), user\/owner, permissions, etc that would aid in the manipulation of data to hide activity"
    },
    {
        "ID":"",
        "Data Source":"",
        "Data Component":"File Modification",
        "Detects":"Monitor for unexpected files with manipulated data in order to manipulate external outcomes or hide activity"
    },
    {
        "ID":"DS0009",
        "Data Source":"Process",
        "Data Component":"OS API Execution",
        "Detects":"Monitor for API calls associated with altering data. Remote access tools with built-in features may interact directly with the Windows API to gather information."
    }
]