[
    {
        "ID":"S0274",
        "Name":"Calisto",
        "Description":"Calistocollects Keychain storage data and copies those passwords\/tokens to a file.[6][7]"
    },
    {
        "ID":"S0690",
        "Name":"Green Lambert",
        "Description":"Green Lambertcan use Keychain Services API functions to find and collect passwords, such asSecKeychainFindInternetPasswordandSecKeychainItemCopyAttributesAndData.[8][9]"
    },
    {
        "ID":"S0278",
        "Name":"iKitten",
        "Description":"iKittencollects the keychains on the system.[10]"
    },
    {
        "ID":"S0349",
        "Name":"LaZagne",
        "Description":"LaZagnecan obtain credentials from macOS Keychains.[11]"
    },
    {
        "ID":"S1016",
        "Name":"MacMa",
        "Description":"MacMacan dump credentials from the macOS keychain.[12]"
    },
    {
        "ID":"S0279",
        "Name":"Proton",
        "Description":"Protongathers credentials in files for keychains.[10]"
    }
]