[
    {
        "ID":"G0007",
        "Name":"APT28",
        "Description":"APT28has exfiltrated archives of collected data previously staged on a target's OWA server via HTTPS.[1]"
    },
    {
        "ID":"S1040",
        "Name":"Rclone",
        "Description":"Rclonecan exfiltrate data over SFTP or HTTPS via WebDAV.[2]"
    },
    {
        "ID":"C0024",
        "Name":"SolarWinds Compromise",
        "Description":"During theSolarWinds Compromise,APT29exfiltrated collected data over a simple HTTPS request to a password-protected archive staged on a victim's OWA servers.[3]"
    }
]