[
    {
        "ID":"G0016",
        "Name":"APT29",
        "Description":"APT29used Kerberos ticket attacks for lateral movement.[5]"
    },
    {
        "ID":"G0050",
        "Name":"APT32",
        "Description":"APT32successfully gained remote access by using pass the ticket.[6]"
    },
    {
        "ID":"G0060",
        "Name":"BRONZE BUTLER",
        "Description":"BRONZE BUTLERhas created forged Kerberos Ticket Granting Ticket (TGT) and Ticket Granting Service (TGS) tickets to maintain administrative access.[7]"
    },
    {
        "ID":"S0002",
        "Name":"Mimikatz",
        "Description":"Mimikatz’sLSADUMP::DCSyncandKERBEROS::PTTmodules implement the three steps required to extract the krbtgt account hash and create\/use Kerberos tickets.[8][9][10][11]"
    },
    {
        "ID":"S0192",
        "Name":"Pupy",
        "Description":"Pupycan also perform pass-the-ticket.[12]"
    },
    {
        "ID":"S0053",
        "Name":"SeaDuke",
        "Description":"SomeSeaDukesamples have a module to use pass the ticket with Kerberos for authentication.[13]"
    }
]