[
    {
        "ID":"S0092",
        "Name":"Agent.btz",
        "Description":"Agent.btzcreates a file named thumb.dd on all USB flash drives connected to the victim. This file contains information about the infected system and activity logs.[1]"
    },
    {
        "ID":"S0409",
        "Name":"Machete",
        "Description":"Machetehas a feature to copy files from every drive onto a removable drive in a hidden folder.[2][3]"
    },
    {
        "ID":"G0129",
        "Name":"Mustang Panda",
        "Description":"Mustang Pandahas used a customizedPlugXvariant which could exfiltrate documents from air-gapped networks.[4]"
    },
    {
        "ID":"S0125",
        "Name":"Remsec",
        "Description":"Remseccontains a module to move data from airgapped networks to Internet-connected systems by using a removable USB device.[5]"
    },
    {
        "ID":"S0035",
        "Name":"SPACESHIP",
        "Description":"SPACESHIPcopies staged data to removable drives when they are inserted into the system.[6]"
    },
    {
        "ID":"G0081",
        "Name":"Tropic Trooper",
        "Description":"Tropic Trooperhas exfiltrated data using USB storage devices.[7]"
    },
    {
        "ID":"S0136",
        "Name":"USBStealer",
        "Description":"USBStealerexfiltrates collected files via removable media from air-gapped victims.[8]"
    }
]