[
    {
        "ID":"DS0017",
        "Data Source":"Command",
        "Data Component":"Command Execution",
        "Detects":"Monitor executed commands and arguments for suspicious activity listing credentials from the Windows Credentials locker (e.g.vaultcmd \/listcreds:\"Windows Credentials\").[4]"
    },
    {
        "ID":"DS0022",
        "Data Source":"File",
        "Data Component":"File Access",
        "Detects":"Consider monitoring file reads to Vault locations,%Systemdrive%\\Users\\\\[Username]\\AppData\\Local\\Microsoft\\\\[Vault\/Credentials]\\, for suspicious activity.[4]"
    },
    {
        "ID":"DS0009",
        "Data Source":"Process",
        "Data Component":"OS API Execution",
        "Detects":"Consider monitoring API calls such asCredEnumerateAthat may list credentials from the Windows Credential Manager.[5][6]"
    },
    {
        "ID":"",
        "Data Source":"",
        "Data Component":"Process Creation",
        "Detects":"Monitor newly executed processes for suspicious activity listing credentials from the Windows Credentials locker (e.g.vaultcmd \/listcreds:\"Windows Credentials\").[4]"
    }
]