[
    {
        "ID":"M1047",
        "Mitigation":"Audit",
        "Description":"Identify and correct GPO permissions abuse opportunities (ex: GPO modification privileges) using auditing tools such asBloodHound(version 1.5.1 and later)[6]."
    },
    {
        "ID":"M1026",
        "Mitigation":"Privileged Account Management",
        "Description":"Use least privilege and protect administrative access to the Domain Controller and Active Directory Federation Services (AD FS) server. Do not create service accounts with administrative privileges."
    },
    {
        "ID":"M1018",
        "Mitigation":"User Account Management",
        "Description":"Consider implementing WMI and security filtering to further tailor which users and computers a GPO will apply to.[2][7][8]"
    }
]