[
    {
        "ID":"M1047",
        "Mitigation":"Audit",
        "Description":"Consider periodic reviews of accounts and privileges for critical and sensitive code repositories. Scan code repositories for exposed credentials or other sensitive information."
    },
    {
        "ID":"M1032",
        "Mitigation":"Multi-factor Authentication",
        "Description":"Use multi-factor authentication for logons to code repositories."
    },
    {
        "ID":"M1018",
        "Mitigation":"User Account Management",
        "Description":"Enforce the principle of least-privilege. Consider implementing access control mechanisms that include both authentication and authorization for code repositories."
    },
    {
        "ID":"M1017",
        "Mitigation":"User Training",
        "Description":"Develop and publish policies that define acceptable information to be stored in code repositories."
    }
]