[
    {
        "ID":"M1054",
        "Mitigation":"Software Configuration",
        "Description":"Where possible, consider enforcing the use of container services in rootless mode to limit the possibility of privilege escalation or malicious effects on the host running the container."
    },
    {
        "ID":"M1018",
        "Mitigation":"User Account Management",
        "Description":"Limit access to utilities such as docker to only users who have a legitimate need, especially if using docker in rootful mode. In Kubernetes environments, only grant privileges to deploy pods to users that require it."
    }
]