[
    {
        "ID":"DS0032",
        "Data Source":"Container",
        "Data Component":"Container Creation",
        "Detects":"Monitor for the deployment of suspicious or unknown container images and pods in your environment, particularly containers running as root."
    },
    {
        "ID":"DS0008",
        "Data Source":"Kernel",
        "Data Component":"Kernel Module Load",
        "Detects":"Monitor for the installation of kernel modules that could be abused to escape containers on a host."
    },
    {
        "ID":"DS0009",
        "Data Source":"Process",
        "Data Component":"OS API Execution",
        "Detects":"Monitor for unexpected usage of syscalls such asmountthat may indicate an attempt to escape from a privileged container to host."
    },
    {
        "ID":"",
        "Data Source":"",
        "Data Component":"Process Creation",
        "Detects":"Monitor for process activity (such as unexpected processes spawning outside a container and\/or on a host) that might indicate an attempt to escape from a privileged container to host."
    },
    {
        "ID":"DS0034",
        "Data Source":"Volume",
        "Data Component":"Volume Modification",
        "Detects":"Monitor cluster-level (Kubernetes) data and events associated with changing containers' volume configurations."
    }
]