[
    {
        "ID":"DS0017",
        "Data Source":"Command",
        "Data Component":"Command Execution",
        "Detects":"Monitor executed commands and arguments that may attempt to exfiltrate data over a different network medium than the command and control channel"
    },
    {
        "ID":"DS0022",
        "Data Source":"File",
        "Data Component":"File Access",
        "Detects":"Monitor for files being accessed that could be related to exfiltration, such as file reads by a process that also has an active network connection."
    },
    {
        "ID":"DS0029",
        "Data Source":"Network Traffic",
        "Data Component":"Network Connection Creation",
        "Detects":"Monitor for newly constructed network connections that may attempt to exfiltrate data over a different network medium than the command and control channel. Processes utilizing the network that do not normally have network communication or have never been seen before are suspicious.Note: Network Analysis frameworks such as Zeek can be used to capture, decode, and alert on TCP network connection creation. The below analytic is using an event ID from OSQuery."
    },
    {
        "ID":"",
        "Data Source":"",
        "Data Component":"Network Traffic Content",
        "Detects":"Monitor and analyze traffic patterns and packet inspection associated to protocol(s) that do not follow the expected protocol standards and traffic flows (e.g extraneous packets that do not belong to established flows, gratuitous or anomalous traffic patterns, anomalous syntax, or structure). Consider correlation with process monitoring and command line to detect anomalous processes execution and command line arguments associated to traffic patterns (e.g. monitor anomalies in use of files that do not normally initiate connections for respective protocol(s))."
    },
    {
        "ID":"",
        "Data Source":"",
        "Data Component":"Network Traffic Flow",
        "Detects":"Monitor network data for uncommon data flows., such as the usage of abnormal\/unexpected protocols."
    }
]