[
    {
        "ID":"M1040",
        "Mitigation":"Behavior Prevention on Endpoint",
        "Description":"Some endpoint security solutions can be configured to block some types of behaviors related to efforts by an adversary to create backups, such as command execution or preventing API calls to backup related services."
    },
    {
        "ID":"M1018",
        "Mitigation":"User Account Management",
        "Description":"Ensure only accounts required to configure and manage backups have the privileges to do so. Monitor these accounts for unauthorized backup activity."
    }
]