[
    {
        "ID":"M1042",
        "Mitigation":"Disable or Remove Feature or Program",
        "Description":"Disable or block remotely available services that may be unnecessary."
    },
    {
        "ID":"M1035",
        "Mitigation":"Limit Access to Resource Over Network",
        "Description":"Limit access to remote services through centrally managed concentrators such as VPNs and other managed remote access systems."
    },
    {
        "ID":"M1032",
        "Mitigation":"Multi-factor Authentication",
        "Description":"Use strong two-factor or multi-factor authentication for remote service accounts to mitigate an adversary's ability to leverage stolen credentials, but be aware ofMulti-Factor Authentication Interceptiontechniques for some two-factor authentication implementations."
    },
    {
        "ID":"M1030",
        "Mitigation":"Network Segmentation",
        "Description":"Deny direct remote access to internal systems through the use of network proxies, gateways, and firewalls."
    }
]