[
    {
        "ID":"G0007",
        "Name":"APT28",
        "Description":"APT28exploited a Windows SMB Remote Code Execution Vulnerability to conduct lateral movement.[5][6][7]"
    },
    {
        "ID":"S0606",
        "Name":"Bad Rabbit",
        "Description":"Bad Rabbitused the EternalRomance SMB exploit to spread through victim networks.[8]"
    },
    {
        "ID":"S0608",
        "Name":"Conficker",
        "Description":"Confickerexploited the MS08-067 Windows vulnerability for remote code execution through a crafted RPC request.[9]"
    },
    {
        "ID":"G0035",
        "Name":"Dragonfly",
        "Description":"Dragonflyhas exploited a Windows Netlogon vulnerability (CVE-2020-1472) to obtain access to Windows Active Directory servers.[10]"
    },
    {
        "ID":"G1006",
        "Name":"Earth Lusca",
        "Description":"Earth Luscahas usedMimikatzto exploit a domain controller via the ZeroLogon exploit (CVE-2020-1472).[11]"
    },
    {
        "ID":"S0367",
        "Name":"Emotet",
        "Description":"Emotethas been seen exploiting SMB via a vulnerability exploit like EternalBlue (MS17-010) to achieve lateral movement and propagation.[12][13][14][15]"
    },
    {
        "ID":"S0363",
        "Name":"Empire",
        "Description":"Empirehas a limited number of built-in modules for exploiting remote SMB, JBoss, and Jenkins servers.[16]"
    },
    {
        "ID":"G0046",
        "Name":"FIN7",
        "Description":"FIN7has exploited ZeroLogon (CVE-2020-1472) against vulnerable domain controllers.[17]"
    },
    {
        "ID":"S0143",
        "Name":"Flame",
        "Description":"Flamecan use MS10-061 to exploit a print spooler vulnerability in a remote system with a shared printer in order to move laterally.[18][19]"
    },
    {
        "ID":"G0117",
        "Name":"Fox Kitten",
        "Description":"Fox Kittenhas exploited known vulnerabilities in remote services including RDP.[20][21][22]"
    },
    {
        "ID":"S0260",
        "Name":"InvisiMole",
        "Description":"InvisiMolecan spread within a network via the BlueKeep (CVE-2019-0708) and EternalBlue (CVE-2017-0144) vulnerabilities in RDP and SMB respectively.[23]"
    },
    {
        "ID":"S0532",
        "Name":"Lucifer",
        "Description":"Lucifercan exploit multiple vulnerabilities including EternalBlue (CVE-2017-0144) and EternalRomance (CVE-2017-0144).[24]"
    },
    {
        "ID":"G0045",
        "Name":"menuPass",
        "Description":"menuPasshas used tools to exploit the ZeroLogon vulnerability (CVE-2020-1472).[25]"
    },
    {
        "ID":"G0069",
        "Name":"MuddyWater",
        "Description":"MuddyWaterhas exploited the Microsoft Netlogon vulnerability (CVE-2020-1472).[26]"
    },
    {
        "ID":"S0368",
        "Name":"NotPetya",
        "Description":"NotPetyacan use two exploits in SMBv1, EternalBlue and EternalRomance, to spread itself to other remote systems on the network.[27][28][29]"
    },
    {
        "ID":"S0378",
        "Name":"PoshC2",
        "Description":"PoshC2contains a module for exploiting SMB via EternalBlue.[30]"
    },
    {
        "ID":"S0650",
        "Name":"QakBot",
        "Description":"QakBotcan move laterally using worm-like functionality through exploitation of SMB.[31]"
    },
    {
        "ID":"S0603",
        "Name":"Stuxnet",
        "Description":"Stuxnetpropagates using the MS10-061 Print Spooler and MS08-067 Windows Server Service vulnerabilities.[32]"
    },
    {
        "ID":"G0027",
        "Name":"Threat Group-3390",
        "Description":"Threat Group-3390has exploited MS17-010 to move laterally to other systems on the network.[33]"
    },
    {
        "ID":"G0131",
        "Name":"Tonto Team",
        "Description":"Tonto Teamhas used EternalBlue exploits for lateral movement.[34]"
    },
    {
        "ID":"S0266",
        "Name":"TrickBot",
        "Description":"TrickBotutilizes EternalBlue and EternalRomance exploits for lateral movement in the modules wormwinDll, wormDll, mwormDll, nwormDll, tabDll.[35]"
    },
    {
        "ID":"S0366",
        "Name":"WannaCry",
        "Description":"WannaCryuses an exploit in SMBv1 to spread itself to other remote systems on a network.[36][37][38]"
    },
    {
        "ID":"G0102",
        "Name":"Wizard Spider",
        "Description":"Wizard Spiderhas exploited or attempted to exploit Zerologon (CVE-2020-1472) and EternalBlue (MS17-010) vulnerabilities.[39][40][41]"
    }
]