[
    {
        "ID":"DS0022",
        "Data Source":"File",
        "Data Component":"File Creation",
        "Detects":"Monitor for newly constructed files in order to manipulate external outcomes or hide activity"
    },
    {
        "ID":"",
        "Data Source":"",
        "Data Component":"File Deletion",
        "Detects":"Monitor for unexpected deletion of a file in order to manipulate external outcomes or hide activity"
    },
    {
        "ID":"",
        "Data Source":"",
        "Data Component":"File Modification",
        "Detects":"Monitor for unexpected files with manipulated data in order to manipulate external outcomes or hide activity"
    }
]