[
    {
        "ID":"M1026",
        "Mitigation":"Privileged Account Management",
        "Description":"Ensure critical system files as well as those known to be abused by adversaries have restrictive permissions and are owned by an appropriately privileged account, especially if access is not required by users nor will inhibit system functionality."
    },
    {
        "ID":"M1022",
        "Mitigation":"Restrict File and Directory Permissions",
        "Description":"Applying more restrictive permissions to files and directories could prevent adversaries from modifying the access control lists."
    }
]