[
    {
        "ID":"DS0028",
        "Data Source":"Logon Session",
        "Data Component":"Logon Session Creation",
        "Detects":"Monitor for anomalous authentication activity, such as logons or other user session activity associated with unknown accounts and\/or using SAML tokens which do not have corresponding 4769 and 1200 events in the domain.[9]. Monitor for unexpected and abnormal access to resources, including access of websites and cloud-based applications by the same user in different locations or by different systems that do not match expected configurations. These logins may occur on any on-premises resources as well as from any cloud environment that trusts the credentials.[6]"
    },
    {
        "ID":"DS0006",
        "Data Source":"Web Credential",
        "Data Component":"Web Credential Creation",
        "Detects":"Monitor for creation of access tokens using SAML tokens which do not have corresponding 4769 and 1200 events in the domain.[9]Additionally, detect on unusual API calls to generate access tokens, such assts:GetFederationTokenin AWS.[8]"
    },
    {
        "ID":"",
        "Data Source":"",
        "Data Component":"Web Credential Usage",
        "Detects":"Monitor for the use of Access Tokens to access services such as Email that were created using SAML tokens which do not have corresponding 1202 events in the domain.[9]"
    }
]