[
    {
        "ID":"DS0017",
        "Data Source":"Command",
        "Data Component":"Command Execution",
        "Detects":"Monitor abnormal PowerShell commands, unusual loading of PowerShell drives or modules."
    },
    {
        "ID":"DS0022",
        "Data Source":"File",
        "Data Component":"File Creation",
        "Detects":"Locations whereprofile.ps1can be stored should be monitored for new profiles.[4]Example profile locations include:*$PsHome\\Profile.ps1*$PsHome\\Microsoft.{HostProgram}_profile.ps1*$Home\\My Documents\\PowerShell\\Profile.ps1*$Home\\My Documents\\PowerShell\\Microsoft.{HostProgram}_profile.ps1"
    },
    {
        "ID":"",
        "Data Source":"",
        "Data Component":"File Modification",
        "Detects":"Locations whereprofile.ps1can be stored should be monitored for modifications.[4]Example profile locations include:*$PsHome\\Profile.ps1*$PsHome\\Microsoft.{HostProgram}_profile.ps1*$Home\\My Documents\\PowerShell\\Profile.ps1*$Home\\My Documents\\PowerShell\\Microsoft.{HostProgram}_profile.ps1"
    },
    {
        "ID":"DS0009",
        "Data Source":"Process",
        "Data Component":"Process Creation",
        "Detects":"Monitor newly executed processes that may gain persistence and elevate privileges by executing malicious content triggered by PowerShell profiles."
    }
]