[
    {
        "ID":"G0006",
        "Name":"APT1",
        "Description":"APT1has created email accounts for later use in social engineering, phishing, and when registering domains.[1]"
    },
    {
        "ID":"G1011",
        "Name":"EXOTIC LILY",
        "Description":"EXOTIC LILYhas created e-mail accounts to spoof targeted organizations.[4]"
    },
    {
        "ID":"C0007",
        "Name":"FunnyDream",
        "Description":"ForFunnyDream, the threat actors likely established an identified email account to register a variety of domains that were used during the campaign.[5]"
    },
    {
        "ID":"G1001",
        "Name":"HEXANE",
        "Description":"HEXANEhas established email accounts for use in domain registration including for ProtonMail addresses.[6]"
    },
    {
        "ID":"G0119",
        "Name":"Indrik Spider",
        "Description":"Indrik Spiderhas created email accounts to communicate with their ransomware victims, to include providing payment and decryption details.[7]"
    },
    {
        "ID":"G0094",
        "Name":"Kimsuky",
        "Description":"Kimsukyhas created email accounts for phishing operations.[8]"
    },
    {
        "ID":"G0032",
        "Name":"Lazarus Group",
        "Description":"Lazarus Grouphas created new email accounts for spearphishing operations.[9]"
    },
    {
        "ID":"G0065",
        "Name":"Leviathan",
        "Description":"Leviathanhas created new email accounts for targeting efforts.[10]"
    },
    {
        "ID":"G0059",
        "Name":"Magic Hound",
        "Description":"Magic Houndhas established email accounts using fake personas for spearphishing operations.[11][12]"
    },
    {
        "ID":"G0129",
        "Name":"Mustang Panda",
        "Description":"Mustang Pandahas leveraged the legitimate email marketing service SMTP2Go for phishing campaigns.[13]"
    },
    {
        "ID":"C0022",
        "Name":"Operation Dream Job",
        "Description":"DuringOperation Dream Job,Lazarus Groupcreated fake email accounts to correspond with fake LinkedIn personas;Lazarus Groupalso established email accounts to match those of the victim as part of their BEC attempt.[14]"
    },
    {
        "ID":"C0016",
        "Name":"Operation Dust Storm",
        "Description":"ForOperation Dust Storm, the threat actors established email addresses to register domains for their operations.[15]"
    },
    {
        "ID":"C0006",
        "Name":"Operation Honeybee",
        "Description":"DuringOperation Honeybee, attackers created email addresses to register for a free account for a control server used for the implants.[16]"
    },
    {
        "ID":"C0014",
        "Name":"Operation Wocao",
        "Description":"ForOperation Wocao, the threat actors registered email accounts to use during the campaign.[17]"
    },
    {
        "ID":"G0034",
        "Name":"Sandworm Team",
        "Description":"Sandworm Teamhas created email accounts that mimic legitimate organizations for its spearphishing operations.[18]"
    },
    {
        "ID":"G0122",
        "Name":"Silent Librarian",
        "Description":"Silent Librarianhas established e-mail accounts to receive e-mails forwarded from compromised accounts.[19]"
    },
    {
        "ID":"G0102",
        "Name":"Wizard Spider",
        "Description":"Wizard Spiderhas leveraged ProtonMail email addresses in ransom notes when deliveringRyukransomware.[20]"
    }
]