[
    {
        "ID":"DS0017",
        "Data Source":"Command",
        "Data Component":"Command Execution",
        "Detects":"Monitor executed commands and arguments that may establish persistence by executing malicious content triggered by hijacked references to Component Object Model (COM) objects.Note: Event ID 4104 (from the Microsoft-Windows-Powershell\/Operational log) captures Powershell script blocks, which can be analyzed and used to detect on changes to COM registry keys, including HKCU\\Software\\Classes\\CLSID*."
    },
    {
        "ID":"DS0011",
        "Data Source":"Module",
        "Data Component":"Module Load",
        "Detects":"Likewise, if software DLL loads are collected and analyzed, any unusual DLL load that can be correlated with a COM object Registry modification may indicate COM hijacking has been performed."
    },
    {
        "ID":"DS0009",
        "Data Source":"Process",
        "Data Component":"Process Creation",
        "Detects":"Monitor newly executed processes that may establish persistence by executing malicious content triggered by hijacked references to Component Object Model (COM) objects."
    },
    {
        "ID":"DS0024",
        "Data Source":"Windows Registry",
        "Data Component":"Windows Registry Key Modification",
        "Detects":"There are opportunities to detect COM hijacking by searching for Registry references that have been replaced and through Registry operations (ex:Reg) replacing known binary paths with unknown paths or otherwise malicious content. Even though some third-party applications define user COM objects, the presence of objects within HKEY_CURRENT_USER\\Software\\Classes\\CLSID\\ may be anomalous and should be investigated since user objects will be loaded prior to machine objects in HKEY_LOCAL_MACHINE\\SOFTWARE\\Classes\\CLSID.[16]Registry entries for existing COM objects may change infrequently. When an entry with a known good path and binary is replaced or changed to an unusual value to point to an unknown binary in a new location, then it may indicate suspicious behavior and should be investigated.Analytic 1 - Component Object Model Hijackingsource=\"WinEventLog:Microsoft-Windows-Sysmon\/Operational\" EventCode IN (12, 13, 14) TargetObject= \"\\Software\\Classes\\CLSID*\""
    }
]