[
    {
        "ID":"S1070",
        "Name":"Black Basta",
        "Description":"Black Bastahas set the desktop wallpaper on victims' machines to display a ransom note.[3][4][5][6][7][8][9][10][11]"
    },
    {
        "ID":"S1068",
        "Name":"BlackCat",
        "Description":"BlackCatcan change the desktop wallpaper on compromised hosts.[12][13]"
    },
    {
        "ID":"S0659",
        "Name":"Diavol",
        "Description":"After encryption,Diavolwill capture the desktop background window, set the background color to black, and change the desktop wallpaper to a newly created bitmap image with the text \"All your files are encrypted! For more information see \"README-FOR-DECRYPT.txt\".[14]"
    },
    {
        "ID":"G0047",
        "Name":"Gamaredon Group",
        "Description":"Gamaredon Grouphas left taunting images and messages on the victims' desktops as proof of system access.[15]"
    },
    {
        "ID":"G0032",
        "Name":"Lazarus Group",
        "Description":"Lazarus Groupreplaced the background wallpaper of systems with a threatening image after rendering the system unbootable with aDisk Structure Wipe.[2]"
    },
    {
        "ID":"S0688",
        "Name":"Meteor",
        "Description":"Meteorcan change both the desktop wallpaper and the lock screen image to a custom image.[16]"
    }
]