[
    {
        "ID":"M1040",
        "Mitigation":"Behavior Prevention on Endpoint",
        "Description":"On Windows 10, enable Attack Surface Reduction (ASR) rules to prevent malware from abusing WMI to attain persistence.[28]"
    },
    {
        "ID":"M1026",
        "Mitigation":"Privileged Account Management",
        "Description":"Prevent credential overlap across systems of administrator and privileged accounts.[3]"
    },
    {
        "ID":"M1018",
        "Mitigation":"User Account Management",
        "Description":"By default, only administrators are allowed to connect remotely using WMI; restrict other users that are allowed to connect, or disallow all users from connecting remotely to WMI."
    }
]