[
    {
        "ID":"M1031",
        "Mitigation":"Network Intrusion Prevention",
        "Description":"Network intrusion detection and prevention systems that use network signatures to identify traffic for specific adversary malware can be used to mitigate activity at the network level. Malware researchers can reverse engineer malware variants that use DGAs and determine future domains that the malware will attempt to contact, but this is a time and resource intensive effort.[1][32]Malware is also increasingly incorporating seed values that can be unique for each instance, which would then need to be determined to extract future generated domains. In some cases, the seed that a particular sample uses can be extracted from DNS traffic.[5]Even so, there can be thousands of possible domains generated per day; this makes it impractical for defenders to preemptively register all possible C2 domains due to the cost."
    },
    {
        "ID":"M1021",
        "Mitigation":"Restrict Web-Based Content",
        "Description":"In some cases a local DNS sinkhole may be used to help prevent DGA-based command and control at a reduced cost."
    }
]