[
    {
        "ID":"S1063",
        "Name":"Brute Ratel C4",
        "Description":"Brute Ratel C4can use WinRM for pivoting.[4]"
    },
    {
        "ID":"G0114",
        "Name":"Chimera",
        "Description":"Chimerahas used WinRM for lateral movement.[5]"
    },
    {
        "ID":"S0154",
        "Name":"Cobalt Strike",
        "Description":"Cobalt Strikecan useWinRMto execute a payload on a remote host.[6][7]"
    },
    {
        "ID":"G1016",
        "Name":"FIN13",
        "Description":"FIN13has leveragedWMIto move laterally within a compromised network via application servers and SQL servers.[8]"
    },
    {
        "ID":"S0692",
        "Name":"SILENTTRINITY",
        "Description":"SILENTTRINITYtracksTrustedHostsand can move laterally to these targets via WinRM.[9]"
    },
    {
        "ID":"C0024",
        "Name":"SolarWinds Compromise",
        "Description":"During theSolarWinds Compromise,APT29used WinRM via PowerShell to execute commands and payloads on remote hosts.[10]"
    },
    {
        "ID":"G0027",
        "Name":"Threat Group-3390",
        "Description":"Threat Group-3390has used WinRM to enable remote execution.[11]"
    },
    {
        "ID":"G0102",
        "Name":"Wizard Spider",
        "Description":"Wizard Spiderhas used Window Remote Management to move laterally through a victim network.[12]"
    }
]