[
    {
        "ID":"G1007",
        "Name":"Aoqin Dragon",
        "Description":"Aoqin Dragonhas used custom malware, includingMongallandHeyoka Backdoor, in their operations.[6]"
    },
    {
        "ID":"G0016",
        "Name":"APT29",
        "Description":"APT29has used unique malware in many of their operations.[7][8][9][10]"
    },
    {
        "ID":"C0010",
        "Name":"C0010",
        "Description":"ForC0010, UNC3890 actors used unique malware, includingSUGARUSHandSUGARDUMP.[11]"
    },
    {
        "ID":"G0003",
        "Name":"Cleaver",
        "Description":"Cleaverhas created customized tools and payloads for functions including ARP poisoning, encryption, credential dumping, ASP.NET shells, web backdoors, process enumeration, WMI querying, HTTP and SMB communications, network interface sniffing, and keystroke logging.[12]"
    },
    {
        "ID":"C0004",
        "Name":"CostaRicto",
        "Description":"ForCostaRicto, the threat actors used custom malware, includingPS1,CostaBricks, andSombRAT.[13]"
    },
    {
        "ID":"G1016",
        "Name":"FIN13",
        "Description":"FIN13has utilized custom malware to maintain persistence in a compromised environment.[14][15]"
    },
    {
        "ID":"G0046",
        "Name":"FIN7",
        "Description":"FIN7has developed malware for use in operations, including the creation of infected removable media.[4][16]"
    },
    {
        "ID":"G0119",
        "Name":"Indrik Spider",
        "Description":"Indrik Spiderhas developed malware for their operations, including ransomware such asBitPaymerandWastedLocker.[17]"
    },
    {
        "ID":"G0004",
        "Name":"Ke3chang",
        "Description":"Ke3changhas developed custom malware that allowed them to maintain persistence on victim networks.[18]"
    },
    {
        "ID":"G0094",
        "Name":"Kimsuky",
        "Description":"Kimsukyhas developed its own unique malware such as MailFetch.py for use in operations.[19][20]"
    },
    {
        "ID":"G0032",
        "Name":"Lazarus Group",
        "Description":"Lazarus Grouphas developed custom malware for use in their operations.[21][22]"
    },
    {
        "ID":"G1014",
        "Name":"LuminousMoth",
        "Description":"LuminousMothhas used unique malware for information theft and exfiltration.[23][24]"
    },
    {
        "ID":"G1009",
        "Name":"Moses Staff",
        "Description":"Moses Staffhas built malware, such asDCSrvandPyDCrypt, for targeting victims' machines.[25]"
    },
    {
        "ID":"C0022",
        "Name":"Operation Dream Job",
        "Description":"ForOperation Dream Job,Lazarus Groupdeveloped custom tools such as Sumarta, DBLL Dropper,Torisma, andDRATzarusfor their operations.[26][27][28][29]"
    },
    {
        "ID":"C0023",
        "Name":"Operation Ghost",
        "Description":"ForOperation Ghost,APT29used new strains of malware includingFatDuke,MiniDuke,RegDuke, andPolyglotDuke.[30]"
    },
    {
        "ID":"C0013",
        "Name":"Operation Sharpshooter",
        "Description":"ForOperation Sharpshooter, the threat actors used theRising Sunmodular backdoor.[31]"
    },
    {
        "ID":"C0014",
        "Name":"Operation Wocao",
        "Description":"DuringOperation Wocao, threat actors developed their own custom webshells to upload to compromised servers.[32]"
    },
    {
        "ID":"G0034",
        "Name":"Sandworm Team",
        "Description":"Sandworm Teamhas developed malware for its operations, including malicious mobile applications and destructive malware such asNotPetyaandOlympic Destroyer.[33]"
    },
    {
        "ID":"C0024",
        "Name":"SolarWinds Compromise",
        "Description":"For theSolarWinds Compromise,APT29used numerous pieces of malware that were likely developed for or by the group, includingSUNBURST,SUNSPOT,Raindrop, andTEARDROP.[34][35][36]"
    },
    {
        "ID":"G0139",
        "Name":"TeamTNT",
        "Description":"TeamTNThas developed custom malware such asHildegard.[37]"
    },
    {
        "ID":"C0030",
        "Name":"Triton Safety Instrumented System Attack",
        "Description":"In theTriton Safety Instrumented System Attack,TEMP.Velesdeveloped, prior to the attack, malware capabilities that would require access to specific and specialized hardware and software.[38]"
    },
    {
        "ID":"G0010",
        "Name":"Turla",
        "Description":"Turlahas developed its own unique malware for use in operations.[39]"
    }
]