[
    {
        "ID":"G0096",
        "Name":"APT41",
        "Description":"APT41has used DGAs to change their C2 servers monthly.[8]"
    },
    {
        "ID":"S0456",
        "Name":"Aria-body",
        "Description":"Aria-bodyhas the ability to use a DGA for C2 communications.[9]"
    },
    {
        "ID":"S0373",
        "Name":"Astaroth",
        "Description":"Astarothhas used a DGA in C2 communications.[10]"
    },
    {
        "ID":"S0534",
        "Name":"Bazar",
        "Description":"Bazarcan implement DGA using the current date as a seed variable.[11]"
    },
    {
        "ID":"S0360",
        "Name":"BONDUPDATER",
        "Description":"BONDUPDATERuses a DGA to communicate with command and control servers.[12]"
    },
    {
        "ID":"S0222",
        "Name":"CCBkdr",
        "Description":"CCBkdrcan use a DGA forFallback Channelsif communications with the primary command and control server are lost.[4]"
    },
    {
        "ID":"S0023",
        "Name":"CHOPSTICK",
        "Description":"CHOPSTICKcan use a DGA forFallback Channels, domains are generated by concatenating words from lists.[7]"
    },
    {
        "ID":"S0608",
        "Name":"Conficker",
        "Description":"Confickerhas used a DGA that seeds with the current UTC victim system date to generate domains.[13][14]"
    },
    {
        "ID":"S0673",
        "Name":"DarkWatchman",
        "Description":"DarkWatchmanhas used a DGA to generate a domain name for C2.[15]"
    },
    {
        "ID":"S0600",
        "Name":"Doki",
        "Description":"Dokihas used the DynDNS service and a DGA based on the Dogecoin blockchain to generate C2 domains.[16]"
    },
    {
        "ID":"S0377",
        "Name":"Ebury",
        "Description":"Eburyhas used a DGA to generate a domain name for C2.[17][18]"
    },
    {
        "ID":"S0531",
        "Name":"Grandoreiro",
        "Description":"Grandoreirocan use a DGA for hiding C2 addresses, including use of an algorithm with a user-specific key that changes daily.[19][20]"
    },
    {
        "ID":"S1015",
        "Name":"Milan",
        "Description":"Milancan use hardcoded domains as an input for domain generation algorithms.[21]"
    },
    {
        "ID":"S0051",
        "Name":"MiniDuke",
        "Description":"MiniDukecan use DGA to generate new Twitter URLs for C2.[22]"
    },
    {
        "ID":"S0508",
        "Name":"ngrok",
        "Description":"ngrokcan provide DGA for C2 servers through the use of random URL strings that change every 12 hours.[23]"
    },
    {
        "ID":"S0150",
        "Name":"POSHSPY",
        "Description":"POSHSPYuses a DGA to derive command and control URLs from a word list.[6]"
    },
    {
        "ID":"S0650",
        "Name":"QakBot",
        "Description":"QakBotcan use domain generation algorithms in C2 communication.[24]"
    },
    {
        "ID":"S0596",
        "Name":"ShadowPad",
        "Description":"ShadowPaduses a DGA that is based on the day of the month for C2 servers.[25][26][8]"
    },
    {
        "ID":"S1019",
        "Name":"Shark",
        "Description":"Sharkcan send DNS C2 communications using a unique domain generation algorithm.[27][21]"
    },
    {
        "ID":"S0615",
        "Name":"SombRAT",
        "Description":"SombRATcan use a custom DGA to generate a subdomain for C2.[28]"
    },
    {
        "ID":"G0127",
        "Name":"TA551",
        "Description":"TA551has used a DGA to generate URLs from executed macros.[29][30]"
    },
    {
        "ID":"S0386",
        "Name":"Ursnif",
        "Description":"Ursnifhas used a DGA to generate domain names for C2.[31]"
    }
]