[
    {
        "ID":"M1047",
        "Mitigation":"Audit",
        "Description":"Scan images before deployment, and block those that are not in compliance with security policies. In Kubernetes environments, the admission controller can be used to validate images after a container deployment request is authenticated but before the container is deployed.[13]"
    },
    {
        "ID":"M1035",
        "Mitigation":"Limit Access to Resource Over Network",
        "Description":"Limit communications with the container service to managed and secured channels, such as local Unix sockets or remote access via SSH. Require secure port access to communicate with the APIs over TLS by disabling unauthenticated access to the Docker API, Kubernetes API Server, and container orchestration web applications.[14][15]In Kubernetes clusters deployed in cloud environments, use native cloud platform features to restrict the IP ranges that are permitted to access to API server.[16]Where possible, consider enabling just-in-time (JIT) access to the Kubernetes API to place additional restrictions on access.[17]"
    },
    {
        "ID":"M1030",
        "Mitigation":"Network Segmentation",
        "Description":"Deny direct remote access to internal systems through the use of network proxies, gateways, and firewalls."
    },
    {
        "ID":"M1018",
        "Mitigation":"User Account Management",
        "Description":"Enforce the principle of least privilege by limiting container dashboard access to only the necessary users. When using Kubernetes, avoid giving users wildcard permissions or adding users to thesystem:mastersgroup, and useRoleBindingsrather thanClusterRoleBindingsto limit user privileges to specific namespaces.[18]"
    }
]