[
    {
        "ID":"S0677",
        "Name":"AADInternals",
        "Description":"AADInternalscan check for the existence of user email addresses using public Microsoft APIs.[6][7]"
    },
    {
        "ID":"G0050",
        "Name":"APT32",
        "Description":"APT32has collected e-mail addresses for activists and bloggers in order to target them with spyware.[8]"
    },
    {
        "ID":"G1011",
        "Name":"EXOTIC LILY",
        "Description":"EXOTIC LILYhas gathered targeted individuals' e-mail addresses through open source research and website contact forms.[9]"
    },
    {
        "ID":"G0125",
        "Name":"HAFNIUM",
        "Description":"HAFNIUMhas collected e-mail addresses for users they intended to target.[10]"
    },
    {
        "ID":"G1001",
        "Name":"HEXANE",
        "Description":"HEXANEhas targeted executives, human resources staff, and IT personnel for spearphishing.[11][12]"
    },
    {
        "ID":"G0094",
        "Name":"Kimsuky",
        "Description":"Kimsukyhas collected valid email addresses that were subsequently used in spearphishing campaigns.[13]"
    },
    {
        "ID":"G1004",
        "Name":"LAPSUS$",
        "Description":"LAPSUS$has gathered employee email addresses, including personal accounts, for social engineering and initial access efforts.[14]"
    },
    {
        "ID":"G0032",
        "Name":"Lazarus Group",
        "Description":"Lazarus Groupcollected email addresses belonging to various departments of a targeted organization which were used in follow-on phishing campaigns.[15]"
    },
    {
        "ID":"G0059",
        "Name":"Magic Hound",
        "Description":"Magic Houndhas identified high-value email accounts in academia, journalism, NGO's, foreign policy, and national security for targeting.[16][17]"
    },
    {
        "ID":"G0034",
        "Name":"Sandworm Team",
        "Description":"Sandworm Teamhas obtained valid emails addresses while conducting research against target organizations that were subsequently used in spearphishing campaigns.[18]"
    },
    {
        "ID":"G0122",
        "Name":"Silent Librarian",
        "Description":"Silent Librarianhas collected e-mail addresses from targeted organizations from open Internet searches.[19]"
    },
    {
        "ID":"G0127",
        "Name":"TA551",
        "Description":"TA551has used spoofed company emails that were acquired from email clients on previously infected hosts to target other individuals.[20]"
    }
]