[
    {
        "ID":"DS0017",
        "Data Source":"Command",
        "Data Component":"Command Execution",
        "Detects":"Monitor executed commands and arguments for actions that could be taken to gather system and network information, such as nltest \/domain_trusts. Remote access tools with built-in features may interact directly with the Windows API to gather information."
    },
    {
        "ID":"DS0029",
        "Data Source":"Network Traffic",
        "Data Component":"Network Traffic Content",
        "Detects":"Monitor and analyze traffic patterns and packet inspection associated to LDAP and MSRPC that do not follow the expected protocol standards and traffic flows (e.g extraneous packets that do not belong to established flows, gratuitous or anomalous traffic patterns, anomalous syntax, or structure)."
    },
    {
        "ID":"DS0009",
        "Data Source":"Process",
        "Data Component":"OS API Execution",
        "Detects":"Monitor for API calls associated with gathering information on domain trust relationships that may be used to identify lateral movement like DSEnumerateDomainTrusts() Win32 API call to spot activity associated with Domain Trust Discovery.[3]Information may also be acquired through Windows system management tools such as PowerShell. The .NET method GetAllTrustRelationships() can be an indicator of Domain Trust Discovery.[36]"
    },
    {
        "ID":"",
        "Data Source":"",
        "Data Component":"Process Creation",
        "Detects":"Monitor for newly executed processes that may attempt to gather information on domain trust relationships that may be used to identify lateral movement opportunities in Windows multi-domain\/forest environments."
    },
    {
        "ID":"DS0012",
        "Data Source":"Script",
        "Data Component":"Script Execution",
        "Detects":"Monitor for any attempts to enable scripts running on a system would be considered suspicious. If scripts are not commonly used on a system, but enabled, scripts running out of cycle from patching or other administrator functions are suspicious. Scripts should be captured from the file system when possible to determine their actions and intent."
    }
]