[
    {
        "ID":"DS0017",
        "Data Source":"Command",
        "Data Component":"Command Execution",
        "Detects":"Monitor executed commands and arguments for sdbinst.exe for potential indications of application shim abuse."
    },
    {
        "ID":"DS0022",
        "Data Source":"File",
        "Data Component":"File Modification",
        "Detects":"Monitor for changes made to files that may establish persistence and\/or elevate privileges by executing malicious content triggered by application shims."
    },
    {
        "ID":"DS0011",
        "Data Source":"Module",
        "Data Component":"Module Load",
        "Detects":"Monitor DLL loads by processes that load user32.dll and look for DLLs that are not recognized or not normally loaded into a process."
    },
    {
        "ID":"DS0009",
        "Data Source":"Process",
        "Data Component":"Process Creation",
        "Detects":"Monitor newly executed processs for sdbinst.exe for potential indications of application shim abuse. There are several public tools available that will detect shims that are currently available[7]:* Shim-Process-Scanner - checks memory of every running process for any shim flags* Shim-Detector-Lite - detects installation of custom shim databases* Shim-Guard - monitors registry for any shim installations* ShimScanner - forensic tool to find active shims in memory* ShimCacheMem - Volatility plug-in that pulls shim cache from memory (note: shims are only cached after reboot)"
    },
    {
        "ID":"DS0024",
        "Data Source":"Windows Registry",
        "Data Component":"Windows Registry Key Modification",
        "Detects":"Monitor for changes to windows registry keys and\/or values that may establish persistence and\/or elevate privileges by executing malicious content triggered by application shims."
    }
]