[
    {
        "ID":"G0046",
        "Name":"FIN7",
        "Description":"FIN7has used application shim databases for persistence.[3]"
    },
    {
        "ID":"S0517",
        "Name":"Pillowmint",
        "Description":"Pillowminthas used a malicious shim database to maintain persistence.[4]"
    },
    {
        "ID":"S0461",
        "Name":"SDBbot",
        "Description":"SDBbothas the ability to use application shimming for persistence if it detects it is running as admin on Windows XP or 7, by creating a shim database to patch services.exe.[5]"
    },
    {
        "ID":"S0444",
        "Name":"ShimRat",
        "Description":"ShimRathas installed shim databases in theAppPatchfolder.[6]"
    }
]