[
    {
        "ID":"G0006",
        "Name":"APT1",
        "Description":"APT1uses two utilities, GETMAIL and MAPIGET, to steal email. GETMAIL extracts emails from archived Outlook .pst files.[3]"
    },
    {
        "ID":"S0030",
        "Name":"Carbanak",
        "Description":"Carbanaksearches recursively for Outlook personal storage tables (PST) files within user directories and sends them back to the C2 server.[4]"
    },
    {
        "ID":"G0114",
        "Name":"Chimera",
        "Description":"Chimerahas harvested data from victim's e-mail including through execution ofwmic \/node:process call create \"cmd \/c copy c:\\Users\\\\\\backup.pst c:\\windows\\temp\\backup.pst\" copy \"i:\\\\\\My Documents\\.pst\"copy.[5]"
    },
    {
        "ID":"S0050",
        "Name":"CosmicDuke",
        "Description":"CosmicDukesearches for Microsoft Outlook data files with extensions .pst and .ost for collection and exfiltration.[6]"
    },
    {
        "ID":"S0115",
        "Name":"Crimson",
        "Description":"Crimsoncontains a command to collect and exfiltrate emails from Outlook.[7]"
    },
    {
        "ID":"S0367",
        "Name":"Emotet",
        "Description":"Emotethas been observed leveraging a module that scrapes email data from Outlook.[8]"
    },
    {
        "ID":"S0363",
        "Name":"Empire",
        "Description":"Empirehas the ability to collect emails on a target system.[9]"
    },
    {
        "ID":"S0526",
        "Name":"KGH_SPY",
        "Description":"KGH_SPYcan harvest data from mail clients.[10]"
    },
    {
        "ID":"G0059",
        "Name":"Magic Hound",
        "Description":"Magic Houndhas collected .PST archives.[11]"
    },
    {
        "ID":"C0002",
        "Name":"Night Dragon",
        "Description":"DuringNight Dragon, threat actors used RAT malware to exfiltrate email archives.[12]"
    },
    {
        "ID":"S0594",
        "Name":"Out1",
        "Description":"Out1can parse e-mails on a target machine.[13]"
    },
    {
        "ID":"S0192",
        "Name":"Pupy",
        "Description":"Pupycan interact with a victim’s Outlook session and look through folders and emails.[14]"
    },
    {
        "ID":"S0650",
        "Name":"QakBot",
        "Description":"QakBotcan target and steal locally stored emails to support thread hijacking phishing campaigns.[15][16][17]"
    },
    {
        "ID":"S0226",
        "Name":"Smoke Loader",
        "Description":"Smoke Loadersearches through Outlook files and directories (e.g., inbox, sent, templates, drafts, archives, etc.).[18]"
    }
]