[
    {
        "ID":"G0006",
        "Name":"APT1",
        "Description":"APT1uses two utilities, GETMAIL and MAPIGET, to steal email. MAPIGET steals email still on Exchange servers that has not yet been archived.[1]"
    },
    {
        "ID":"G0007",
        "Name":"APT28",
        "Description":"APT28has collected emails from victim Microsoft Exchange servers.[2][3]"
    },
    {
        "ID":"G0016",
        "Name":"APT29",
        "Description":"APT29has collected emails from targeted mailboxes within a compromised Azure AD tenant and compromised Exchange servers, including via Exchange Web Services (EWS) API requests.[4][5]"
    },
    {
        "ID":"G0114",
        "Name":"Chimera",
        "Description":"Chimerahas harvested data from remote mailboxes including through execution of\\\\c$\\Users\\\\AppData\\Local\\Microsoft\\Outlook*.ost.[6]"
    },
    {
        "ID":"G0035",
        "Name":"Dragonfly",
        "Description":"Dragonflyhas accessed email accounts using Outlook Web Access.[7]"
    },
    {
        "ID":"G0085",
        "Name":"FIN4",
        "Description":"FIN4has accessed and hijacked online email communications using stolen credentials.[8][9]"
    },
    {
        "ID":"G0125",
        "Name":"HAFNIUM",
        "Description":"HAFNIUMhas used web shells to export mailbox data.[10][11]"
    },
    {
        "ID":"G0004",
        "Name":"Ke3chang",
        "Description":"Ke3changhas used compromised credentials and a .NET tool to dump data from Microsoft Exchange mailboxes.[12][13]"
    },
    {
        "ID":"G0094",
        "Name":"Kimsuky",
        "Description":"Kimsukyhas used tools such as the MailFetch mail crawler to collect victim emails (excluding spam) from online services via IMAP.[14]"
    },
    {
        "ID":"G0077",
        "Name":"Leafminer",
        "Description":"Leafminerused a tool called MailSniper to search through the Exchange server mailboxes for keywords.[15]"
    },
    {
        "ID":"S0395",
        "Name":"LightNeuron",
        "Description":"LightNeuroncollects Exchange emails matching rules specified in its configuration.[16]"
    },
    {
        "ID":"G0059",
        "Name":"Magic Hound",
        "Description":"Magic Houndhas exported emails from compromised Exchange servers including through use of the cmdletNew-MailboxExportRequest.[17][18]"
    },
    {
        "ID":"S0413",
        "Name":"MailSniper",
        "Description":"MailSnipercan be used for searching through email in Exchange and Office 365 environments.[19]"
    },
    {
        "ID":"S0053",
        "Name":"SeaDuke",
        "Description":"SomeSeaDukesamples have a module to extract email from Microsoft Exchange servers using compromised credentials.[20]"
    },
    {
        "ID":"C0024",
        "Name":"SolarWinds Compromise",
        "Description":"During theSolarWinds Compromise,APT29collected emails from specific individuals, such as executives and IT staff, usingNew-MailboxExportRequestfollowed byGet-MailboxExportRequest.[21][22]"
    },
    {
        "ID":"S0476",
        "Name":"Valak",
        "Description":"Valakcan collect sensitive mailing information from Exchange servers, including credentials and the domain certificate of an enterprise.[23]"
    }
]