[
    {
        "ID":"DS0028",
        "Data Source":"Logon Session",
        "Data Component":"Logon Session Creation",
        "Detects":"Monitor for logins using SAML tokens which do not have corresponding 4769 and 1200 events in the domain.[10]These logins may occur on any on-premises resources as well as from any cloud environment that trusts the certificate.[4]"
    },
    {
        "ID":"",
        "Data Source":"",
        "Data Component":"Logon Session Metadata",
        "Detects":"Consider modifying SAML responses to include custom elements for each service provider. Monitor these custom elements in service provider access logs to detect any anomalous requests.[10]"
    },
    {
        "ID":"DS0009",
        "Data Source":"Process",
        "Data Component":"Process Creation",
        "Detects":"This search looks for arguments to certutil.exe indicating the manipulation or extraction of Certificate. This certificate can then be used to sign new authentication tokens specially inside Federated environments such as Windows ADFS.Analytic 1 - Certutil.exe Certificate Extraction(source=\"WinEventLog:Microsoft-Windows-Sysmon\/Operational\" EventCode=\"1\") OR (source=\"WinEventLog:Security\" EventCode=\"4688\") AND Image= \"C:\\Windows\\System32\\certutil.exe\" AND CommandLine= \"-exportPFX\")"
    },
    {
        "ID":"DS0002",
        "Data Source":"User Account",
        "Data Component":"User Account Authentication",
        "Detects":"Monitor for user authentication attempts, when requesting access tokens to services, that failed because of Conditional Access Policies (CAP). Some SAML tokens features, such as the location of a user, may not be as easy to claim."
    },
    {
        "ID":"DS0006",
        "Data Source":"Web Credential",
        "Data Component":"Web Credential Creation",
        "Detects":"Monitor for creation of access tokens using SAML tokens which do not have corresponding 4769 and 1200 events in the domain.[10]"
    },
    {
        "ID":"",
        "Data Source":"",
        "Data Component":"Web Credential Usage",
        "Detects":"Monitor for the use of access tokens to access services such as email that were created using SAML tokens which do not have corresponding 1202 events (i.e. \"The Federation Service validated a new credential\") in the domain.[10]"
    }
]