[
    {
        "ID":"M1018",
        "Mitigation":"User Account Management",
        "Description":"Limit access\/authority to execute sensitive transactions, and switch to systems and procedures designed to authenticate\/approve payments and purchase requests outside of insecure communication lines such as email."
    },
    {
        "ID":"M1017",
        "Mitigation":"User Training",
        "Description":"Train and encourage users to identify social engineering techniques used to enable financial theft. Also consider training users on procedures to prevent and respond to swatting and doxing, acts increasingly deployed by financially motivated groups to further coerce victims into satisfying ransom\/extortion demands.[21][22]"
    }
]