[
    {
        "ID":"DS0015",
        "Data Source":"Application Log",
        "Data Component":"Application Log Content",
        "Detects":"Monitor for third-party application logging, messaging, and\/or other artifacts that may modify visual content available internally or externally to an enterprise network."
    },
    {
        "ID":"DS0022",
        "Data Source":"File",
        "Data Component":"File Creation",
        "Detects":"Monitor for newly constructed visual content for internal or external enterprise networks."
    },
    {
        "ID":"",
        "Data Source":"",
        "Data Component":"File Modification",
        "Detects":"Monitor for changes made to files for unexpected modifications to internal and external websites for unplanned content changes."
    },
    {
        "ID":"DS0029",
        "Data Source":"Network Traffic",
        "Data Component":"Network Traffic Content",
        "Detects":"Monitor and analyze traffic patterns and packet inspection associated to protocol(s) that do not follow the expected protocol standards and traffic flows (e.g. unauthorized, gratuitous, or anomalous traffic patterns attempting to access internal and external websites and services). Consider correlating with application monitoring for indication of unplanned service interruptions or unauthorized content changes."
    }
]