[
    {
        "ID":"S0331",
        "Name":"Agent Tesla",
        "Description":"Agent Teslahas routines for exfiltration over SMTP, FTP, and HTTP.[2][3][4]"
    },
    {
        "ID":"G0050",
        "Name":"APT32",
        "Description":"APT32's backdoor can exfiltrate data by encoding it in the subdomain field of DNS packets.[5]"
    },
    {
        "ID":"G0064",
        "Name":"APT33",
        "Description":"APT33has used FTP to exfiltrate files (separately from the C2 channel).[6]"
    },
    {
        "ID":"S0190",
        "Name":"BITSAdmin",
        "Description":"BITSAdmincan be used to createBITS Jobsto upload files from a compromised host.[7]"
    },
    {
        "ID":"S0252",
        "Name":"Brave Prince",
        "Description":"SomeBrave Princevariants have used South  Korea's Daum email service to exfiltrate information, and later variants have posted the data to a web server via an HTTP post command.[8]"
    },
    {
        "ID":"C0017",
        "Name":"C0017",
        "Description":"DuringC0017,APT41exfiltrated victim data via DNS lookups by encoding and prepending it as subdomains to the attacker-controlled domain.[9]"
    },
    {
        "ID":"S0335",
        "Name":"Carbon",
        "Description":"Carbonuses HTTP to send data to the C2 server.[10]"
    },
    {
        "ID":"S1043",
        "Name":"ccf32",
        "Description":"ccf32can upload collected data and files to an FTP server.[11]"
    },
    {
        "ID":"S0674",
        "Name":"CharmPower",
        "Description":"CharmPowercan send victim data via FTP with credentials hardcoded in the script.[12]"
    },
    {
        "ID":"S0107",
        "Name":"Cherry Picker",
        "Description":"Cherry Pickerexfiltrates files over FTP.[13]"
    },
    {
        "ID":"S0492",
        "Name":"CookieMiner",
        "Description":"CookieMinerhas used thecurl --upload-filecommand to exfiltrate data over HTTP.[14]"
    },
    {
        "ID":"S0212",
        "Name":"CORALDECK",
        "Description":"CORALDECKhas exfiltrated data in HTTP POST headers.[15]"
    },
    {
        "ID":"S0050",
        "Name":"CosmicDuke",
        "Description":"CosmicDukeexfiltrates collected files over FTP or WebDAV. Exfiltration servers can be separately configured from C2 servers.[16]"
    },
    {
        "ID":"S0281",
        "Name":"Dok",
        "Description":"Dokexfiltrates logs of its execution stored in the\/tmpfolder over FTP using thecurlcommand.[17]"
    },
    {
        "ID":"G0037",
        "Name":"FIN6",
        "Description":"FIN6has sent stolen payment card data to remote servers via HTTP POSTs.[18]"
    },
    {
        "ID":"G0061",
        "Name":"FIN8",
        "Description":"FIN8has used FTP to exfiltrate collected data.[19]"
    },
    {
        "ID":"S0095",
        "Name":"ftp",
        "Description":"ftpmay be used to exfiltrate data separate from the main command and control protocol.[20][21]"
    },
    {
        "ID":"S0487",
        "Name":"Kessel",
        "Description":"Kesselcan exfiltrate credentials and other information via HTTP POST request, TCP, and DNS.[22]"
    },
    {
        "ID":"S0356",
        "Name":"KONNI",
        "Description":"KONNIhas used FTP to exfiltrate reconnaissance data out.[23]"
    },
    {
        "ID":"G0032",
        "Name":"Lazarus Group",
        "Description":"Lazarus Groupmalware SierraBravo-Two generates an email message via SMTP containing information about newly infected victims.[24][25]"
    },
    {
        "ID":"G0049",
        "Name":"OilRig",
        "Description":"OilRighas exfiltrated data over FTP separately from its primary C2 channel over DNS.[26]"
    },
    {
        "ID":"S0428",
        "Name":"PoetRAT",
        "Description":"PoetRAThas usedftpfor exfiltration.[27]"
    },
    {
        "ID":"S1040",
        "Name":"Rclone",
        "Description":"Rclonecan exfiltrate data over FTP or HTTP, including HTTP via WebDAV.[28]"
    },
    {
        "ID":"S0125",
        "Name":"Remsec",
        "Description":"Remseccan exfiltrate data via a DNS tunnel or email, separately from its C2 channel.[29]"
    },
    {
        "ID":"S1124",
        "Name":"SocGholish",
        "Description":"SocGholishcan exfiltrate data directly to its C2 domain via HTTP.[30]"
    },
    {
        "ID":"G0076",
        "Name":"Thrip",
        "Description":"Thriphas used WinSCP to exfiltrate data from a targeted organization over FTP.[31]"
    },
    {
        "ID":"S1116",
        "Name":"WARPWIRE",
        "Description":"WARPWIREcan send captured credentials to C2 via HTTPGETorPOSTrequests.[32][33]"
    },
    {
        "ID":"S0466",
        "Name":"WindTail",
        "Description":"WindTailhas the ability to automatically exfiltrate files using the macOS built-in utility \/usr\/bin\/curl.[34]"
    },
    {
        "ID":"G0102",
        "Name":"Wizard Spider",
        "Description":"Wizard Spiderhas exfiltrated victim information using FTP.[35][36]"
    }
]