[
    {
        "ID":"DS0017",
        "Data Source":"Command",
        "Data Component":"Command Execution",
        "Detects":"Monitor executed commands and arguments for actions that could be taken to collect files from a network share. Remote access tools with built-in features may interact directly with the Windows API to gather and copy to a location. Data may also be acquired and staged through Windows system management tools such as Windows Management Instrumentation and PowerShell."
    },
    {
        "ID":"DS0022",
        "Data Source":"File",
        "Data Component":"File Access",
        "Detects":"Monitor for unexpected files (i.e. .pdf, .docx, .jpg, etc.)  interacting with network shares."
    },
    {
        "ID":"DS0033",
        "Data Source":"Network Share",
        "Data Component":"Network Share Access",
        "Detects":"Monitor for unexpected and abnormal accesses to network shares."
    },
    {
        "ID":"DS0029",
        "Data Source":"Network Traffic",
        "Data Component":"Network Connection Creation",
        "Detects":"Monitor for newly constructed network connections that may search network shares on computers they have compromised to find files of interest. Network Analysis frameworks such as Zeek can be used to capture, decode, and alert on network protocols such as SMB that revolve around network shares."
    },
    {
        "ID":"",
        "Data Source":"",
        "Data Component":"Network Traffic Content",
        "Detects":"Monitor and analyze traffic patterns and packet inspection associated to protocol(s) that do not follow the expected protocol standards and traffic flows (e.g extraneous packets that do not belong to established flows, gratuitous or anomalous traffic patterns, anomalous syntax, or structure). Consider correlation with process monitoring and command line to detect anomalous processes execution and command line arguments associated to traffic patterns (e.g. monitor anomalies in use of files that do not normally initiate connections for respective protocol(s))."
    },
    {
        "ID":"",
        "Data Source":"",
        "Data Component":"Network Traffic Flow",
        "Detects":"Monitor network data for uncommon data flows. Processes utilizing the network that do not normally have network communication or have never been seen before are suspicious. Network Analysis frameworks such as Zeek can be used to capture, decode, and alert on network protocols such as SMB that revolve around network shares. Although there may be more native ways to detect detailed SMB events on the host, they can be extracted out of network traffic. With the right protocol decoders, port 445 traffic can be filtered and even the file path (relative to the share) can be retrieved.Looking at this activity more closely to obtain an adequate sense of situational awareness may make it possible to detect adversaries moving between hosts in a way that deviates from normal activity. Because SMB traffic is heavy in many environments, this analytic may be difficult to turn into something that can be used to quickly detect an APT. In some cases, it may make more sense to run this analytic in a forensic fashion. Looking through and filtering its output after an intrusion has been discovered may be helpful in identifying the scope of compromise."
    }
]