[
    {
        "ID":"DS0017",
        "Data Source":"Command",
        "Data Component":"Command Execution",
        "Detects":"Monitor executed commands and arguments that may establish persistence and\/or elevate privileges by executing malicious content triggered by AppInit DLLs loaded into processes."
    },
    {
        "ID":"DS0011",
        "Data Source":"Module",
        "Data Component":"Module Load",
        "Detects":"Monitor DLL loads by processes that load user32.dll and look for DLLs that are not recognized or not normally loaded into a process."
    },
    {
        "ID":"DS0009",
        "Data Source":"Process",
        "Data Component":"OS API Execution",
        "Detects":"Monitor and analyze application programming interface (API) calls that are indicative of Registry edits such asRegCreateKeyExandRegSetValueEx.[1]"
    },
    {
        "ID":"",
        "Data Source":"",
        "Data Component":"Process Creation",
        "Detects":"Monitor newly executed processes that may establish persistence and\/or elevate privileges by executing malicious content triggered by AppInit DLLs loaded into processes.Note: Sysmon Event ID 1 (process create) and Windows Security Log Event ID 4688 (a new process has been created) can be used to detect new reg.exe processes that modify the AppInit DLL registry keys since the registry keys are specified as a command-line parameter."
    },
    {
        "ID":"DS0024",
        "Data Source":"Windows Registry",
        "Data Component":"Windows Registry Key Modification",
        "Detects":"Monitor the AppInit_DLLs Registry values for modifications that do not correlate with known software, patch cycles, etc. Adversaries may establish persistence and\/or elevate privileges by executing malicious content triggered by AppInit DLLs loaded into processes. Dynamic-link libraries (DLLs) that are specified in the AppInit_DLLs value in the Registry keys HKEY_LOCAL_MACHINE\\Software\\Microsoft\\Windows NT\\CurrentVersion\\Windows or HKEY_LOCAL_MACHINE\\Software\\Wow6432Node\\Microsoft\\Windows NT\\CurrentVersion\\Windows are loaded by user32.dll into every process that loads user32.dll. These values can be abused to obtain elevated privileges by causing a malicious DLL to be loaded and run in the context of separate processes. Accordingly, this analytic looks for modifications to these registry keys that may be indicative of this type of abuse.Analytic 1 - AppInit DLLssource=\"WinEventLog:Microsoft-Windows-Sysmon\/Operational\" EventCode IN (12, 13, 14) TargetObject= \"\\SOFTWARE\\Microsoft\\Windows NT\\CurrentVersion\\Windows\\Appinit_Dlls*\" OR  TargetObject= \"*\\SOFTWARE\\Wow6432Node\\Microsoft\\Windows NT\\CurrentVersion\\Windows\\Appinit_Dlls*\""
    }
]