[
    {
        "ID":"DS0017",
        "Data Source":"Command",
        "Data Component":"Command Execution",
        "Detects":"Monitor executed commands and arguments that may erase the contents of storage devices on specific systems or in large numbers in a network to interrupt availability to system and network resources."
    },
    {
        "ID":"DS0016",
        "Data Source":"Drive",
        "Data Component":"Drive Access",
        "Detects":"Monitor for newly constructed drive letters or mount points to a data storage device for attempts to write to sensitive locations like the partition boot sector, master boot record, disk partition table, or BIOS parameter block\/superblock."
    },
    {
        "ID":"",
        "Data Source":"",
        "Data Component":"Drive Modification",
        "Detects":"Monitor for changes made to drive letters or mount points of data storage devices for attempts to read to sensitive locations like the partition boot sector, master boot record, disk partition table, or BIOS parameter block\/superblock."
    },
    {
        "ID":"DS0027",
        "Data Source":"Driver",
        "Data Component":"Driver Load",
        "Detects":"Monitor for unusual kernel driver installation activity may erase the contents of storage devices on specific systems or in large numbers in a network to interrupt availability to system and network resources."
    },
    {
        "ID":"DS0009",
        "Data Source":"Process",
        "Data Component":"Process Creation",
        "Detects":"Monitor newly executed processes that may erase the contents of storage devices on specific systems or in large numbers in a network to interrupt availability to system and network resources."
    }
]