[
    {
        "ID":"M1047",
        "Mitigation":"Audit",
        "Description":"Frequently check permissions on cloud storage to ensure proper permissions are set to deny open or unprivileged access to resources.[1]"
    },
    {
        "ID":"M1041",
        "Mitigation":"Encrypt Sensitive Information",
        "Description":"Encrypt data stored at rest in cloud storage.[1][2]Managed encryption keys can be rotated by most providers. At a minimum, ensure an incident response plan to storage breach includes rotating the keys and test for impact on client applications.[14]"
    },
    {
        "ID":"M1037",
        "Mitigation":"Filter Network Traffic",
        "Description":"Cloud service providers support IP-based restrictions when accessing cloud resources. Consider using IP allowlisting along with user account management to ensure that data access is restricted not only to valid users but only from expected IP ranges to mitigate the use of stolen credentials to access data."
    },
    {
        "ID":"M1032",
        "Mitigation":"Multi-factor Authentication",
        "Description":"Consider using multi-factor authentication to restrict access to resources and cloud storage APIs.[1]"
    },
    {
        "ID":"M1022",
        "Mitigation":"Restrict File and Directory Permissions",
        "Description":"Use access control lists on storage systems and objects."
    },
    {
        "ID":"M1018",
        "Mitigation":"User Account Management",
        "Description":"Configure user permissions groups and roles for access to cloud storage.[2]Implement strict Identity and Access Management (IAM) controls to prevent access to storage solutions except for the applications, users, and services that require access.[1]Ensure that temporary access tokens are issued rather than permanent credentials, especially when access is being granted to entities outside of the internal security boundary.[15]"
    }
]