[
    {
        "ID":"C0025",
        "Name":"2016 Ukraine Electric Power Attack",
        "Description":"During the2016 Ukraine Electric Power Attack,Sandworm Teamused heavily obfuscated code withIndustroyerin its Windows Notepad backdoor.[7]"
    },
    {
        "ID":"S1028",
        "Name":"Action RAT",
        "Description":"Action RAT's commands, strings, and domains can be Base64 encoded within the payload.[8]"
    },
    {
        "ID":"S0045",
        "Name":"ADVSTORESHELL",
        "Description":"Most of the strings inADVSTORESHELLare encrypted with an XOR-based algorithm; some strings are also encrypted with 3DES and reversed. API function names are also reversed, presumably to avoid detection in memory.[9][10]"
    },
    {
        "ID":"S0331",
        "Name":"Agent Tesla",
        "Description":"Agent Teslahas had its code obfuscated in an apparent attempt to make analysis difficult.[11]Agent Teslahas used the Rijndael symmetric encryption algorithm to encrypt strings.[12]"
    },
    {
        "ID":"S1025",
        "Name":"Amadey",
        "Description":"Amadeyhas obfuscated strings such as antivirus vendor names, domains, files, and others.[13]"
    },
    {
        "ID":"S0504",
        "Name":"Anchor",
        "Description":"Anchorhas obfuscated code with stack strings and string encryption.[14]"
    },
    {
        "ID":"S0584",
        "Name":"AppleJeus",
        "Description":"AppleJeushas XOR-encrypted collected system information prior to sending to a C2.AppleJeushas also used the open source ADVObfuscation library for its components.[15]"
    },
    {
        "ID":"S0622",
        "Name":"AppleSeed",
        "Description":"AppleSeedhas the ability to Base64 encode its payload and custom encrypt API calls.[16]"
    },
    {
        "ID":"G0099",
        "Name":"APT-C-36",
        "Description":"APT-C-36has used ConfuserEx to obfuscate its variant ofImminent Monitor, compressed payload and RAT packages, and password protected encrypted email attachments to avoid detection.[17]"
    },
    {
        "ID":"G0022",
        "Name":"APT3",
        "Description":"APT3obfuscates files or information to help evade defensive measures.[18]"
    },
    {
        "ID":"G0067",
        "Name":"APT37",
        "Description":"APT37obfuscates strings and payloads.[19][20][21]"
    },
    {
        "ID":"G0096",
        "Name":"APT41",
        "Description":"APT41used VMProtected binaries in multiple intrusions.[22]"
    },
    {
        "ID":"S0640",
        "Name":"Avaddon",
        "Description":"Avaddonhas used encrypted strings.[23]"
    },
    {
        "ID":"S1053",
        "Name":"AvosLocker",
        "Description":"AvosLockerhas used XOR-encoded strings.[24]"
    },
    {
        "ID":"G0135",
        "Name":"BackdoorDiplomacy",
        "Description":"BackdoorDiplomacyhas obfuscated tools and malware it uses with VMProtect.[25]"
    },
    {
        "ID":"G0063",
        "Name":"BlackOasis",
        "Description":"BlackOasis's first stage shellcode contains a NOP sled with alternative instructions that was likely designed to bypass antivirus tools.[26]"
    },
    {
        "ID":"S0635",
        "Name":"BoomBox",
        "Description":"BoomBoxcan encrypt data using AES prior to exfiltration.[27]"
    },
    {
        "ID":"S0651",
        "Name":"BoxCaon",
        "Description":"BoxCaonused the \"StackStrings\" obfuscation technique to hide malicious functionalities.[28]"
    },
    {
        "ID":"S1063",
        "Name":"Brute Ratel C4",
        "Description":"Brute Ratel C4has used encrypted payload files and maintains an encrypted configuration structure in memory.[29][30]"
    },
    {
        "ID":"S1039",
        "Name":"Bumblebee",
        "Description":"Bumblebeehas been delivered as password-protected zipped ISO files and used control-flow-flattening to obfuscate the flow of functions.[31][32][33]"
    },
    {
        "ID":"S0482",
        "Name":"Bundlore",
        "Description":"Bundlorehas obfuscated data with base64, AES, RC4, and bz2.[34]"
    },
    {
        "ID":"S1118",
        "Name":"BUSHWALK",
        "Description":"BUSHWALKcan encrypt the resulting data generated from C2 commands with RC4.[35]"
    },
    {
        "ID":"C0015",
        "Name":"C0015",
        "Description":"DuringC0015, the threat actors used Base64-encoded strings.[36]"
    },
    {
        "ID":"C0017",
        "Name":"C0017",
        "Description":"DuringC0017,APT41broke malicious binaries, includingDEADEYEandKEYPLUG, into multiple sections on disk to evade detection.[37]"
    },
    {
        "ID":"S0030",
        "Name":"Carbanak",
        "Description":"Carbanakencrypts strings to make analysis more difficult.[38]"
    },
    {
        "ID":"S0335",
        "Name":"Carbon",
        "Description":"Carbonencrypts configuration files and tasks for the malware to complete using CAST-128 algorithm.[39][40]"
    },
    {
        "ID":"S0465",
        "Name":"CARROTBALL",
        "Description":"CARROTBALLhas used a custom base64 alphabet to decode files.[41]"
    },
    {
        "ID":"S0660",
        "Name":"Clambling",
        "Description":"TheClamblingexecutable has been obfuscated when dropped on a compromised host.[42]"
    },
    {
        "ID":"S1105",
        "Name":"COATHANGER",
        "Description":"COATHANGERcan store obfuscated configuration information in the last 56 bytes of the file\/date\/.bd.key\/preload.so.[43]"
    },
    {
        "ID":"S0154",
        "Name":"Cobalt Strike",
        "Description":"Cobalt Strikecan hash functions to obfuscate calls to the Windows API and use a public\/private key pair to encrypt Beacon session metadata.[44][45]"
    },
    {
        "ID":"S0369",
        "Name":"CoinTicker",
        "Description":"CoinTickerinitially downloads a hidden encoded file.[46]"
    },
    {
        "ID":"S0244",
        "Name":"Comnie",
        "Description":"Comnieuses RC4 and Base64 to obfuscate strings.[47]"
    },
    {
        "ID":"S0126",
        "Name":"ComRAT",
        "Description":"ComRAThas encrypted its virtual file system using AES-256 in XTS mode.[48][49]"
    },
    {
        "ID":"S0608",
        "Name":"Conficker",
        "Description":"Confickerhas obfuscated its code to prevent its removal from host machines.[50]"
    },
    {
        "ID":"S0575",
        "Name":"Conti",
        "Description":"Contican use compiler-based obfuscation for its code, encrypt DLLs, and hide Windows API calls.[51][52][53]"
    },
    {
        "ID":"S0137",
        "Name":"CORESHELL",
        "Description":"CORESHELLobfuscates strings using a custom stream cipher.[54]"
    },
    {
        "ID":"S0625",
        "Name":"Cuba",
        "Description":"Cubahas used multiple layers of obfuscation to avoid analysis, including its Base64 encoded payload.[55]"
    },
    {
        "ID":"S1111",
        "Name":"DarkGate",
        "Description":"DarkGateuses a hard-coded string as a seed, along with the victim machine hardware identifier and input text, to generate a unique string used as an internal mutex value to evade static detection based on mutexes.[56]"
    },
    {
        "ID":"S1066",
        "Name":"DarkTortilla",
        "Description":"DarkTortillahas been obfuscated with the DeepSea .NET and ConfuserEx code obfuscators.[57]"
    },
    {
        "ID":"S0187",
        "Name":"Daserf",
        "Description":"Daserfuses encrypted Windows APIs and also encrypts data using the alternative base64+RC4 or the Caesar cipher.[58]"
    },
    {
        "ID":"S0354",
        "Name":"Denis",
        "Description":"Denisobfuscates its code and encrypts the API names.[59]"
    },
    {
        "ID":"S0659",
        "Name":"Diavol",
        "Description":"Diavolhas Base64 encoded the RSA public key used for encrypting files.[60]"
    },
    {
        "ID":"S0695",
        "Name":"Donut",
        "Description":"Donutcan generate encrypted, compressed\/encoded, or otherwise obfuscated code modules.[61]"
    },
    {
        "ID":"S0694",
        "Name":"DRATzarus",
        "Description":"DRATzaruscan be partly encrypted with XOR.[62]"
    },
    {
        "ID":"S0384",
        "Name":"Dridex",
        "Description":"Dridex's strings are obfuscated using RC4.[63]"
    },
    {
        "ID":"S0502",
        "Name":"Drovorub",
        "Description":"Drovorubhas used XOR encrypted payloads in WebSocket client to server messages.[64]"
    },
    {
        "ID":"S0062",
        "Name":"DustySky",
        "Description":"TheDustySkydropper uses a function to obfuscate the name of functions and other parts of the malware.[65]"
    },
    {
        "ID":"G1006",
        "Name":"Earth Lusca",
        "Description":"Earth Luscaused Base64 to encode strings.[66]"
    },
    {
        "ID":"S0377",
        "Name":"Ebury",
        "Description":"Eburyhas obfuscated its strings with a simple XOR encryption with a static key.[67]"
    },
    {
        "ID":"S0593",
        "Name":"ECCENTRICBANDWAGON",
        "Description":"ECCENTRICBANDWAGONhas encrypted strings with RC4.[68]"
    },
    {
        "ID":"S0624",
        "Name":"Ecipekac",
        "Description":"Ecipekaccan use XOR, AES, and DES to encrypt loader shellcode.[69]"
    },
    {
        "ID":"S0605",
        "Name":"EKANS",
        "Description":"EKANSuses encoded strings in its process kill list.[70]"
    },
    {
        "ID":"G1003",
        "Name":"Ember Bear",
        "Description":"Ember Bearhas obfuscated malware to help avoid detection.[71]"
    },
    {
        "ID":"S0091",
        "Name":"Epic",
        "Description":"Epicheavily obfuscates its code to make analysis more difficult.[72]"
    },
    {
        "ID":"S0512",
        "Name":"FatDuke",
        "Description":"FatDukecan use base64 encoding, string stacking, and opaque predicates for obfuscation.[73]"
    },
    {
        "ID":"S0355",
        "Name":"Final1stspy",
        "Description":"Final1stspyobfuscates strings with base64 encoding.[74]"
    },
    {
        "ID":"S0182",
        "Name":"FinFisher",
        "Description":"FinFisheris heavily obfuscated in many ways, including through the use of spaghetti code in its functions in an effort to confuse disassembly programs. It also uses a custom XOR algorithm to obfuscate code.[75][76]"
    },
    {
        "ID":"S0696",
        "Name":"Flagpro",
        "Description":"Flagprohas been delivered within ZIP or RAR password-protected archived files.[77]"
    },
    {
        "ID":"G0093",
        "Name":"GALLIUM",
        "Description":"GALLIUMused a modified version ofHTRANin which they obfuscated strings such as debug messages in an apparent attempt to evade detection.[78]"
    },
    {
        "ID":"G0084",
        "Name":"Gallmaker",
        "Description":"Gallmakerobfuscated shellcode used during execution.[79]"
    },
    {
        "ID":"G0047",
        "Name":"Gamaredon Group",
        "Description":"Gamaredon Grouphas delivered self-extracting 7z archive files within malicious document attachments.[80]"
    },
    {
        "ID":"S0477",
        "Name":"Goopy",
        "Description":"Goopy's decrypter have been inflated with junk code in between legitimate API functions, and also included infinite loops to avoid analysis.[59]"
    },
    {
        "ID":"S0690",
        "Name":"Green Lambert",
        "Description":"Green Lamberthas encrypted strings.[81][82]"
    },
    {
        "ID":"S0632",
        "Name":"GrimAgent",
        "Description":"GrimAgenthas used Rotate on Right (RoR) and Rotate on Left (RoL) functionality to encrypt strings.[83]"
    },
    {
        "ID":"S0132",
        "Name":"H1N1",
        "Description":"H1N1uses multiple techniques to obfuscate strings, including XOR.[84]"
    },
    {
        "ID":"S0499",
        "Name":"Hancitor",
        "Description":"Hancitorhas used Base64 to encode malicious links.Hancitorhas also delivered compressed payloads in ZIP files to victims.[85][86]"
    },
    {
        "ID":"S0070",
        "Name":"HTTPBrowser",
        "Description":"HTTPBrowser's code may be obfuscated through structured exception handling and return-oriented programming.[87]"
    },
    {
        "ID":"S0203",
        "Name":"Hydraq",
        "Description":"Hydraquses basic obfuscation in the form of spaghetti code.[88][89]"
    },
    {
        "ID":"S0434",
        "Name":"Imminent Monitor",
        "Description":"Imminent Monitorhas encrypted the spearphish attachments to avoid detection from email gateways; the debugger also encrypts information before sending to the C2.[17]"
    },
    {
        "ID":"S0604",
        "Name":"Industroyer",
        "Description":"Industroyeruses heavily obfuscated code in its Windows Notepad backdoor.[7]"
    },
    {
        "ID":"S0259",
        "Name":"InnaputRAT",
        "Description":"InnaputRATuses an 8-byte XOR key to obfuscate API names and other strings contained in the payload.[90]"
    },
    {
        "ID":"S0260",
        "Name":"InvisiMole",
        "Description":"InvisiMoleavoids analysis by encrypting all strings, internal files, configuration data and by using a custom executable format.[91][92]"
    },
    {
        "ID":"S0189",
        "Name":"ISMInjector",
        "Description":"ISMInjectoris obfuscated with the off-the-shelf SmartAssembly .NET obfuscator created by red-gate.com.[93]"
    },
    {
        "ID":"S0201",
        "Name":"JPIN",
        "Description":"AJPINuses a encrypted and compressed payload that is disguised as a bitmap within the resource section of the installer.[94]"
    },
    {
        "ID":"S0283",
        "Name":"jRAT",
        "Description":"jRAT’s Java payload is encrypted with AES.[95]Additionally, backdoor files are encrypted using DES as a stream cipher. Later variants ofjRATalso incorporated AV evasion methods such as Java bytecode obfuscation via the commercial Allatori obfuscation tool.[96]"
    },
    {
        "ID":"S0265",
        "Name":"Kazuar",
        "Description":"Kazuaris obfuscated using the open source ConfuserEx protector.Kazuaralso obfuscates the name of created files\/folders\/mutexes and encrypts debug messages written to log files using the Rijndael cipher.[97]"
    },
    {
        "ID":"G0004",
        "Name":"Ke3chang",
        "Description":"Ke3changhas used Base64-encoded shellcode strings.[98]"
    },
    {
        "ID":"S0585",
        "Name":"Kerrdown",
        "Description":"Kerrdowncan encrypt, encode, and compress multiple layers of shellcode.[99]"
    },
    {
        "ID":"S0607",
        "Name":"KillDisk",
        "Description":"KillDiskuses VMProtect to make reverse engineering the malware more difficult.[100]"
    },
    {
        "ID":"G0094",
        "Name":"Kimsuky",
        "Description":"Kimsukyhas obfuscated binary strings including the use of XOR encryption and Base64 encoding.[101][102]Kimsukyhas also modified the first byte of DLL implants targeting victims to prevent recognition of the executable file format.[103]"
    },
    {
        "ID":"S0641",
        "Name":"Kobalos",
        "Description":"Kobalosencrypts all strings using RC4 and bundles all functionality into a single function call.[104]"
    },
    {
        "ID":"S0447",
        "Name":"Lokibot",
        "Description":"Lokibothas obfuscated strings with base64 encoding.[105]"
    },
    {
        "ID":"S0167",
        "Name":"Matryoshka",
        "Description":"Matryoshkaobfuscates API function names using a substitute cipher combined with Base64 encoding.[106]"
    },
    {
        "ID":"S0449",
        "Name":"Maze",
        "Description":"Mazehas decrypted strings and other important information during the encryption process.Mazealso calls certain functions dynamically to hinder analysis.[107]"
    },
    {
        "ID":"S0500",
        "Name":"MCMD",
        "Description":"MCMDcan Base64 encode output strings prior to sending to C2.[108]"
    },
    {
        "ID":"S0051",
        "Name":"MiniDuke",
        "Description":"MiniDukecan use control flow flattening to obscure code.[73]"
    },
    {
        "ID":"G0129",
        "Name":"Mustang Panda",
        "Description":"Mustang Pandahas delivered initial payloads hidden using archives and encoding measures.[109][110][111][112][113][114]"
    },
    {
        "ID":"S0336",
        "Name":"NanoCore",
        "Description":"NanoCore’s plugins were obfuscated with Eazfuscater.NET 3.3.[115]"
    },
    {
        "ID":"S0198",
        "Name":"NETWIRE",
        "Description":"NETWIREhas used a custom obfuscation algorithm to hide strings including Registry keys, APIs, and DLL names.[116]"
    },
    {
        "ID":"S1090",
        "Name":"NightClub",
        "Description":"NightClubcan obfuscate strings using the congruential generator(LCG): staten+1 = (690069 × staten + 1) mod 232.[117]"
    },
    {
        "ID":"S0353",
        "Name":"NOKKI",
        "Description":"NOKKIuses Base64 encoding for strings.[118]"
    },
    {
        "ID":"S0138",
        "Name":"OLDBAIT",
        "Description":"OLDBAITobfuscates internal strings and unpacks them at startup.[54]"
    },
    {
        "ID":"S0264",
        "Name":"OopsIE",
        "Description":"OopsIEuses the Confuser protector to obfuscate an embedded .Net Framework assembly used for C2.OopsIEalso encodes collected data in hexadecimal format before writing to files on disk and obfuscates strings.[119][120]"
    },
    {
        "ID":"S0229",
        "Name":"Orz",
        "Description":"SomeOrzstrings are base64 encoded, such as the embedded DLL known as MockDll.[121]"
    },
    {
        "ID":"S0594",
        "Name":"Out1",
        "Description":"Out1has the ability to encode data.[122]"
    },
    {
        "ID":"S0598",
        "Name":"P.A.S. Webshell",
        "Description":"P.A.S. Webshellcan use encryption and base64 encoding to hide strings and to enforce access control once deployed.[123]"
    },
    {
        "ID":"S0664",
        "Name":"Pandora",
        "Description":"Pandorahas the ability to compress stings with QuickLZ.[124]"
    },
    {
        "ID":"S0517",
        "Name":"Pillowmint",
        "Description":"Pillowminthas been compressed and stored within a registry key.Pillowminthas also obfuscated the AES key used for encryption.[125]"
    },
    {
        "ID":"S0124",
        "Name":"Pisloader",
        "Description":"Pisloaderobfuscates files by splitting strings into smaller sub-strings and including \"garbage\" strings that are never used. The malware also uses return-oriented programming (ROP) technique and single-byte XOR to obfuscate data.[126]"
    },
    {
        "ID":"S0013",
        "Name":"PlugX",
        "Description":"PlugXcan use API hashing and modify the names of strings to evade detection.[42][114]"
    },
    {
        "ID":"S0428",
        "Name":"PoetRAT",
        "Description":"PoetRAThas used a custom encryption scheme for communication between scripts.[127]"
    },
    {
        "ID":"S0012",
        "Name":"PoisonIvy",
        "Description":"PoisonIvyhides any strings related to its own indicators of compromise.[128]"
    },
    {
        "ID":"S0518",
        "Name":"PolyglotDuke",
        "Description":"PolyglotDukecan custom encrypt strings.[73]"
    },
    {
        "ID":"S0453",
        "Name":"Pony",
        "Description":"Ponyattachments have been delivered via compressed archive files.Ponyalso obfuscates the memory flow by adding junk instructions when executing to make analysis more difficult.[129]"
    },
    {
        "ID":"S0150",
        "Name":"POSHSPY",
        "Description":"POSHSPYappends a file signature header (randomly selected from six file types) to encrypted data prior to upload or download.[130]"
    },
    {
        "ID":"S0393",
        "Name":"PowerStallion",
        "Description":"PowerStallionuses a XOR cipher to encrypt command output written to its OneDrive C2 server.[131]"
    },
    {
        "ID":"S0196",
        "Name":"PUNCHBUGGY",
        "Description":"PUNCHBUGGYhas hashed most its code's functions and encrypted payloads with base64 and XOR.[132]"
    },
    {
        "ID":"S0197",
        "Name":"PUNCHTRACK",
        "Description":"PUNCHTRACKis loaded and executed by a highly obfuscated launcher.[133]"
    },
    {
        "ID":"S0650",
        "Name":"QakBot",
        "Description":"QakBothas hidden code within Excel spreadsheets by turning the font color to white and splitting it across multiple cells.[134]"
    },
    {
        "ID":"S0458",
        "Name":"Ramsay",
        "Description":"Ramsayhas base64-encoded its portable executable and hidden itself under a JPG header.Ramsaycan also embed information within document footers.[135]"
    },
    {
        "ID":"S0511",
        "Name":"RegDuke",
        "Description":"RegDukecan use control-flow flattening or the commercially available .NET Reactor for obfuscation.[73]"
    },
    {
        "ID":"S0332",
        "Name":"Remcos",
        "Description":"Remcosuses RC4 and base64 to obfuscate data, including Registry entries and file paths.[136]"
    },
    {
        "ID":"G0106",
        "Name":"Rocke",
        "Description":"Rockehas modified UPX headers after packing files to break unpackers.[137]"
    },
    {
        "ID":"S0240",
        "Name":"ROKRAT",
        "Description":"ROKRATcan encrypt data prior to exfiltration by using an RSA public key.[21][138]"
    },
    {
        "ID":"S0148",
        "Name":"RTM",
        "Description":"RTMstrings, network data, configuration, and modules are encrypted with a modified RC4 algorithm.RTMhas also been delivered to targets as various archive files including ZIP, 7-ZIP, and RAR.[139][140]"
    },
    {
        "ID":"S0446",
        "Name":"Ryuk",
        "Description":"Ryukcan use anti-disassembly and code transformation obfuscation techniques.[53]"
    },
    {
        "ID":"S1018",
        "Name":"Saint Bot",
        "Description":"Saint Bothas been obfuscated to help avoid detection.[71]"
    },
    {
        "ID":"S1099",
        "Name":"Samurai",
        "Description":"Samuraican encrypt the names of requested APIs and deliver its final payload as a compressed, encrypted and base64 encoded blob.[141]"
    },
    {
        "ID":"G0034",
        "Name":"Sandworm Team",
        "Description":"Sandworm Teamhas used Base64 encoding within malware variants.[142]"
    },
    {
        "ID":"S1085",
        "Name":"Sardonic",
        "Description":"Sardoniccan use certain ConfuserEx features for obfuscation and can be encoded in a base64 string.[143]"
    },
    {
        "ID":"S0461",
        "Name":"SDBbot",
        "Description":"SDBbothas the ability to XOR the strings for its installer component with a hardcoded 128 byte key.[144]"
    },
    {
        "ID":"S0596",
        "Name":"ShadowPad",
        "Description":"ShadowPadhas encrypted its payload, a virtual file system, and various files.[145][66]"
    },
    {
        "ID":"S0140",
        "Name":"Shamoon",
        "Description":"Shamooncontains base64-encoded strings.[146]"
    },
    {
        "ID":"S0444",
        "Name":"ShimRat",
        "Description":"ShimRathas been delivered as a package that includes compressed DLL and shellcode payloads within a .dat file.[147]"
    },
    {
        "ID":"S0445",
        "Name":"ShimRatReporter",
        "Description":"ShimRatReporterencrypted gathered information with a combination of shifting and XOR using a static key.[147]"
    },
    {
        "ID":"S0063",
        "Name":"SHOTPUT",
        "Description":"SHOTPUTis obscured using XOR encoding and appended to a valid GIF file.[148][149]"
    },
    {
        "ID":"S0623",
        "Name":"Siloscape",
        "Description":"Siloscapeitself is obfuscated and uses obfuscated API calls.[150]"
    },
    {
        "ID":"S1104",
        "Name":"SLOWPULSE",
        "Description":"SLOWPULSEcan hide malicious code in the padding regions between legitimate functions in the Pulse Securelibdsplibs.sofile.[151]"
    },
    {
        "ID":"S1035",
        "Name":"Small Sieve",
        "Description":"Small Sievehas the ability to use a custom hex byte swapping encoding scheme combined with an obfuscated Base64 function to protect program strings and Telegram credentials.[152]"
    },
    {
        "ID":"S1086",
        "Name":"Snip3",
        "Description":"Snip3has the ability to obfuscate strings using XOR encryption.[153]"
    },
    {
        "ID":"S0627",
        "Name":"SodaMaster",
        "Description":"SodaMastercan use \"stackstrings\" for obfuscation.[69]"
    },
    {
        "ID":"S0615",
        "Name":"SombRAT",
        "Description":"SombRATcan encrypt strings with XOR-based routines and use a custom AES storage format for plugins, configuration, C2 domains, and harvested data.[154][155][156]"
    },
    {
        "ID":"S0516",
        "Name":"SoreFang",
        "Description":"SoreFanghas the ability to encode and RC6 encrypt data sent to C2.[157]"
    },
    {
        "ID":"S0142",
        "Name":"StreamEx",
        "Description":"StreamExobfuscates some commands by using statically programmed fragments of strings when starting a DLL. It also uses a one-byte xor against 0x91 to encode configuration data.[158]"
    },
    {
        "ID":"S0559",
        "Name":"SUNBURST",
        "Description":"SUNBURSTstrings were compressed and encoded in Base64.[159]SUNBURSTalso obfuscated collected system information using a FNV-1a + XOR algorithm.[160]"
    },
    {
        "ID":"S0562",
        "Name":"SUNSPOT",
        "Description":"SUNSPOTencrypted log entries it collected with the stream cipher RC4 using a hard-coded key. It also uses AES128-CBC encrypted blobs forSUNBURSTsource code and data extracted from the SolarWinds Orion <MsBuild.exeprocess.[161]"
    },
    {
        "ID":"S1064",
        "Name":"SVCReady",
        "Description":"SVCReadycan encrypt victim data with an RC4 cipher.[162]"
    },
    {
        "ID":"S0242",
        "Name":"SynAck",
        "Description":"SynAckpayloads are obfuscated prior to compilation to inhibit analysis and\/or reverse engineering.[163][164]"
    },
    {
        "ID":"S0467",
        "Name":"TajMahal",
        "Description":"TajMahalhas used an encrypted Virtual File System to store plugins.[165]"
    },
    {
        "ID":"S0560",
        "Name":"TEARDROP",
        "Description":"TEARDROPcreated and read from a file with a fake JPG header, and its payload was encrypted with a simple rotating XOR cipher.[160][166][167]"
    },
    {
        "ID":"S0266",
        "Name":"TrickBot",
        "Description":"TrickBotuses non-descriptive names to hide functionality.[168]"
    },
    {
        "ID":"S0094",
        "Name":"Trojan.Karagany",
        "Description":"Trojan.Karaganycan base64 encode and AES-128-CBC encrypt data prior to transmission.[169]"
    },
    {
        "ID":"S0647",
        "Name":"Turian",
        "Description":"Turiancan use VMProtect for obfuscation.[25]"
    },
    {
        "ID":"S0476",
        "Name":"Valak",
        "Description":"Valakhas the ability to base64 encode and XOR encrypt strings.[170][171][172]"
    },
    {
        "ID":"G0112",
        "Name":"Windshift",
        "Description":"Windshifthas used string encoding with floating point calculations.[173]"
    },
    {
        "ID":"S0117",
        "Name":"XTunnel",
        "Description":"A version ofXTunnelintroduced in July 2015 obfuscated the binary using opaque predicates and other techniques in a likely attempt to obfuscate it and bypass security products.[174]"
    }
]