[
    {
        "ID":"DS0015",
        "Data Source":"Application Log",
        "Data Component":"Application Log Content",
        "Detects":"Detection is challenging because all messages forwarded because of an auto-forwarding rule have the same presentation as a manually forwarded message. It is also possible for the user to not be aware of the addition of such an auto-forwarding rule and not suspect that their account has been compromised; email-forwarding rules alone will not affect the normal usage patterns or operations of the email account. This is especially true in cases with hidden auto-forwarding rules. This makes it only possible to reliably detect the existence of a hidden auto-forwarding rule by examining message tracking logs or by using a MAPI editor to notice the modified rule property values.[2]Auto-forwarded messages generally contain specific detectable artifacts that may be present in the header; such artifacts would be platform-specific. Examples include X-MS-Exchange-Organization-AutoForwarded set to true, X-MailFwdBy and X-Forwarded-To. The forwardingSMTPAddress parameter used in a forwarding process that is managed by administrators and not by user actions. All messages for the mailbox are forwarded to the specified SMTP address. However, unlike typical client-side rules, the message does not appear as forwarded in the mailbox; it appears as if it were sent directly to the specified destination mailbox.[3]High volumes of emails that bear the X-MS-Exchange-Organization-AutoForwarded header (indicating auto-forwarding) without a corresponding number of emails that match the appearance of a forwarded message may indicate that further investigation is needed at the administrator level rather than user-level.In environments using Exchange, monitor logs for the creation or modification of mail transport rules."
    },
    {
        "ID":"DS0017",
        "Data Source":"Command",
        "Data Component":"Command Execution",
        "Detects":"On Windows systems, monitor for creation of suspicious inbox rules through the use of theNew-InboxRule,Set-InboxRule,New-TransportRule, andSet-TransportRulePowerShell cmdlets.[11][9]"
    }
]