[
    {
        "ID":"G0096",
        "Name":"APT41",
        "Description":"To support initial access,APT41gained access to databases with information about existing accounts and lists of employees.[2]"
    },
    {
        "ID":"G0094",
        "Name":"Kimsuky",
        "Description":"Kimsukyhas collected victim employee name information.[3]"
    },
    {
        "ID":"G0034",
        "Name":"Sandworm Team",
        "Description":"Sandworm Team's research of potential victim organizations included the identification and collection of employee information.[4]"
    },
    {
        "ID":"G0122",
        "Name":"Silent Librarian",
        "Description":"Silent Librarianhas collected lists of names for individuals from targeted organizations.[5]"
    }
]