[
    {
        "ID":"S0045",
        "Name":"ADVSTORESHELL",
        "Description":"ADVSTORESHELLexfiltrates data over the same channel used for C2.[1]"
    },
    {
        "ID":"S1025",
        "Name":"Amadey",
        "Description":"Amadeyhas sent victim data to its C2 servers.[2]"
    },
    {
        "ID":"S0584",
        "Name":"AppleJeus",
        "Description":"AppleJeushas exfiltrated collected host information to a C2 server.[3]"
    },
    {
        "ID":"S0622",
        "Name":"AppleSeed",
        "Description":"AppleSeedcan exfiltrate files via the C2 channel.[4]"
    },
    {
        "ID":"G0022",
        "Name":"APT3",
        "Description":"APT3has a tool that exfiltrates data over the C2 channel.[5]"
    },
    {
        "ID":"G0050",
        "Name":"APT32",
        "Description":"APT32's backdoor has exfiltrated data using the already opened channel with its C&C server.[6]"
    },
    {
        "ID":"G0087",
        "Name":"APT39",
        "Description":"APT39has exfiltrated stolen victim data through C2 communications.[7]"
    },
    {
        "ID":"S0373",
        "Name":"Astaroth",
        "Description":"Astarothexfiltrates collected information from its r1.log file to the external C2 server.[8]"
    },
    {
        "ID":"S0438",
        "Name":"Attor",
        "Description":"Attorhas exfiltrated data over the C2 channel.[9]"
    },
    {
        "ID":"S1029",
        "Name":"AuTo Stealer",
        "Description":"AuTo Stealercan exfiltrate data over actor-controlled C2 servers via HTTP or TCP.[10]"
    },
    {
        "ID":"S0031",
        "Name":"BACKSPACE",
        "Description":"Adversaries can directBACKSPACEto upload files to the C2 Server.[11]"
    },
    {
        "ID":"S1081",
        "Name":"BADHATCH",
        "Description":"BADHATCHcan exfiltrate data over the C2 channel.[12][13]"
    },
    {
        "ID":"S0234",
        "Name":"Bandook",
        "Description":"Bandookcan upload files from a victim's machine over the C2 channel.[14]"
    },
    {
        "ID":"S0239",
        "Name":"Bankshot",
        "Description":"Bankshotexfiltrates data over its C2 channel.[15]"
    },
    {
        "ID":"S0268",
        "Name":"Bisonal",
        "Description":"Bisonalhas added the exfiltrated data to the URL over the C2 channel.[16]"
    },
    {
        "ID":"S0520",
        "Name":"BLINDINGCAN",
        "Description":"BLINDINGCANhas sent user and system information to a C2 server via HTTP POST requests.[17][18]"
    },
    {
        "ID":"S0657",
        "Name":"BLUELIGHT",
        "Description":"BLUELIGHThas exfiltrated data over its C2 channel.[19]"
    },
    {
        "ID":"S0651",
        "Name":"BoxCaon",
        "Description":"BoxCaonuploads files and data from a compromised host over the existing C2 channel.[20]"
    },
    {
        "ID":"S1039",
        "Name":"Bumblebee",
        "Description":"Bumblebeecan send collected data in JSON format to C2.[21]"
    },
    {
        "ID":"C0017",
        "Name":"C0017",
        "Description":"DuringC0017,APT41used its Cloudflare services C2 channels for data exfiltration.[22]"
    },
    {
        "ID":"S0077",
        "Name":"CallMe",
        "Description":"CallMeexfiltrates data to its C2 server over the same protocol as C2 communications.[23]"
    },
    {
        "ID":"S0351",
        "Name":"Cannon",
        "Description":"Cannonexfiltrates collected data over email via SMTP\/S and POP3\/S C2 channels.[24]"
    },
    {
        "ID":"S0484",
        "Name":"Carberp",
        "Description":"Carberphas exfiltrated data via HTTP to already established C2 servers.[25][26]"
    },
    {
        "ID":"S0572",
        "Name":"Caterpillar WebShell",
        "Description":"Caterpillar WebShellcan upload files over the C2 channel.[27]"
    },
    {
        "ID":"S0674",
        "Name":"CharmPower",
        "Description":"CharmPowercan exfiltrate gathered data to a hardcoded C2 URL via HTTP POST.[28]"
    },
    {
        "ID":"G0114",
        "Name":"Chimera",
        "Description":"Chimerahas usedCobalt StrikeC2 beacons for data exfiltration.[29]"
    },
    {
        "ID":"S0667",
        "Name":"Chrommme",
        "Description":"Chrommmecan exfiltrate collected data via C2.[30]"
    },
    {
        "ID":"G0142",
        "Name":"Confucius",
        "Description":"Confuciushas exfiltrated stolen files to its C2 server.[31]"
    },
    {
        "ID":"S1024",
        "Name":"CreepySnail",
        "Description":"CreepySnailcan connect to C2 for data exfiltration.[32]"
    },
    {
        "ID":"S0115",
        "Name":"Crimson",
        "Description":"Crimsoncan exfiltrate stolen information over its C2.[33]"
    },
    {
        "ID":"S0538",
        "Name":"Crutch",
        "Description":"Crutchcan exfiltrate data over the primary C2 channel (Dropbox HTTP API).[34]"
    },
    {
        "ID":"S0687",
        "Name":"Cyclops Blink",
        "Description":"Cyclops Blinkhas the ability to upload exfiltrated files to a C2 server.[35]"
    },
    {
        "ID":"S1111",
        "Name":"DarkGate",
        "Description":"DarkGateuses existing command and control channels to retrieve captured cryptocurrency wallet credentials.[36]"
    },
    {
        "ID":"S1021",
        "Name":"DnsSystem",
        "Description":"DnsSystemcan exfiltrate collected data to its C2 server.[37]"
    },
    {
        "ID":"S0600",
        "Name":"Doki",
        "Description":"Dokihas used Ngrok to establish C2 and exfiltrate data.[38]"
    },
    {
        "ID":"S0502",
        "Name":"Drovorub",
        "Description":"Drovorubcan exfiltrate files over C2 infrastructure.[39]"
    },
    {
        "ID":"S0062",
        "Name":"DustySky",
        "Description":"DustySkyhas exfiltrated data to the C2 server.[40]"
    },
    {
        "ID":"S0024",
        "Name":"Dyre",
        "Description":"Dyrehas the ability to send information staged on a compromised host externally to C2.[41]"
    },
    {
        "ID":"S0377",
        "Name":"Ebury",
        "Description":"Eburycan exfiltrate SSH credentials through custom DNS queries.[42]"
    },
    {
        "ID":"S0367",
        "Name":"Emotet",
        "Description":"Emotethas exfiltrated data over its C2 channel.[43][44]"
    },
    {
        "ID":"S0363",
        "Name":"Empire",
        "Description":"Empirecan send data gathered from a target through the command and control channel.[45][46]"
    },
    {
        "ID":"S0568",
        "Name":"EVILNUM",
        "Description":"EVILNUMcan upload files over the C2 channel from the infected host.[47]"
    },
    {
        "ID":"S0696",
        "Name":"Flagpro",
        "Description":"Flagprohas exfiltrated data to the C2 server.[48]"
    },
    {
        "ID":"S0381",
        "Name":"FlawedAmmyy",
        "Description":"FlawedAmmyyhas sent data collected from a compromised host to its C2 servers.[49]"
    },
    {
        "ID":"S0661",
        "Name":"FoggyWeb",
        "Description":"FoggyWebcan remotely exfiltrate sensitive information from a compromised AD FS server.[50]"
    },
    {
        "ID":"C0001",
        "Name":"Frankenstein",
        "Description":"DuringFrankenstein, the threat actors collected information viaEmpire, which sent the data back to the adversary's C2.[46]"
    },
    {
        "ID":"S1044",
        "Name":"FunnyDream",
        "Description":"FunnyDreamcan execute commands, including gathering user information, and send the results to C2.[51]"
    },
    {
        "ID":"G0093",
        "Name":"GALLIUM",
        "Description":"GALLIUMused Web shells andHTRANfor C2 and to exfiltrate data.[52]"
    },
    {
        "ID":"G0047",
        "Name":"Gamaredon Group",
        "Description":"AGamaredon Groupfile stealer can transfer collected files to a hardcoded C2 server.[53]"
    },
    {
        "ID":"S0493",
        "Name":"GoldenSpy",
        "Description":"GoldenSpyhas exfiltrated host environment information to an external C2 domain via port 9006.[54]"
    },
    {
        "ID":"S0588",
        "Name":"GoldMax",
        "Description":"GoldMaxcan exfiltrate files over the existing C2 channel.[55][56]"
    },
    {
        "ID":"S0477",
        "Name":"Goopy",
        "Description":"Goopyhas the ability to exfiltrate data over the Microsoft Outlook C2 channel.[57]"
    },
    {
        "ID":"S0531",
        "Name":"Grandoreiro",
        "Description":"Grandoreirocan send data it retrieves to the C2 server.[58]"
    },
    {
        "ID":"S0632",
        "Name":"GrimAgent",
        "Description":"GrimAgenthas sent data related to a compromise host over its C2 channel.[59]"
    },
    {
        "ID":"S0391",
        "Name":"HAWKBALL",
        "Description":"HAWKBALLhas sent system information and files over the C2 channel.[60]"
    },
    {
        "ID":"G0126",
        "Name":"Higaisa",
        "Description":"Higaisaexfiltrated data over its C2 channel.[61]"
    },
    {
        "ID":"S0376",
        "Name":"HOPLIGHT",
        "Description":"HOPLIGHThas used its C2 channel to exfiltrate data.[62]"
    },
    {
        "ID":"S0431",
        "Name":"HotCroissant",
        "Description":"HotCroissanthas the ability to download files from the infected host to the command and control (C2) server.[63]"
    },
    {
        "ID":"S1022",
        "Name":"IceApple",
        "Description":"IceApple's Multi File Exfiltrator module can exfiltrate multiple files from a compromised host as an HTTP response over C2.[64]"
    },
    {
        "ID":"S0434",
        "Name":"Imminent Monitor",
        "Description":"Imminent Monitorhas uploaded a file containing debugger logs, network information and system information to the C2.[65]"
    },
    {
        "ID":"S0604",
        "Name":"Industroyer",
        "Description":"Industroyersends information about hardware profiles and previously-received commands back to the C2 server in a POST-request.[66]"
    },
    {
        "ID":"G0004",
        "Name":"Ke3chang",
        "Description":"Ke3changtransferred compressed and encrypted RAR files containing exfiltration through the established backdoor command and control channel during operations.[67]"
    },
    {
        "ID":"S0487",
        "Name":"Kessel",
        "Description":"Kesselhas exfiltrated information gathered from the infected system to the C2 server.[68]"
    },
    {
        "ID":"S1020",
        "Name":"Kevin",
        "Description":"Kevincan send data from the victim host through a DNS C2 channel.[69]"
    },
    {
        "ID":"S0526",
        "Name":"KGH_SPY",
        "Description":"KGH_SPYcan exfiltrate collected information from the host to the C2 server.[70]"
    },
    {
        "ID":"G0094",
        "Name":"Kimsuky",
        "Description":"Kimsukyhas exfiltrated data over its C2 channel.[71][72]"
    },
    {
        "ID":"S0356",
        "Name":"KONNI",
        "Description":"KONNIhas sent data and files to its C2 server.[73][74][75]"
    },
    {
        "ID":"S1075",
        "Name":"KOPILUWAK",
        "Description":"KOPILUWAKhas exfiltrated collected data to its C2 via POST requests.[76]"
    },
    {
        "ID":"G0032",
        "Name":"Lazarus Group",
        "Description":"Lazarus Grouphas exfiltrated data and files over a C2 channel through its various tools and malware.[77][78][79]"
    },
    {
        "ID":"G0065",
        "Name":"Leviathan",
        "Description":"Leviathanhas exfiltrated data over its C2 channel.[80]"
    },
    {
        "ID":"S0395",
        "Name":"LightNeuron",
        "Description":"LightNeuronexfiltrates data over its email C2 channel.[81]"
    },
    {
        "ID":"S0680",
        "Name":"LitePower",
        "Description":"LitePowercan send collected data, including screenshots, over its C2 channel.[82]"
    },
    {
        "ID":"S0447",
        "Name":"Lokibot",
        "Description":"Lokibothas the ability to initiate contact with command and control (C2) to exfiltrate stolen data.[83]"
    },
    {
        "ID":"G1014",
        "Name":"LuminousMoth",
        "Description":"LuminousMothhas used malware that exfiltrates stolen data to its C2 server.[84]"
    },
    {
        "ID":"S0409",
        "Name":"Machete",
        "Description":"Machete's collected data is exfiltrated over the same channel used for C2.[85]"
    },
    {
        "ID":"S1016",
        "Name":"MacMa",
        "Description":"MacMaexfiltrates data from a supplied path over its C2 channel.[86]"
    },
    {
        "ID":"S1060",
        "Name":"Mafalda",
        "Description":"Mafaldacan send network system data and files to its C2 server.[87]"
    },
    {
        "ID":"S0652",
        "Name":"MarkiRAT",
        "Description":"MarkiRATcan exfiltrate locally stored data via its C2.[88]"
    },
    {
        "ID":"S0459",
        "Name":"MechaFlounder",
        "Description":"MechaFlounderhas the ability to send the compromised user's account name and hostname within a URL to C2.[89]"
    },
    {
        "ID":"S1059",
        "Name":"metaMain",
        "Description":"metaMaincan upload collected files and data to its C2 server.[90]"
    },
    {
        "ID":"S0455",
        "Name":"Metamorfo",
        "Description":"Metamorfocan send the data it collects to the C2 server.[91]"
    },
    {
        "ID":"S0084",
        "Name":"Mis-Type",
        "Description":"Mis-Typehas transmitted collected files and data to its C2 server.[92]"
    },
    {
        "ID":"S0083",
        "Name":"Misdat",
        "Description":"Misdathas uploaded files and data to its C2 servers.[92]"
    },
    {
        "ID":"S1122",
        "Name":"Mispadu",
        "Description":"Mispaducan sends the collected financial data to the C2 server.[93][94]"
    },
    {
        "ID":"S0079",
        "Name":"MobileOrder",
        "Description":"MobileOrderexfiltrates data to its C2 server over the same protocol as C2 communications.[23]"
    },
    {
        "ID":"S1026",
        "Name":"Mongall",
        "Description":"Mongallcan upload files and information from a compromised host to its C2 server.[95]"
    },
    {
        "ID":"G0069",
        "Name":"MuddyWater",
        "Description":"MuddyWaterhas used C2 infrastructure to receive exfiltrated data.[96]"
    },
    {
        "ID":"S0034",
        "Name":"NETEAGLE",
        "Description":"NETEAGLEis capable of reading files over the C2 channel.[11]"
    },
    {
        "ID":"S1090",
        "Name":"NightClub",
        "Description":"NightClubcan use SMTP and DNS for file exfiltration and C2.[97]"
    },
    {
        "ID":"S0385",
        "Name":"njRAT",
        "Description":"njRAThas used HTTP to receive stolen information from the infected machine.[98]"
    },
    {
        "ID":"S0340",
        "Name":"Octopus",
        "Description":"Octopushas uploaded stolen files and data from a victim's machine over its C2 channel.[99]"
    },
    {
        "ID":"S0439",
        "Name":"Okrum",
        "Description":"Data exfiltration is done byOkrumusing the already opened channel with the C2 server.[100]"
    },
    {
        "ID":"S0264",
        "Name":"OopsIE",
        "Description":"OopsIEcan upload files from the victim's machine to its C2 server.[101]"
    },
    {
        "ID":"C0022",
        "Name":"Operation Dream Job",
        "Description":"DuringOperation Dream Job,Lazarus Groupexfiltrated data from a compromised host to actor-controlled C2 servers.[102]"
    },
    {
        "ID":"C0006",
        "Name":"Operation Honeybee",
        "Description":"DuringOperation Honeybee, the threat actors uploaded stolen files to their C2 servers.[103]"
    },
    {
        "ID":"C0014",
        "Name":"Operation Wocao",
        "Description":"DuringOperation Wocao, threat actors used the XServer backdoor to exfiltrate data.[104]"
    },
    {
        "ID":"S1017",
        "Name":"OutSteel",
        "Description":"OutSteelcan upload files from a compromised host over its C2 channel.[105]"
    },
    {
        "ID":"S1050",
        "Name":"PcShare",
        "Description":"PcSharecan upload files and information from a compromised host to its C2 servers.[51]"
    },
    {
        "ID":"S0587",
        "Name":"Penquin",
        "Description":"Penquincan execute the command codedo_uploadto send files to C2.[106]"
    },
    {
        "ID":"S1031",
        "Name":"PingPull",
        "Description":"PingPullhas the ability to exfiltrate stolen victim data through its C2 channel.[107]"
    },
    {
        "ID":"S0428",
        "Name":"PoetRAT",
        "Description":"PoetRAThas exfiltrated data over the C2 channel.[108]"
    },
    {
        "ID":"S0441",
        "Name":"PowerShower",
        "Description":"PowerShowerhas used a PowerShell document stealer module to pack and exfiltrate .txt, .pdf, .xls or .doc files smaller than 5MB that were modified during the past two days.[109]"
    },
    {
        "ID":"S0238",
        "Name":"Proxysvc",
        "Description":"Proxysvcperforms data exfiltration over the control server channel using a custom protocol.[110]"
    },
    {
        "ID":"S0078",
        "Name":"Psylo",
        "Description":"Psyloexfiltrates data to its C2 server over the same protocol as C2 communications.[23]"
    },
    {
        "ID":"S0147",
        "Name":"Pteranodon",
        "Description":"Pteranodonexfiltrates screenshot files to its C2 server.[53]"
    },
    {
        "ID":"S0192",
        "Name":"Pupy",
        "Description":"Pupycan send screenshots files, keylogger data, files, and recorded audio back to the C2 server.[111]"
    },
    {
        "ID":"S0650",
        "Name":"QakBot",
        "Description":"QakBotcan send stolen information to C2 nodes including passwords, accounts, and emails.[112]"
    },
    {
        "ID":"S0495",
        "Name":"RDAT",
        "Description":"RDATcan exfiltrate data gathered from the infected system via the established Exchange Web Services API C2 channel.[113]"
    },
    {
        "ID":"S0375",
        "Name":"Remexi",
        "Description":"Remexiperforms exfiltration overBITSAdmin, which is also used for the C2 channel.[114]"
    },
    {
        "ID":"S0496",
        "Name":"REvil",
        "Description":"REvilcan exfiltrate host and malware information to C2 servers.[115]"
    },
    {
        "ID":"S0448",
        "Name":"Rising Sun",
        "Description":"Rising Suncan send data gathered from the infected machine via HTTP POST request to the C2.[116]"
    },
    {
        "ID":"S0240",
        "Name":"ROKRAT",
        "Description":"ROKRATcan send collected files back over same C2 channel.[117]"
    },
    {
        "ID":"S1078",
        "Name":"RotaJakiro",
        "Description":"RotaJakirosends device and other collected data back to the C2 using the established C2 channels over TCP.[118]"
    },
    {
        "ID":"S0085",
        "Name":"S-Type",
        "Description":"S-Typehas uploaded data and files from a compromised host to its C2 servers.[92]"
    },
    {
        "ID":"G0034",
        "Name":"Sandworm Team",
        "Description":"Sandworm Teamhas sent system information to its C2 server using HTTP.[119]"
    },
    {
        "ID":"S0461",
        "Name":"SDBbot",
        "Description":"SDBbothas sent collected data from a compromised host to its C2 servers.[49]"
    },
    {
        "ID":"S1019",
        "Name":"Shark",
        "Description":"Sharkhas the ability to upload files from the compromised host over a DNS or HTTP C2 channel.[120]"
    },
    {
        "ID":"S1089",
        "Name":"SharpDisco",
        "Description":"SharpDiscocan load a plugin to exfiltrate stolen files to SMB shares also used in C2.[97]"
    },
    {
        "ID":"S0445",
        "Name":"ShimRatReporter",
        "Description":"ShimRatReportersent generated reports to the C2 via HTTP POST requests.[121]"
    },
    {
        "ID":"S0610",
        "Name":"SideTwist",
        "Description":"SideTwisthas exfiltrated data over its C2 channel.[122]"
    },
    {
        "ID":"S0692",
        "Name":"SILENTTRINITY",
        "Description":"SILENTTRINITYcan transfer files from an infected host to the C2 server.[123]"
    },
    {
        "ID":"S0633",
        "Name":"Sliver",
        "Description":"Slivercan exfiltrate files from the victim using thedownloadcommand.[124]"
    },
    {
        "ID":"S0533",
        "Name":"SLOTHFULMEDIA",
        "Description":"SLOTHFULMEDIAhas sent system information to a C2 server via HTTP and HTTPS POST requests.[125]"
    },
    {
        "ID":"S0649",
        "Name":"SMOKEDHAM",
        "Description":"SMOKEDHAMhas exfiltrated data to its C2 server.[126]"
    },
    {
        "ID":"S0615",
        "Name":"SombRAT",
        "Description":"SombRAThas uploaded collected data and files from a compromised host to its C2 server.[127]"
    },
    {
        "ID":"S0543",
        "Name":"Spark",
        "Description":"Sparkhas exfiltrated data over the C2 channel.[128]"
    },
    {
        "ID":"S1030",
        "Name":"Squirrelwaffle",
        "Description":"Squirrelwafflehas exfiltrated victim data using HTTP POST requests to its C2 servers.[129]"
    },
    {
        "ID":"S1037",
        "Name":"STARWHALE",
        "Description":"STARWHALEcan exfiltrate collected data to its C2 servers.[130]"
    },
    {
        "ID":"G0038",
        "Name":"Stealth Falcon",
        "Description":"After data is collected byStealth Falconmalware, it is exfiltrated over the existing C2 channel.[131]"
    },
    {
        "ID":"S1034",
        "Name":"StrifeWater",
        "Description":"StrifeWatercan send data and files from a compromised host to its C2 server.[132]"
    },
    {
        "ID":"S0491",
        "Name":"StrongPity",
        "Description":"StrongPitycan exfiltrate collected documents through C2 channels.[133][134]"
    },
    {
        "ID":"S0603",
        "Name":"Stuxnet",
        "Description":"Stuxnetsends compromised victim information via HTTP.[135]"
    },
    {
        "ID":"S1042",
        "Name":"SUGARDUMP",
        "Description":"SUGARDUMPhas sent stolen credentials and other data to its C2 server.[136]"
    },
    {
        "ID":"S1064",
        "Name":"SVCReady",
        "Description":"SVCReadycan send collected data in JSON format to its C2 server.[137]"
    },
    {
        "ID":"S0663",
        "Name":"SysUpdate",
        "Description":"SysUpdatehas exfiltrated data over its C2 channel.[138]"
    },
    {
        "ID":"S0467",
        "Name":"TajMahal",
        "Description":"TajMahalhas the ability to send collected files over its C2.[139]"
    },
    {
        "ID":"S0595",
        "Name":"ThiefQuest",
        "Description":"ThiefQuestexfiltrates targeted file extensions in the\/Users\/folder to the command and control server via unencrypted HTTP. Network packets contain a string with two pieces of information: a file path and the contents of the file in a base64 encoded string.[140][141]"
    },
    {
        "ID":"S0671",
        "Name":"Tomiris",
        "Description":"Tomiriscan upload files matching a hardcoded set of extensions, such as .doc, .docx, .pdf, and .rar, to its C2 server.[142]"
    },
    {
        "ID":"S0678",
        "Name":"Torisma",
        "Description":"Torismacan send victim data to an actor-controlled C2 server.[143]"
    },
    {
        "ID":"S0266",
        "Name":"TrickBot",
        "Description":"TrickBotcan send information about the compromised host and upload data to a hardcoded C2 server.[144][145]"
    },
    {
        "ID":"S0386",
        "Name":"Ursnif",
        "Description":"Ursnifhas used HTTP POSTs to exfil gathered information.[146][147][148]"
    },
    {
        "ID":"S0476",
        "Name":"Valak",
        "Description":"Valakhas the ability to exfiltrate data over the C2 channel.[149][150][151]"
    },
    {
        "ID":"S0670",
        "Name":"WarzoneRAT",
        "Description":"WarzoneRATcan send collected victim data to its C2 server.[152]"
    },
    {
        "ID":"G0102",
        "Name":"Wizard Spider",
        "Description":"Wizard Spiderhas exfiltrated domain credentials and network enumeration information over command and control (C2) channels.[153][154]"
    },
    {
        "ID":"S1065",
        "Name":"Woody RAT",
        "Description":"Woody RATcan exfiltrate files from an infected machine to its C2 server.[155]"
    },
    {
        "ID":"S0658",
        "Name":"XCSSET",
        "Description":"XCSSETexfiltrates data stolen from a system over its C2 channel.[156]"
    },
    {
        "ID":"S0251",
        "Name":"Zebrocy",
        "Description":"Zebrocyhas exfiltrated data to the designated C2 server using HTTP POST requests.[157][158]"
    },
    {
        "ID":"G0128",
        "Name":"ZIRCONIUM",
        "Description":"ZIRCONIUMhas exfiltrated files via the Dropbox API C2.[159]"
    },
    {
        "ID":"S0086",
        "Name":"ZLib",
        "Description":"ZLibhas sent data and files from a compromised host to its C2 servers.[92]"
    }
]