[
    {
        "ID":"DS0017",
        "Data Source":"Command",
        "Data Component":"Command Execution",
        "Detects":"Monitor executed commands and arguments that may employ various means to detect and avoid virtualization and analysis environments. Detecting actions related to virtualization and sandbox identification may be difficult depending on the adversary's implementation and monitoring required."
    },
    {
        "ID":"DS0009",
        "Data Source":"Process",
        "Data Component":"OS API Execution",
        "Detects":"Monitor for API calls that may employ various means to detect and avoid virtualization and analysis environments. Detecting actions related to virtualization and sandbox identification may be difficult depending on the adversary's implementation and monitoring required."
    },
    {
        "ID":"",
        "Data Source":"",
        "Data Component":"Process Creation",
        "Detects":"Virtualization, sandbox, user activity, and related discovery techniques will likely occur in the first steps of an operation but may also occur throughout as an adversary learns the environment. Data and events should not be viewed in isolation, but as part of a chain of behavior that could lead to other activities, such as lateral movement, based on the information obtained. Detecting actions related to virtualization and sandbox identification may be difficult depending on the adversary's implementation and monitoring required. Monitoring for suspicious processes being spawned that gather a variety of system information or perform other forms of Discovery, especially in a short period of time, may aid in detection."
    }
]