[
    {
        "ID":"M1048",
        "Mitigation":"Application Isolation and Sandboxing",
        "Description":"Make it difficult for adversaries to advance their operation through exploitation of undiscovered or unpatched vulnerabilities by using sandboxing. Other types of virtualization and application microsegmentation may also mitigate the impact of some types of exploitation. Risks of additional exploits and weaknesses in these systems may still exist.[43]"
    },
    {
        "ID":"M1038",
        "Mitigation":"Execution Prevention",
        "Description":"Consider blocking the execution of known vulnerable drivers that adversaries may exploit to execute code in kernel mode. Validate driver block rules in audit mode to ensure stability prior to production deployment.[44]"
    },
    {
        "ID":"M1050",
        "Mitigation":"Exploit Protection",
        "Description":"Security applications that look for behavior used during exploitation such as Windows Defender Exploit Guard (WDEG) and the Enhanced Mitigation Experience Toolkit (EMET) can be used to mitigate some exploitation behavior.[45]Control flow integrity checking is another way to potentially identify and stop a software exploit from occurring.[46]Many of these protections depend on the architecture and target application binary for compatibility and may not work for software components targeted for privilege escalation."
    },
    {
        "ID":"M1019",
        "Mitigation":"Threat Intelligence Program",
        "Description":"Develop a robust cyber threat intelligence capability to determine what types and levels of threat may use software exploits and 0-days against a particular organization."
    },
    {
        "ID":"M1051",
        "Mitigation":"Update Software",
        "Description":"Update software regularly by employing patch management for internal enterprise endpoints and servers."
    }
]