[
    {
        "ID":"G0096",
        "Name":"APT41",
        "Description":"APT41cloned victim user Git repositories during intrusions.[3]"
    },
    {
        "ID":"G1004",
        "Name":"LAPSUS$",
        "Description":"LAPSUS$has searched a victim's network for code repositories like GitLab and GitHub to discover further high-privilege account credentials.[4][5]"
    },
    {
        "ID":"G1015",
        "Name":"Scattered Spider",
        "Description":"Scattered Spiderenumerates data stored within victim code repositories, such as internal GitHub repositories.[6][7]"
    },
    {
        "ID":"C0024",
        "Name":"SolarWinds Compromise",
        "Description":"During theSolarWinds Compromise,APT29downloaded source code from code repositories.[8]"
    }
]