[
    {
        "ID":"G0079",
        "Name":"DarkHydrus",
        "Description":"DarkHydrususedTemplate Injectionto launch an authentication window for users to enter their credentials.[8]"
    },
    {
        "ID":"G0035",
        "Name":"Dragonfly",
        "Description":"Dragonflyhas gathered hashed user credentials over SMB using spearphishing attachments with external resource links and by modifying .LNK file icon resources to collect credentials from virtualized systems.[9][10]"
    },
    {
        "ID":"S0634",
        "Name":"EnvyScout",
        "Description":"EnvyScoutcan use protocol handlers to coax the operating system to send NTLMv2 authentication responses to attacker-controlled infrastructure.[11]"
    }
]