[
    {
        "ID":"DS0017",
        "Data Source":"Command",
        "Data Component":"Command Execution",
        "Detects":"Many of the commands used to modify ACLs and file\/directory ownership are built-in system utilities and may generate a high false positive alert rate, so compare against baseline knowledge for how systems are typically used and correlate modification events with other indications of malicious activity where possible. Commonly abused command arguments includechmod +x,chmod -R 755, andchmod 777.[3]"
    },
    {
        "ID":"DS0022",
        "Data Source":"File",
        "Data Component":"File Metadata",
        "Detects":"Monitor and investigate attempts to modify ACLs and file\/directory ownership. Consider enabling file\/directory permission change auditing on folders containing key binary\/configuration files.This looks for any invocations of chmod. Note that this is likely to be more noisy than the Windows-specific implementation, although Linux does not generate logs for system triggered activities like in Windows. In addition, it may be necessary to whitelist cron jobs that regularly run and execute chmod.Linux environment logs can be more noisy than the Windows-specific implementation, although Linux does not generate logs for system triggered activities like in Windows. In addition, it may be necessary to whitelist cron jobs that regularly run and execute chmod.Analytic 1 - Access Permission Modification for Linuxsource=\"linux:\" CommandLine=\"chmod*\""
    },
    {
        "ID":"DS0009",
        "Data Source":"Process",
        "Data Component":"Process Creation",
        "Detects":"Monitor for newly executed processes that may modify file or directory permissions\/attributes to evade access control lists (ACLs) and access protected files.[1][2]"
    }
]