[
    {
        "ID":"M1041",
        "Mitigation":"Encrypt Sensitive Information",
        "Description":"Consider encrypting important information to reduce an adversary’s ability to perform tailored data modifications."
    },
    {
        "ID":"M1030",
        "Mitigation":"Network Segmentation",
        "Description":"Identify critical business and system processes that may be targeted by adversaries and work to isolate and secure those systems against unauthorized access and tampering."
    },
    {
        "ID":"M1029",
        "Mitigation":"Remote Data Storage",
        "Description":"Consider implementing IT disaster recovery plans that contain procedures for taking regular data backups that can be used to restore organizational data.[2]Ensure backups are stored off system and is protected from common methods adversaries may use to gain access and manipulate backups."
    },
    {
        "ID":"M1022",
        "Mitigation":"Restrict File and Directory Permissions",
        "Description":"Ensure least privilege principles are applied to important information resources to reduce exposure to data manipulation risk."
    }
]