[
    {
        "ID":"S0677",
        "Name":"AADInternals",
        "Description":"AADInternalscan create a backdoor by converting a domain to a federated domain which will be able to authenticate any user across the tenant.AADInternalscan also modify DesktopSSO information.[4][5]"
    },
    {
        "ID":"G1015",
        "Name":"Scattered Spider",
        "Description":"Scattered Spideradds a federated identity provider to the victim’s SSO tenant and activates automatic account linking.[6]"
    },
    {
        "ID":"C0024",
        "Name":"SolarWinds Compromise",
        "Description":"During theSolarWinds Compromise,APT29changed domain federation trust settings using Azure AD administrative permissions to configure the domain to accept authorization tokens signed by their own SAML signing certificate.[7][8]"
    }
]