[
    {
        "ID":"DS0029",
        "Data Source":"Network Traffic",
        "Data Component":"Network Connection Creation",
        "Detects":"Monitor for newly constructed network connections that are sent or received by untrusted hosts or uncommon data flows (e.g. unusual network communications or suspicious communications sending fixed size data packets at regular intervals as well as unusually long connection patterns). Consider analyzing packet contents to detect application layer protocols, leveraging SSL\/TLS inspection for encrypted traffic, that do not follow the expected protocol standards and traffic flows (e.g extraneous packets that do not belong to established flows, protocol port mismatch, anomalous syntax, or structure). Consider correlation with process monitoring and command line to detect anomalous processes execution and command line arguments (e.g. monitor anomalies in use of files that do not normally initiate network connections or unusual connections initiated"
    },
    {
        "ID":"",
        "Data Source":"",
        "Data Component":"Network Traffic Flow",
        "Detects":"Monitor and analyze traffic flows that do not follow the expected protocol standards and traffic flows (e.g extraneous packets that do not belong to established flows, or gratuitous or anomalous traffic patterns). Consider correlation with process monitoring and command line to detect anomalous processes execution and command line arguments associated to traffic patterns (e.g. monitor anomalies in use of files that do not normally initiate connections for respective protocol(s))."
    }
]