[
    {
        "ID":"S0031",
        "Name":"BACKSPACE",
        "Description":"Newer variants ofBACKSPACEwill encode C2 communications with a custom system.[3]"
    },
    {
        "ID":"S0239",
        "Name":"Bankshot",
        "Description":"Bankshotencodes commands from the control server using a range of characters and gzip.[4]"
    },
    {
        "ID":"S0687",
        "Name":"Cyclops Blink",
        "Description":"Cyclops Blinkcan use a custom binary scheme to encode messages with specific commands and parameters to be executed.[5]"
    },
    {
        "ID":"S0260",
        "Name":"InvisiMole",
        "Description":"InvisiMolecan use a modified base32 encoding to encode data within the subdomain of C2 requests.[6]"
    },
    {
        "ID":"S1090",
        "Name":"NightClub",
        "Description":"NightClubhas used a non-standard encoding in DNS tunneling removing any=from the result of base64 encoding, and replacing\/characters with-sand+characters with-p.[7]"
    },
    {
        "ID":"S1100",
        "Name":"Ninja",
        "Description":"Ninjacan encode C2 communications with a base64 algorithm using a custom alphabet.[8]"
    },
    {
        "ID":"S0346",
        "Name":"OceanSalt",
        "Description":"OceanSaltcan encode data with a NOT operation before sending the data to the control server.[9]"
    },
    {
        "ID":"S1046",
        "Name":"PowGoop",
        "Description":"PowGoopcan use a modified Base64 encoding mechanism to send data to and from the C2 server.[10]"
    },
    {
        "ID":"S0495",
        "Name":"RDAT",
        "Description":"RDATcan communicate with the C2 via subdomains that utilize base64 with character substitutions.[11]"
    },
    {
        "ID":"S0596",
        "Name":"ShadowPad",
        "Description":"ShadowPadhas encoded data as readable Latin characters.[12]"
    },
    {
        "ID":"S1035",
        "Name":"Small Sieve",
        "Description":"Small Sievecan use a custom hex byte swapping encoding scheme to obfuscate tasking traffic.[13][14]"
    },
    {
        "ID":"S0022",
        "Name":"Uroburos",
        "Description":"Uroburoscan use a custom base62 and a de-facto base32 encoding that uses digits 0-9 and lowercase letters a-z in C2 communications.[15]"
    }
]