[
    {
        "ID":"DS0029",
        "Data Source":"Network Traffic",
        "Data Component":"Network Connection Creation",
        "Detects":"Monitor for newly constructed network connections that may use fallback or alternate communication channels if the primary channel is compromised or inaccessible in order to maintain reliable command and control and to avoid data transfer thresholds. Processes utilizing the network that do not normally have network communication or have never been seen before may be suspicious.Note: Network Analysis frameworks such as Zeek can be used to capture, decode, and alert on TCP network connection creation. The below analytic is using an event ID from OSQuery."
    },
    {
        "ID":"",
        "Data Source":"",
        "Data Component":"Network Traffic Flow",
        "Detects":"Monitor network data for uncommon data flows, such as unexpected surges or other abnormal inbound\/outbound patterns."
    }
]