[
    {
        "ID":"G0007",
        "Name":"APT28",
        "Description":"APT28has staged archives of collected data on a target's Outlook Web Access (OWA) server.[2]"
    },
    {
        "ID":"S1043",
        "Name":"ccf32",
        "Description":"ccf32has copied files to a remote machine infected withChinoxyor another backdoor.[3]"
    },
    {
        "ID":"G0114",
        "Name":"Chimera",
        "Description":"Chimerahas staged stolen data on designated servers in the target environment.[4]"
    },
    {
        "ID":"G0037",
        "Name":"FIN6",
        "Description":"FIN6actors have compressed data from remote systems and moved it to another staging system before exfiltration.[5]"
    },
    {
        "ID":"G0061",
        "Name":"FIN8",
        "Description":"FIN8aggregates staged data from a network into a single location.[6]"
    },
    {
        "ID":"G0065",
        "Name":"Leviathan",
        "Description":"Leviathanhas staged data remotely prior to exfiltration.[7]"
    },
    {
        "ID":"G0045",
        "Name":"menuPass",
        "Description":"menuPasshas staged data on remote MSP systems or other victim networks prior to exfiltration.[8][9]"
    },
    {
        "ID":"G1019",
        "Name":"MoustachedBouncer",
        "Description":"MoustachedBouncerhas used plugins to save captured screenshots to.\\AActdata\\on an SMB share.[10]"
    },
    {
        "ID":"C0002",
        "Name":"Night Dragon",
        "Description":"DuringNight Dragon, threat actors copied files to company web servers and subsequently downloaded them.[11]"
    },
    {
        "ID":"C0024",
        "Name":"SolarWinds Compromise",
        "Description":"During theSolarWinds Compromise,APT29staged data and files in password-protected archives on a victim's OWA server.[12]"
    },
    {
        "ID":"G0027",
        "Name":"Threat Group-3390",
        "Description":"Threat Group-3390has moved staged encrypted archives to Internet-facing servers that had previously been compromised withChina Chopperprior to exfiltration.[13]"
    },
    {
        "ID":"G1022",
        "Name":"ToddyCat",
        "Description":"ToddyCatmanually transferred collected files to an exfiltration host using xcopy.[14]"
    }
]