[
    {
        "ID":"S0367",
        "Name":"Emotet",
        "Description":"Emotethas been observed leveraging a module that can scrape email addresses from Outlook.[1][2][3]"
    },
    {
        "ID":"G0059",
        "Name":"Magic Hound",
        "Description":"Magic Houndhas compromised email credentials in order to steal sensitive data.[4]"
    },
    {
        "ID":"G0122",
        "Name":"Silent Librarian",
        "Description":"Silent Librarianhas exfiltrated entire mailboxes from compromised accounts.[5]"
    }
]