[
    {
        "ID":"S0600",
        "Name":"Doki",
        "Description":"Doki’s container was configured to bind the host root directory.[4]"
    },
    {
        "ID":"S0601",
        "Name":"Hildegard",
        "Description":"Hildegardhas used the BOtB tool that can break out of containers.[9]"
    },
    {
        "ID":"S0683",
        "Name":"Peirates",
        "Description":"Peiratescan gain a reverse shell on a host node by mounting the Kubernetes hostPath.[10]"
    },
    {
        "ID":"S0623",
        "Name":"Siloscape",
        "Description":"Siloscapemaps the host’s C drive to the container by creating a global symbolic link to the host through the calling ofNtSetInformationSymbolicLink.[11]"
    },
    {
        "ID":"G0139",
        "Name":"TeamTNT",
        "Description":"TeamTNThas deployed privileged containers that mount the filesystem of victim machine.[12][13]"
    }
]